solid Mesh
  facet normal 0.03831 -0.706589 -0.706587
    outer loop
      vertex 1.22465e-18 -0.02 0.0004
      vertex 0.00211913 -0.0194851 0
      vertex 0.00216238 -0.0198828 0.0004
    endloop
  endfacet
  facet normal 0.114481 -0.698304 -0.706587
    outer loop
      vertex 0.00211913 -0.0194851 0
      vertex 0.00421342 -0.0191418 0
      vertex 0.00216238 -0.0198828 0.0004
    endloop
  endfacet
  facet normal 0.114481 -0.698305 -0.706587
    outer loop
      vertex 0.00216238 -0.0198828 0.0004
      vertex 0.00421342 -0.0191418 0
      vertex 0.00429941 -0.0195324 0.0004
    endloop
  endfacet
  facet normal 0.189311 -0.681833 -0.706587
    outer loop
      vertex 0.00421342 -0.0191418 0
      vertex 0.00625831 -0.018574 0
      vertex 0.00429941 -0.0195324 0.0004
    endloop
  endfacet
  facet normal 0.18931 -0.681832 -0.706588
    outer loop
      vertex 0.00429941 -0.0195324 0.0004
      vertex 0.00625831 -0.018574 0
      vertex 0.00638603 -0.0189531 0.0004
    endloop
  endfacet
  facet normal 0.261919 -0.657368 -0.706588
    outer loop
      vertex 0.00625831 -0.018574 0
      vertex 0.00822983 -0.0177885 0
      vertex 0.00638603 -0.0189531 0.0004
    endloop
  endfacet
  facet normal 0.261919 -0.657368 -0.706587
    outer loop
      vertex 0.00638603 -0.0189531 0.0004
      vertex 0.00822983 -0.0177885 0
      vertex 0.00839778 -0.0181515 0.0004
    endloop
  endfacet
  facet normal 0.331458 -0.625196 -0.706587
    outer loop
      vertex 0.00822983 -0.0177885 0
      vertex 0.0101049 -0.0167944 0
      vertex 0.00839778 -0.0181515 0.0004
    endloop
  endfacet
  facet normal 0.331457 -0.625195 -0.706588
    outer loop
      vertex 0.00839778 -0.0181515 0.0004
      vertex 0.0101049 -0.0167944 0
      vertex 0.0103111 -0.0171371 0.0004
    endloop
  endfacet
  facet normal 0.39711 -0.585693 -0.706588
    outer loop
      vertex 0.0101049 -0.0167944 0
      vertex 0.0118614 -0.0156034 0
      vertex 0.0103111 -0.0171371 0.0004
    endloop
  endfacet
  facet normal 0.397111 -0.585694 -0.706587
    outer loop
      vertex 0.0103111 -0.0171371 0.0004
      vertex 0.0118614 -0.0156034 0
      vertex 0.0121035 -0.0159219 0.0004
    endloop
  endfacet
  facet normal 0.458107 -0.539326 -0.706587
    outer loop
      vertex 0.0118614 -0.0156034 0
      vertex 0.0134789 -0.0142295 0
      vertex 0.0121035 -0.0159219 0.0004
    endloop
  endfacet
  facet normal 0.458108 -0.539326 -0.706587
    outer loop
      vertex 0.0121035 -0.0159219 0.0004
      vertex 0.0134789 -0.0142295 0
      vertex 0.013754 -0.0145199 0.0004
    endloop
  endfacet
  facet normal 0.513734 -0.486634 -0.706587
    outer loop
      vertex 0.0134789 -0.0142295 0
      vertex 0.0149384 -0.0126888 0
      vertex 0.013754 -0.0145199 0.0004
    endloop
  endfacet
  facet normal 0.513732 -0.486633 -0.706589
    outer loop
      vertex 0.013754 -0.0145199 0.0004
      vertex 0.0149384 -0.0126888 0
      vertex 0.0152432 -0.0129477 0.0004
    endloop
  endfacet
  facet normal 0.563335 -0.428236 -0.706589
    outer loop
      vertex 0.0149384 -0.0126888 0
      vertex 0.0162227 -0.0109993 0
      vertex 0.0152432 -0.0129477 0.0004
    endloop
  endfacet
  facet normal 0.563336 -0.428236 -0.706588
    outer loop
      vertex 0.0152432 -0.0129477 0.0004
      vertex 0.0162227 -0.0109993 0
      vertex 0.0165538 -0.0112237 0.0004
    endloop
  endfacet
  facet normal 0.606334 -0.364819 -0.706588
    outer loop
      vertex 0.0162227 -0.0109993 0
      vertex 0.0173168 -0.00918081 0
      vertex 0.0165538 -0.0112237 0.0004
    endloop
  endfacet
  facet normal 0.606335 -0.36482 -0.706587
    outer loop
      vertex 0.0165538 -0.0112237 0.0004
      vertex 0.0173168 -0.00918081 0
      vertex 0.0176702 -0.00936817 0.0004
    endloop
  endfacet
  facet normal 0.642225 -0.297124 -0.706587
    outer loop
      vertex 0.0173168 -0.00918081 0
      vertex 0.0182079 -0.00725471 0
      vertex 0.0176702 -0.00936817 0.0004
    endloop
  endfacet
  facet normal 0.642222 -0.297124 -0.706589
    outer loop
      vertex 0.0176702 -0.00936817 0.0004
      vertex 0.0182079 -0.00725471 0
      vertex 0.0185795 -0.00740276 0.0004
    endloop
  endfacet
  facet normal 0.670582 -0.225945 -0.706589
    outer loop
      vertex 0.0182079 -0.00725471 0
      vertex 0.0188856 -0.00524356 0
      vertex 0.0185795 -0.00740276 0.0004
    endloop
  endfacet
  facet normal 0.670583 -0.225945 -0.706588
    outer loop
      vertex 0.0185795 -0.00740276 0.0004
      vertex 0.0188856 -0.00524356 0
      vertex 0.019271 -0.00535057 0.0004
    endloop
  endfacet
  facet normal 0.691081 -0.152119 -0.706588
    outer loop
      vertex 0.0188856 -0.00524356 0
      vertex 0.0193418 -0.00317093 0
      vertex 0.019271 -0.00535057 0.0004
    endloop
  endfacet
  facet normal 0.691082 -0.152119 -0.706587
    outer loop
      vertex 0.019271 -0.00535057 0.0004
      vertex 0.0193418 -0.00317093 0
      vertex 0.0197365 -0.00323564 0.0004
    endloop
  endfacet
  facet normal 0.703478 -0.0765074 -0.706587
    outer loop
      vertex 0.0193418 -0.00317093 0
      vertex 0.0195713 -0.00106112 0
      vertex 0.0197365 -0.00323564 0.0004
    endloop
  endfacet
  facet normal 0.703476 -0.0765078 -0.706589
    outer loop
      vertex 0.0197365 -0.00323564 0.0004
      vertex 0.0195713 -0.00106112 0
      vertex 0.0199707 -0.00108278 0.0004
    endloop
  endfacet
  facet normal 0.707625 0 -0.706589
    outer loop
      vertex 0.0195713 -0.00106112 0
      vertex 0.0195713 0.00106112 0
      vertex 0.0199707 -0.00108278 0.0004
    endloop
  endfacet
  facet normal 0.707625 0 -0.706589
    outer loop
      vertex 0.0199707 -0.00108278 0.0004
      vertex 0.0195713 0.00106112 0
      vertex 0.0199707 0.00108278 0.0004
    endloop
  endfacet
  facet normal 0.703476 0.0765072 -0.706589
    outer loop
      vertex 0.0195713 0.00106112 0
      vertex 0.0193418 0.00317093 0
      vertex 0.0199707 0.00108278 0.0004
    endloop
  endfacet
  facet normal 0.703478 0.076508 -0.706587
    outer loop
      vertex 0.0199707 0.00108278 0.0004
      vertex 0.0193418 0.00317093 0
      vertex 0.0197365 0.00323564 0.0004
    endloop
  endfacet
  facet normal 0.691082 0.152119 -0.706587
    outer loop
      vertex 0.0193418 0.00317093 0
      vertex 0.0188856 0.00524356 0
      vertex 0.0197365 0.00323564 0.0004
    endloop
  endfacet
  facet normal 0.691081 0.152119 -0.706588
    outer loop
      vertex 0.0197365 0.00323564 0.0004
      vertex 0.0188856 0.00524356 0
      vertex 0.019271 0.00535057 0.0004
    endloop
  endfacet
  facet normal 0.670583 0.225946 -0.706588
    outer loop
      vertex 0.0188856 0.00524356 0
      vertex 0.0182079 0.00725471 0
      vertex 0.019271 0.00535057 0.0004
    endloop
  endfacet
  facet normal 0.670582 0.225945 -0.706589
    outer loop
      vertex 0.019271 0.00535057 0.0004
      vertex 0.0182079 0.00725471 0
      vertex 0.0185795 0.00740276 0.0004
    endloop
  endfacet
  facet normal 0.642223 0.297123 -0.706589
    outer loop
      vertex 0.0182079 0.00725471 0
      vertex 0.0173168 0.00918081 0
      vertex 0.0185795 0.00740276 0.0004
    endloop
  endfacet
  facet normal 0.642224 0.297125 -0.706587
    outer loop
      vertex 0.0185795 0.00740276 0.0004
      vertex 0.0173168 0.00918081 0
      vertex 0.0176702 0.00936817 0.0004
    endloop
  endfacet
  facet normal 0.606335 0.36482 -0.706587
    outer loop
      vertex 0.0173168 0.00918081 0
      vertex 0.0162227 0.0109993 0
      vertex 0.0176702 0.00936817 0.0004
    endloop
  endfacet
  facet normal 0.606334 0.364819 -0.706588
    outer loop
      vertex 0.0176702 0.00936817 0.0004
      vertex 0.0162227 0.0109993 0
      vertex 0.0165538 0.0112237 0.0004
    endloop
  endfacet
  facet normal 0.563336 0.428237 -0.706588
    outer loop
      vertex 0.0162227 0.0109993 0
      vertex 0.0149384 0.0126888 0
      vertex 0.0165538 0.0112237 0.0004
    endloop
  endfacet
  facet normal 0.563335 0.428236 -0.706589
    outer loop
      vertex 0.0165538 0.0112237 0.0004
      vertex 0.0149384 0.0126888 0
      vertex 0.0152432 0.0129477 0.0004
    endloop
  endfacet
  facet normal 0.513732 0.486633 -0.706589
    outer loop
      vertex 0.0149384 0.0126888 0
      vertex 0.0134789 0.0142295 0
      vertex 0.0152432 0.0129477 0.0004
    endloop
  endfacet
  facet normal 0.513733 0.486634 -0.706587
    outer loop
      vertex 0.0152432 0.0129477 0.0004
      vertex 0.0134789 0.0142295 0
      vertex 0.013754 0.0145199 0.0004
    endloop
  endfacet
  facet normal 0.458107 0.539326 -0.706587
    outer loop
      vertex 0.0134789 0.0142295 0
      vertex 0.0118614 0.0156034 0
      vertex 0.013754 0.0145199 0.0004
    endloop
  endfacet
  facet normal 0.458107 0.539326 -0.706587
    outer loop
      vertex 0.013754 0.0145199 0.0004
      vertex 0.0118614 0.0156034 0
      vertex 0.0121035 0.0159219 0.0004
    endloop
  endfacet
  facet normal 0.39711 0.585694 -0.706587
    outer loop
      vertex 0.0118614 0.0156034 0
      vertex 0.0101049 0.0167944 0
      vertex 0.0121035 0.0159219 0.0004
    endloop
  endfacet
  facet normal 0.39711 0.585693 -0.706588
    outer loop
      vertex 0.0121035 0.0159219 0.0004
      vertex 0.0101049 0.0167944 0
      vertex 0.0103111 0.0171371 0.0004
    endloop
  endfacet
  facet normal 0.331458 0.625195 -0.706588
    outer loop
      vertex 0.0101049 0.0167944 0
      vertex 0.00822983 0.0177885 0
      vertex 0.0103111 0.0171371 0.0004
    endloop
  endfacet
  facet normal 0.331458 0.625196 -0.706587
    outer loop
      vertex 0.0103111 0.0171371 0.0004
      vertex 0.00822983 0.0177885 0
      vertex 0.00839778 0.0181515 0.0004
    endloop
  endfacet
  facet normal 0.261919 0.657368 -0.706587
    outer loop
      vertex 0.00822983 0.0177885 0
      vertex 0.00625831 0.018574 0
      vertex 0.00839778 0.0181515 0.0004
    endloop
  endfacet
  facet normal 0.261919 0.657368 -0.706588
    outer loop
      vertex 0.00839778 0.0181515 0.0004
      vertex 0.00625831 0.018574 0
      vertex 0.00638603 0.0189531 0.0004
    endloop
  endfacet
  facet normal 0.18931 0.681832 -0.706588
    outer loop
      vertex 0.00625831 0.018574 0
      vertex 0.00421342 0.0191418 0
      vertex 0.00638603 0.0189531 0.0004
    endloop
  endfacet
  facet normal 0.18931 0.681834 -0.706587
    outer loop
      vertex 0.00638603 0.0189531 0.0004
      vertex 0.00421342 0.0191418 0
      vertex 0.00429941 0.0195324 0.0004
    endloop
  endfacet
  facet normal 0.114481 0.698305 -0.706587
    outer loop
      vertex 0.00421342 0.0191418 0
      vertex 0.00211913 0.0194851 0
      vertex 0.00429941 0.0195324 0.0004
    endloop
  endfacet
  facet normal 0.114481 0.698304 -0.706587
    outer loop
      vertex 0.00429941 0.0195324 0.0004
      vertex 0.00211913 0.0194851 0
      vertex 0.00216238 0.0198828 0.0004
    endloop
  endfacet
  facet normal 0.0383099 0.706589 -0.706587
    outer loop
      vertex 0.00211913 0.0194851 0
      vertex -1.62081e-17 0.0196 0
      vertex 0.00216238 0.0198828 0.0004
    endloop
  endfacet
  facet normal 0.03831 0.706588 -0.706587
    outer loop
      vertex 0.00216238 0.0198828 0.0004
      vertex -1.62081e-17 0.0196 0
      vertex -1.65389e-17 0.02 0.0004
    endloop
  endfacet
  facet normal -0.0383099 0.706588 -0.706587
    outer loop
      vertex -1.62081e-17 0.0196 0
      vertex -0.00211913 0.0194851 0
      vertex -1.65389e-17 0.02 0.0004
    endloop
  endfacet
  facet normal -0.03831 0.706589 -0.706587
    outer loop
      vertex -1.65389e-17 0.02 0.0004
      vertex -0.00211913 0.0194851 0
      vertex -0.00216238 0.0198828 0.0004
    endloop
  endfacet
  facet normal -0.114481 0.698304 -0.706587
    outer loop
      vertex -0.00211913 0.0194851 0
      vertex -0.00421342 0.0191418 0
      vertex -0.00216238 0.0198828 0.0004
    endloop
  endfacet
  facet normal -0.114481 0.698305 -0.706587
    outer loop
      vertex -0.00216238 0.0198828 0.0004
      vertex -0.00421342 0.0191418 0
      vertex -0.00429941 0.0195324 0.0004
    endloop
  endfacet
  facet normal -0.189311 0.681833 -0.706587
    outer loop
      vertex -0.00421342 0.0191418 0
      vertex -0.00625831 0.018574 0
      vertex -0.00429941 0.0195324 0.0004
    endloop
  endfacet
  facet normal -0.18931 0.681832 -0.706588
    outer loop
      vertex -0.00429941 0.0195324 0.0004
      vertex -0.00625831 0.018574 0
      vertex -0.00638603 0.0189531 0.0004
    endloop
  endfacet
  facet normal -0.261919 0.657368 -0.706588
    outer loop
      vertex -0.00625831 0.018574 0
      vertex -0.00822983 0.0177885 0
      vertex -0.00638603 0.0189531 0.0004
    endloop
  endfacet
  facet normal -0.261919 0.657368 -0.706587
    outer loop
      vertex -0.00638603 0.0189531 0.0004
      vertex -0.00822983 0.0177885 0
      vertex -0.00839778 0.0181515 0.0004
    endloop
  endfacet
  facet normal -0.331458 0.625196 -0.706587
    outer loop
      vertex -0.00822983 0.0177885 0
      vertex -0.0101049 0.0167944 0
      vertex -0.00839778 0.0181515 0.0004
    endloop
  endfacet
  facet normal -0.331457 0.625195 -0.706588
    outer loop
      vertex -0.00839778 0.0181515 0.0004
      vertex -0.0101049 0.0167944 0
      vertex -0.0103111 0.0171371 0.0004
    endloop
  endfacet
  facet normal -0.39711 0.585693 -0.706588
    outer loop
      vertex -0.0101049 0.0167944 0
      vertex -0.0118614 0.0156034 0
      vertex -0.0103111 0.0171371 0.0004
    endloop
  endfacet
  facet normal -0.397111 0.585694 -0.706587
    outer loop
      vertex -0.0103111 0.0171371 0.0004
      vertex -0.0118614 0.0156034 0
      vertex -0.0121035 0.0159219 0.0004
    endloop
  endfacet
  facet normal -0.458107 0.539326 -0.706587
    outer loop
      vertex -0.0118614 0.0156034 0
      vertex -0.0134789 0.0142295 0
      vertex -0.0121035 0.0159219 0.0004
    endloop
  endfacet
  facet normal -0.458108 0.539326 -0.706587
    outer loop
      vertex -0.0121035 0.0159219 0.0004
      vertex -0.0134789 0.0142295 0
      vertex -0.013754 0.0145199 0.0004
    endloop
  endfacet
  facet normal -0.513734 0.486634 -0.706587
    outer loop
      vertex -0.0134789 0.0142295 0
      vertex -0.0149384 0.0126888 0
      vertex -0.013754 0.0145199 0.0004
    endloop
  endfacet
  facet normal -0.513732 0.486633 -0.706589
    outer loop
      vertex -0.013754 0.0145199 0.0004
      vertex -0.0149384 0.0126888 0
      vertex -0.0152432 0.0129477 0.0004
    endloop
  endfacet
  facet normal -0.563335 0.428236 -0.706589
    outer loop
      vertex -0.0149384 0.0126888 0
      vertex -0.0162227 0.0109993 0
      vertex -0.0152432 0.0129477 0.0004
    endloop
  endfacet
  facet normal -0.563336 0.428236 -0.706588
    outer loop
      vertex -0.0152432 0.0129477 0.0004
      vertex -0.0162227 0.0109993 0
      vertex -0.0165538 0.0112237 0.0004
    endloop
  endfacet
  facet normal -0.606334 0.364819 -0.706588
    outer loop
      vertex -0.0162227 0.0109993 0
      vertex -0.0173168 0.00918081 0
      vertex -0.0165538 0.0112237 0.0004
    endloop
  endfacet
  facet normal -0.606335 0.36482 -0.706587
    outer loop
      vertex -0.0165538 0.0112237 0.0004
      vertex -0.0173168 0.00918081 0
      vertex -0.0176702 0.00936817 0.0004
    endloop
  endfacet
  facet normal -0.642225 0.297124 -0.706587
    outer loop
      vertex -0.0173168 0.00918081 0
      vertex -0.0182079 0.00725471 0
      vertex -0.0176702 0.00936817 0.0004
    endloop
  endfacet
  facet normal -0.642222 0.297124 -0.706589
    outer loop
      vertex -0.0176702 0.00936817 0.0004
      vertex -0.0182079 0.00725471 0
      vertex -0.0185795 0.00740276 0.0004
    endloop
  endfacet
  facet normal -0.670582 0.225945 -0.706589
    outer loop
      vertex -0.0182079 0.00725471 0
      vertex -0.0188856 0.00524356 0
      vertex -0.0185795 0.00740276 0.0004
    endloop
  endfacet
  facet normal -0.670583 0.225945 -0.706588
    outer loop
      vertex -0.0185795 0.00740276 0.0004
      vertex -0.0188856 0.00524356 0
      vertex -0.019271 0.00535057 0.0004
    endloop
  endfacet
  facet normal -0.691081 0.152119 -0.706588
    outer loop
      vertex -0.0188856 0.00524356 0
      vertex -0.0193418 0.00317093 0
      vertex -0.019271 0.00535057 0.0004
    endloop
  endfacet
  facet normal -0.691082 0.152119 -0.706587
    outer loop
      vertex -0.019271 0.00535057 0.0004
      vertex -0.0193418 0.00317093 0
      vertex -0.0197365 0.00323564 0.0004
    endloop
  endfacet
  facet normal -0.703478 0.0765074 -0.706587
    outer loop
      vertex -0.0193418 0.00317093 0
      vertex -0.0195713 0.00106112 0
      vertex -0.0197365 0.00323564 0.0004
    endloop
  endfacet
  facet normal -0.703476 0.0765078 -0.706589
    outer loop
      vertex -0.0197365 0.00323564 0.0004
      vertex -0.0195713 0.00106112 0
      vertex -0.0199707 0.00108278 0.0004
    endloop
  endfacet
  facet normal -0.707625 0 -0.706589
    outer loop
      vertex -0.0195713 0.00106112 0
      vertex -0.0195713 -0.00106112 0
      vertex -0.0199707 0.00108278 0.0004
    endloop
  endfacet
  facet normal -0.707625 0 -0.706589
    outer loop
      vertex -0.0199707 0.00108278 0.0004
      vertex -0.0195713 -0.00106112 0
      vertex -0.0199707 -0.00108278 0.0004
    endloop
  endfacet
  facet normal -0.703476 -0.0765072 -0.706589
    outer loop
      vertex -0.0195713 -0.00106112 0
      vertex -0.0193418 -0.00317093 0
      vertex -0.0199707 -0.00108278 0.0004
    endloop
  endfacet
  facet normal -0.703478 -0.076508 -0.706587
    outer loop
      vertex -0.0199707 -0.00108278 0.0004
      vertex -0.0193418 -0.00317093 0
      vertex -0.0197365 -0.00323564 0.0004
    endloop
  endfacet
  facet normal -0.691082 -0.152119 -0.706587
    outer loop
      vertex -0.0193418 -0.00317093 0
      vertex -0.0188856 -0.00524356 0
      vertex -0.0197365 -0.00323564 0.0004
    endloop
  endfacet
  facet normal -0.691081 -0.152119 -0.706588
    outer loop
      vertex -0.0197365 -0.00323564 0.0004
      vertex -0.0188856 -0.00524356 0
      vertex -0.019271 -0.00535057 0.0004
    endloop
  endfacet
  facet normal -0.670583 -0.225946 -0.706588
    outer loop
      vertex -0.0188856 -0.00524356 0
      vertex -0.0182079 -0.00725471 0
      vertex -0.019271 -0.00535057 0.0004
    endloop
  endfacet
  facet normal -0.670582 -0.225945 -0.706589
    outer loop
      vertex -0.019271 -0.00535057 0.0004
      vertex -0.0182079 -0.00725471 0
      vertex -0.0185795 -0.00740276 0.0004
    endloop
  endfacet
  facet normal -0.642223 -0.297123 -0.706589
    outer loop
      vertex -0.0182079 -0.00725471 0
      vertex -0.0173168 -0.00918081 0
      vertex -0.0185795 -0.00740276 0.0004
    endloop
  endfacet
  facet normal -0.642224 -0.297125 -0.706587
    outer loop
      vertex -0.0185795 -0.00740276 0.0004
      vertex -0.0173168 -0.00918081 0
      vertex -0.0176702 -0.00936817 0.0004
    endloop
  endfacet
  facet normal -0.606335 -0.36482 -0.706587
    outer loop
      vertex -0.0173168 -0.00918081 0
      vertex -0.0162227 -0.0109993 0
      vertex -0.0176702 -0.00936817 0.0004
    endloop
  endfacet
  facet normal -0.606334 -0.364819 -0.706588
    outer loop
      vertex -0.0176702 -0.00936817 0.0004
      vertex -0.0162227 -0.0109993 0
      vertex -0.0165538 -0.0112237 0.0004
    endloop
  endfacet
  facet normal -0.563336 -0.428237 -0.706588
    outer loop
      vertex -0.0162227 -0.0109993 0
      vertex -0.0149384 -0.0126888 0
      vertex -0.0165538 -0.0112237 0.0004
    endloop
  endfacet
  facet normal -0.563335 -0.428236 -0.706589
    outer loop
      vertex -0.0165538 -0.0112237 0.0004
      vertex -0.0149384 -0.0126888 0
      vertex -0.0152432 -0.0129477 0.0004
    endloop
  endfacet
  facet normal -0.513732 -0.486633 -0.706589
    outer loop
      vertex -0.0149384 -0.0126888 0
      vertex -0.0134789 -0.0142295 0
      vertex -0.0152432 -0.0129477 0.0004
    endloop
  endfacet
  facet normal -0.513733 -0.486634 -0.706587
    outer loop
      vertex -0.0152432 -0.0129477 0.0004
      vertex -0.0134789 -0.0142295 0
      vertex -0.013754 -0.0145199 0.0004
    endloop
  endfacet
  facet normal -0.458107 -0.539326 -0.706587
    outer loop
      vertex -0.0134789 -0.0142295 0
      vertex -0.0118614 -0.0156034 0
      vertex -0.013754 -0.0145199 0.0004
    endloop
  endfacet
  facet normal -0.458107 -0.539326 -0.706587
    outer loop
      vertex -0.013754 -0.0145199 0.0004
      vertex -0.0118614 -0.0156034 0
      vertex -0.0121035 -0.0159219 0.0004
    endloop
  endfacet
  facet normal -0.39711 -0.585694 -0.706587
    outer loop
      vertex -0.0118614 -0.0156034 0
      vertex -0.0101049 -0.0167944 0
      vertex -0.0121035 -0.0159219 0.0004
    endloop
  endfacet
  facet normal -0.39711 -0.585693 -0.706588
    outer loop
      vertex -0.0121035 -0.0159219 0.0004
      vertex -0.0101049 -0.0167944 0
      vertex -0.0103111 -0.0171371 0.0004
    endloop
  endfacet
  facet normal -0.331458 -0.625195 -0.706588
    outer loop
      vertex -0.0101049 -0.0167944 0
      vertex -0.00822983 -0.0177885 0
      vertex -0.0103111 -0.0171371 0.0004
    endloop
  endfacet
  facet normal -0.331458 -0.625196 -0.706587
    outer loop
      vertex -0.0103111 -0.0171371 0.0004
      vertex -0.00822983 -0.0177885 0
      vertex -0.00839778 -0.0181515 0.0004
    endloop
  endfacet
  facet normal -0.261919 -0.657368 -0.706587
    outer loop
      vertex -0.00822983 -0.0177885 0
      vertex -0.00625831 -0.018574 0
      vertex -0.00839778 -0.0181515 0.0004
    endloop
  endfacet
  facet normal -0.261919 -0.657368 -0.706588
    outer loop
      vertex -0.00839778 -0.0181515 0.0004
      vertex -0.00625831 -0.018574 0
      vertex -0.00638603 -0.0189531 0.0004
    endloop
  endfacet
  facet normal -0.18931 -0.681832 -0.706588
    outer loop
      vertex -0.00625831 -0.018574 0
      vertex -0.00421342 -0.0191418 0
      vertex -0.00638603 -0.0189531 0.0004
    endloop
  endfacet
  facet normal -0.18931 -0.681834 -0.706587
    outer loop
      vertex -0.00638603 -0.0189531 0.0004
      vertex -0.00421342 -0.0191418 0
      vertex -0.00429941 -0.0195324 0.0004
    endloop
  endfacet
  facet normal -0.114481 -0.698305 -0.706587
    outer loop
      vertex -0.00421342 -0.0191418 0
      vertex -0.00211913 -0.0194851 0
      vertex -0.00429941 -0.0195324 0.0004
    endloop
  endfacet
  facet normal -0.114481 -0.698304 -0.706587
    outer loop
      vertex -0.00429941 -0.0195324 0.0004
      vertex -0.00211913 -0.0194851 0
      vertex -0.00216238 -0.0198828 0.0004
    endloop
  endfacet
  facet normal -0.0383099 -0.706589 -0.706587
    outer loop
      vertex -0.00211913 -0.0194851 0
      vertex -3.60046e-18 -0.0196 0
      vertex -0.00216238 -0.0198828 0.0004
    endloop
  endfacet
  facet normal -0.03831 -0.706588 -0.706587
    outer loop
      vertex -0.00216238 -0.0198828 0.0004
      vertex -3.60046e-18 -0.0196 0
      vertex 1.22465e-18 -0.02 0.0004
    endloop
  endfacet
  facet normal 0.0383099 -0.706588 -0.706587
    outer loop
      vertex -3.60046e-18 -0.0196 0
      vertex 0.00211913 -0.0194851 0
      vertex 1.22465e-18 -0.02 0.0004
    endloop
  endfacet
  facet normal -0.0665983 -0.99778 0
    outer loop
      vertex -0.000499251 -0.0199938 0.009
      vertex -0.000499251 -0.0199938 0.0126
      vertex -0.00216238 -0.0198828 0.0126
    endloop
  endfacet
  facet normal 0.0666171 -0.997779 0
    outer loop
      vertex 0.00216238 -0.0198828 0.0126
      vertex 0.0005 -0.0199937 0.0126
      vertex 0.0005 -0.0199937 0.009
    endloop
  endfacet
  facet normal 0.994138 -0.108119 0
    outer loop
      vertex 0.0199707 -0.00108278 0.0004
      vertex 0.0197365 -0.00323564 0.0126
      vertex 0.0197365 -0.00323564 0.0004
    endloop
  endfacet
  facet normal 0.976621 -0.214971 0
    outer loop
      vertex 0.0197365 -0.00323564 0.0126
      vertex 0.019271 -0.00535057 0.0126
      vertex 0.0197365 -0.00323564 0.0004
    endloop
  endfacet
  facet normal 0.976621 -0.214971 0
    outer loop
      vertex 0.0197365 -0.00323564 0.0004
      vertex 0.019271 -0.00535057 0.0126
      vertex 0.019271 -0.00535057 0.0004
    endloop
  endfacet
  facet normal 0.947653 -0.319301 0
    outer loop
      vertex 0.019271 -0.00535057 0.0126
      vertex 0.0185795 -0.00740276 0.0126
      vertex 0.019271 -0.00535057 0.0004
    endloop
  endfacet
  facet normal 0.947653 -0.319301 0
    outer loop
      vertex 0.019271 -0.00535057 0.0004
      vertex 0.0185795 -0.00740276 0.0126
      vertex 0.0185795 -0.00740276 0.0004
    endloop
  endfacet
  facet normal 0.907575 -0.41989 0
    outer loop
      vertex 0.0185795 -0.00740276 0.0126
      vertex 0.0176702 -0.00936817 0.0126
      vertex 0.0185795 -0.00740276 0.0004
    endloop
  endfacet
  facet normal 0.907575 -0.41989 0
    outer loop
      vertex 0.0185795 -0.00740276 0.0004
      vertex 0.0176702 -0.00936817 0.0126
      vertex 0.0176702 -0.00936817 0.0004
    endloop
  endfacet
  facet normal 0.856857 -0.515554 0
    outer loop
      vertex 0.0176702 -0.00936817 0.0126
      vertex 0.0165538 -0.0112237 0.0126
      vertex 0.0176702 -0.00936817 0.0004
    endloop
  endfacet
  facet normal 0.856857 -0.515554 0
    outer loop
      vertex 0.0176702 -0.00936817 0.0004
      vertex 0.0165538 -0.0112237 0.0126
      vertex 0.0165538 -0.0112237 0.0004
    endloop
  endfacet
  facet normal 0.796093 -0.605174 0
    outer loop
      vertex 0.0165538 -0.0112237 0.0126
      vertex 0.0152432 -0.0129477 0.0126
      vertex 0.0165538 -0.0112237 0.0004
    endloop
  endfacet
  facet normal 0.796093 -0.605174 0
    outer loop
      vertex 0.0165538 -0.0112237 0.0004
      vertex 0.0152432 -0.0129477 0.0126
      vertex 0.0152432 -0.0129477 0.0004
    endloop
  endfacet
  facet normal 0.725995 -0.6877 0
    outer loop
      vertex 0.0152432 -0.0129477 0.0126
      vertex 0.013754 -0.0145199 0.0126
      vertex 0.0152432 -0.0129477 0.0004
    endloop
  endfacet
  facet normal 0.725995 -0.6877 0
    outer loop
      vertex 0.0152432 -0.0129477 0.0004
      vertex 0.013754 -0.0145199 0.0126
      vertex 0.013754 -0.0145199 0.0004
    endloop
  endfacet
  facet normal 0.647386 -0.762162 0
    outer loop
      vertex 0.013754 -0.0145199 0.0126
      vertex 0.0121035 -0.0159219 0.0126
      vertex 0.013754 -0.0145199 0.0004
    endloop
  endfacet
  facet normal 0.647386 -0.762162 0
    outer loop
      vertex 0.013754 -0.0145199 0.0004
      vertex 0.0121035 -0.0159219 0.0126
      vertex 0.0121035 -0.0159219 0.0004
    endloop
  endfacet
  facet normal 0.561187 -0.827689 0
    outer loop
      vertex 0.0121035 -0.0159219 0.0126
      vertex 0.0103111 -0.0171371 0.0126
      vertex 0.0121035 -0.0159219 0.0004
    endloop
  endfacet
  facet normal 0.561187 -0.827689 0
    outer loop
      vertex 0.0121035 -0.0159219 0.0004
      vertex 0.0103111 -0.0171371 0.0126
      vertex 0.0103111 -0.0171371 0.0004
    endloop
  endfacet
  facet normal 0.468408 -0.883512 0
    outer loop
      vertex 0.0103111 -0.0171371 0.0126
      vertex 0.00839778 -0.0181515 0.0126
      vertex 0.0103111 -0.0171371 0.0004
    endloop
  endfacet
  facet normal 0.468408 -0.883512 0
    outer loop
      vertex 0.0103111 -0.0171371 0.0004
      vertex 0.00839778 -0.0181515 0.0126
      vertex 0.00839778 -0.0181515 0.0004
    endloop
  endfacet
  facet normal 0.370138 -0.928977 0
    outer loop
      vertex 0.00839778 -0.0181515 0.0126
      vertex 0.00638603 -0.0189531 0.0126
      vertex 0.00839778 -0.0181515 0.0004
    endloop
  endfacet
  facet normal 0.370138 -0.928977 0
    outer loop
      vertex 0.00839778 -0.0181515 0.0004
      vertex 0.00638603 -0.0189531 0.0126
      vertex 0.00638603 -0.0189531 0.0004
    endloop
  endfacet
  facet normal 0.267528 -0.96355 0
    outer loop
      vertex 0.00638603 -0.0189531 0.0126
      vertex 0.00429941 -0.0195324 0.0126
      vertex 0.00638603 -0.0189531 0.0004
    endloop
  endfacet
  facet normal 0.267528 -0.96355 0
    outer loop
      vertex 0.00638603 -0.0189531 0.0004
      vertex 0.00429941 -0.0195324 0.0126
      vertex 0.00429941 -0.0195324 0.0004
    endloop
  endfacet
  facet normal 0.161782 -0.986826 0
    outer loop
      vertex 0.00429941 -0.0195324 0.0126
      vertex 0.00216238 -0.0198828 0.0126
      vertex 0.00429941 -0.0195324 0.0004
    endloop
  endfacet
  facet normal 0.161782 -0.986826 0
    outer loop
      vertex 0.00429941 -0.0195324 0.0004
      vertex 0.00216238 -0.0198828 0.0126
      vertex 0.00216238 -0.0198828 0.0004
    endloop
  endfacet
  facet normal 0.0666171 -0.997779 0
    outer loop
      vertex 0.00216238 -0.0198828 0.0126
      vertex 0.0005 -0.0199937 0.009
      vertex 0.00216238 -0.0198828 0.0004
    endloop
  endfacet
  facet normal 0.0541386 -0.99853 -0.0024218
    outer loop
      vertex 0.00216238 -0.0198828 0.0004
      vertex 0.0005 -0.0199937 0.009
      vertex 1.22465e-18 -0.02 0.0004
    endloop
  endfacet
  facet normal 0.0125011 -0.999922 -3.6547e-18
    outer loop
      vertex 0.0005 -0.0199937 0.009
      vertex 3.67394e-18 -0.02 0.009
      vertex 1.22465e-18 -0.02 0.0004
    endloop
  endfacet
  facet normal -0.0541387 -0.998533 1.54188e-17
    outer loop
      vertex 1.22465e-18 -0.02 0.0004
      vertex 3.67394e-18 -0.02 0.009
      vertex -0.00216238 -0.0198828 0.0004
    endloop
  endfacet
  facet normal -0.0124819 -0.999867 -0.0104924
    outer loop
      vertex 3.67394e-18 -0.02 0.009
      vertex -0.000499251 -0.0199938 0.009
      vertex -0.00216238 -0.0198828 0.0004
    endloop
  endfacet
  facet normal -0.0665983 -0.99778 0
    outer loop
      vertex -0.000499251 -0.0199938 0.009
      vertex -0.00216238 -0.0198828 0.0126
      vertex -0.00216238 -0.0198828 0.0004
    endloop
  endfacet
  facet normal -0.161782 -0.986826 0
    outer loop
      vertex -0.00216238 -0.0198828 0.0126
      vertex -0.00429941 -0.0195324 0.0126
      vertex -0.00216238 -0.0198828 0.0004
    endloop
  endfacet
  facet normal -0.161782 -0.986826 0
    outer loop
      vertex -0.00216238 -0.0198828 0.0004
      vertex -0.00429941 -0.0195324 0.0126
      vertex -0.00429941 -0.0195324 0.0004
    endloop
  endfacet
  facet normal -0.267528 -0.96355 0
    outer loop
      vertex -0.00429941 -0.0195324 0.0126
      vertex -0.00638603 -0.0189531 0.0126
      vertex -0.00429941 -0.0195324 0.0004
    endloop
  endfacet
  facet normal -0.267528 -0.96355 0
    outer loop
      vertex -0.00429941 -0.0195324 0.0004
      vertex -0.00638603 -0.0189531 0.0126
      vertex -0.00638603 -0.0189531 0.0004
    endloop
  endfacet
  facet normal -0.370138 -0.928977 0
    outer loop
      vertex -0.00638603 -0.0189531 0.0126
      vertex -0.00839778 -0.0181515 0.0126
      vertex -0.00638603 -0.0189531 0.0004
    endloop
  endfacet
  facet normal -0.370138 -0.928977 0
    outer loop
      vertex -0.00638603 -0.0189531 0.0004
      vertex -0.00839778 -0.0181515 0.0126
      vertex -0.00839778 -0.0181515 0.0004
    endloop
  endfacet
  facet normal -0.468408 -0.883512 0
    outer loop
      vertex -0.00839778 -0.0181515 0.0126
      vertex -0.0103111 -0.0171371 0.0126
      vertex -0.00839778 -0.0181515 0.0004
    endloop
  endfacet
  facet normal -0.468408 -0.883512 0
    outer loop
      vertex -0.00839778 -0.0181515 0.0004
      vertex -0.0103111 -0.0171371 0.0126
      vertex -0.0103111 -0.0171371 0.0004
    endloop
  endfacet
  facet normal -0.561187 -0.827689 0
    outer loop
      vertex -0.0103111 -0.0171371 0.0126
      vertex -0.0121035 -0.0159219 0.0126
      vertex -0.0103111 -0.0171371 0.0004
    endloop
  endfacet
  facet normal -0.561187 -0.827689 0
    outer loop
      vertex -0.0103111 -0.0171371 0.0004
      vertex -0.0121035 -0.0159219 0.0126
      vertex -0.0121035 -0.0159219 0.0004
    endloop
  endfacet
  facet normal -0.647386 -0.762162 0
    outer loop
      vertex -0.0121035 -0.0159219 0.0126
      vertex -0.013754 -0.0145199 0.0126
      vertex -0.0121035 -0.0159219 0.0004
    endloop
  endfacet
  facet normal -0.647386 -0.762162 0
    outer loop
      vertex -0.0121035 -0.0159219 0.0004
      vertex -0.013754 -0.0145199 0.0126
      vertex -0.013754 -0.0145199 0.0004
    endloop
  endfacet
  facet normal -0.725995 -0.6877 0
    outer loop
      vertex -0.013754 -0.0145199 0.0126
      vertex -0.0152432 -0.0129477 0.0126
      vertex -0.013754 -0.0145199 0.0004
    endloop
  endfacet
  facet normal -0.725995 -0.6877 0
    outer loop
      vertex -0.013754 -0.0145199 0.0004
      vertex -0.0152432 -0.0129477 0.0126
      vertex -0.0152432 -0.0129477 0.0004
    endloop
  endfacet
  facet normal -0.796093 -0.605174 0
    outer loop
      vertex -0.0152432 -0.0129477 0.0126
      vertex -0.0165538 -0.0112237 0.0126
      vertex -0.0152432 -0.0129477 0.0004
    endloop
  endfacet
  facet normal -0.796093 -0.605174 0
    outer loop
      vertex -0.0152432 -0.0129477 0.0004
      vertex -0.0165538 -0.0112237 0.0126
      vertex -0.0165538 -0.0112237 0.0004
    endloop
  endfacet
  facet normal -0.856857 -0.515554 0
    outer loop
      vertex -0.0165538 -0.0112237 0.0126
      vertex -0.0176702 -0.00936817 0.0126
      vertex -0.0165538 -0.0112237 0.0004
    endloop
  endfacet
  facet normal -0.856857 -0.515554 0
    outer loop
      vertex -0.0165538 -0.0112237 0.0004
      vertex -0.0176702 -0.00936817 0.0126
      vertex -0.0176702 -0.00936817 0.0004
    endloop
  endfacet
  facet normal -0.907575 -0.41989 0
    outer loop
      vertex -0.0176702 -0.00936817 0.0126
      vertex -0.0185795 -0.00740276 0.0126
      vertex -0.0176702 -0.00936817 0.0004
    endloop
  endfacet
  facet normal -0.907575 -0.41989 0
    outer loop
      vertex -0.0176702 -0.00936817 0.0004
      vertex -0.0185795 -0.00740276 0.0126
      vertex -0.0185795 -0.00740276 0.0004
    endloop
  endfacet
  facet normal -0.947653 -0.319301 0
    outer loop
      vertex -0.0185795 -0.00740276 0.0126
      vertex -0.019271 -0.00535057 0.0126
      vertex -0.0185795 -0.00740276 0.0004
    endloop
  endfacet
  facet normal -0.947653 -0.319301 0
    outer loop
      vertex -0.0185795 -0.00740276 0.0004
      vertex -0.019271 -0.00535057 0.0126
      vertex -0.019271 -0.00535057 0.0004
    endloop
  endfacet
  facet normal -0.976621 -0.214971 0
    outer loop
      vertex -0.019271 -0.00535057 0.0126
      vertex -0.0197365 -0.00323564 0.0126
      vertex -0.019271 -0.00535057 0.0004
    endloop
  endfacet
  facet normal -0.976621 -0.214971 0
    outer loop
      vertex -0.019271 -0.00535057 0.0004
      vertex -0.0197365 -0.00323564 0.0126
      vertex -0.0197365 -0.00323564 0.0004
    endloop
  endfacet
  facet normal -0.994138 -0.108119 0
    outer loop
      vertex -0.0197365 -0.00323564 0.0126
      vertex -0.0199707 -0.00108278 0.0126
      vertex -0.0197365 -0.00323564 0.0004
    endloop
  endfacet
  facet normal -0.994138 -0.108119 0
    outer loop
      vertex -0.0197365 -0.00323564 0.0004
      vertex -0.0199707 -0.00108278 0.0126
      vertex -0.0199707 -0.00108278 0.0004
    endloop
  endfacet
  facet normal -1 0 0
    outer loop
      vertex -0.0199707 -0.00108278 0.0126
      vertex -0.0199707 0.00108278 0.0126
      vertex -0.0199707 -0.00108278 0.0004
    endloop
  endfacet
  facet normal -1 0 0
    outer loop
      vertex -0.0199707 -0.00108278 0.0004
      vertex -0.0199707 0.00108278 0.0126
      vertex -0.0199707 0.00108278 0.0004
    endloop
  endfacet
  facet normal -0.994138 0.108119 0
    outer loop
      vertex -0.0199707 0.00108278 0.0126
      vertex -0.0197365 0.00323564 0.0126
      vertex -0.0199707 0.00108278 0.0004
    endloop
  endfacet
  facet normal -0.994138 0.108119 0
    outer loop
      vertex -0.0199707 0.00108278 0.0004
      vertex -0.0197365 0.00323564 0.0126
      vertex -0.0197365 0.00323564 0.0004
    endloop
  endfacet
  facet normal -0.976621 0.214971 0
    outer loop
      vertex -0.0197365 0.00323564 0.0126
      vertex -0.019271 0.00535057 0.0126
      vertex -0.0197365 0.00323564 0.0004
    endloop
  endfacet
  facet normal -0.976621 0.214971 0
    outer loop
      vertex -0.0197365 0.00323564 0.0004
      vertex -0.019271 0.00535057 0.0126
      vertex -0.019271 0.00535057 0.0004
    endloop
  endfacet
  facet normal -0.947653 0.319301 0
    outer loop
      vertex -0.019271 0.00535057 0.0126
      vertex -0.0185795 0.00740276 0.0126
      vertex -0.019271 0.00535057 0.0004
    endloop
  endfacet
  facet normal -0.947653 0.319301 0
    outer loop
      vertex -0.019271 0.00535057 0.0004
      vertex -0.0185795 0.00740276 0.0126
      vertex -0.0185795 0.00740276 0.0004
    endloop
  endfacet
  facet normal -0.907575 0.41989 0
    outer loop
      vertex -0.0185795 0.00740276 0.0126
      vertex -0.0176702 0.00936817 0.0126
      vertex -0.0185795 0.00740276 0.0004
    endloop
  endfacet
  facet normal -0.907575 0.41989 0
    outer loop
      vertex -0.0185795 0.00740276 0.0004
      vertex -0.0176702 0.00936817 0.0126
      vertex -0.0176702 0.00936817 0.0004
    endloop
  endfacet
  facet normal -0.856857 0.515554 0
    outer loop
      vertex -0.0176702 0.00936817 0.0126
      vertex -0.0165538 0.0112237 0.0126
      vertex -0.0176702 0.00936817 0.0004
    endloop
  endfacet
  facet normal -0.856857 0.515554 0
    outer loop
      vertex -0.0176702 0.00936817 0.0004
      vertex -0.0165538 0.0112237 0.0126
      vertex -0.0165538 0.0112237 0.0004
    endloop
  endfacet
  facet normal -0.796093 0.605174 0
    outer loop
      vertex -0.0165538 0.0112237 0.0126
      vertex -0.0152432 0.0129477 0.0126
      vertex -0.0165538 0.0112237 0.0004
    endloop
  endfacet
  facet normal -0.796093 0.605174 0
    outer loop
      vertex -0.0165538 0.0112237 0.0004
      vertex -0.0152432 0.0129477 0.0126
      vertex -0.0152432 0.0129477 0.0004
    endloop
  endfacet
  facet normal -0.725995 0.6877 0
    outer loop
      vertex -0.0152432 0.0129477 0.0126
      vertex -0.013754 0.0145199 0.0126
      vertex -0.0152432 0.0129477 0.0004
    endloop
  endfacet
  facet normal -0.725995 0.6877 0
    outer loop
      vertex -0.0152432 0.0129477 0.0004
      vertex -0.013754 0.0145199 0.0126
      vertex -0.013754 0.0145199 0.0004
    endloop
  endfacet
  facet normal -0.647386 0.762162 0
    outer loop
      vertex -0.013754 0.0145199 0.0126
      vertex -0.0121035 0.0159219 0.0126
      vertex -0.013754 0.0145199 0.0004
    endloop
  endfacet
  facet normal -0.647386 0.762162 0
    outer loop
      vertex -0.013754 0.0145199 0.0004
      vertex -0.0121035 0.0159219 0.0126
      vertex -0.0121035 0.0159219 0.0004
    endloop
  endfacet
  facet normal -0.561187 0.827689 0
    outer loop
      vertex -0.0121035 0.0159219 0.0126
      vertex -0.0103111 0.0171371 0.0126
      vertex -0.0121035 0.0159219 0.0004
    endloop
  endfacet
  facet normal -0.561187 0.827689 0
    outer loop
      vertex -0.0121035 0.0159219 0.0004
      vertex -0.0103111 0.0171371 0.0126
      vertex -0.0103111 0.0171371 0.0004
    endloop
  endfacet
  facet normal -0.468408 0.883512 0
    outer loop
      vertex -0.0103111 0.0171371 0.0126
      vertex -0.00839778 0.0181515 0.0126
      vertex -0.0103111 0.0171371 0.0004
    endloop
  endfacet
  facet normal -0.468408 0.883512 0
    outer loop
      vertex -0.0103111 0.0171371 0.0004
      vertex -0.00839778 0.0181515 0.0126
      vertex -0.00839778 0.0181515 0.0004
    endloop
  endfacet
  facet normal -0.370138 0.928977 0
    outer loop
      vertex -0.00839778 0.0181515 0.0126
      vertex -0.00638603 0.0189531 0.0126
      vertex -0.00839778 0.0181515 0.0004
    endloop
  endfacet
  facet normal -0.370138 0.928977 0
    outer loop
      vertex -0.00839778 0.0181515 0.0004
      vertex -0.00638603 0.0189531 0.0126
      vertex -0.00638603 0.0189531 0.0004
    endloop
  endfacet
  facet normal -0.267528 0.96355 0
    outer loop
      vertex -0.00638603 0.0189531 0.0126
      vertex -0.00429941 0.0195324 0.0126
      vertex -0.00638603 0.0189531 0.0004
    endloop
  endfacet
  facet normal -0.267528 0.96355 0
    outer loop
      vertex -0.00638603 0.0189531 0.0004
      vertex -0.00429941 0.0195324 0.0126
      vertex -0.00429941 0.0195324 0.0004
    endloop
  endfacet
  facet normal -0.161782 0.986826 0
    outer loop
      vertex -0.00429941 0.0195324 0.0126
      vertex -0.00216238 0.0198828 0.0126
      vertex -0.00429941 0.0195324 0.0004
    endloop
  endfacet
  facet normal -0.161782 0.986826 0
    outer loop
      vertex -0.00429941 0.0195324 0.0004
      vertex -0.00216238 0.0198828 0.0126
      vertex -0.00216238 0.0198828 0.0004
    endloop
  endfacet
  facet normal -0.0541387 0.998533 0
    outer loop
      vertex -0.00216238 0.0198828 0.0126
      vertex -4.89859e-18 0.02 0.0126
      vertex -0.00216238 0.0198828 0.0004
    endloop
  endfacet
  facet normal -0.0541387 0.998533 5.00946e-17
    outer loop
      vertex -0.00216238 0.0198828 0.0004
      vertex -4.89859e-18 0.02 0.0126
      vertex -1.65389e-17 0.02 0.0004
    endloop
  endfacet
  facet normal 0.0541387 0.998533 -5.16552e-17
    outer loop
      vertex -4.89859e-18 0.02 0.0126
      vertex 0.00216238 0.0198828 0.0126
      vertex -1.65389e-17 0.02 0.0004
    endloop
  endfacet
  facet normal 0.0541387 0.998533 0
    outer loop
      vertex -1.65389e-17 0.02 0.0004
      vertex 0.00216238 0.0198828 0.0126
      vertex 0.00216238 0.0198828 0.0004
    endloop
  endfacet
  facet normal 0.161782 0.986826 0
    outer loop
      vertex 0.00216238 0.0198828 0.0126
      vertex 0.00429941 0.0195324 0.0126
      vertex 0.00216238 0.0198828 0.0004
    endloop
  endfacet
  facet normal 0.161782 0.986826 0
    outer loop
      vertex 0.00216238 0.0198828 0.0004
      vertex 0.00429941 0.0195324 0.0126
      vertex 0.00429941 0.0195324 0.0004
    endloop
  endfacet
  facet normal 0.267528 0.96355 0
    outer loop
      vertex 0.00429941 0.0195324 0.0126
      vertex 0.00638603 0.0189531 0.0126
      vertex 0.00429941 0.0195324 0.0004
    endloop
  endfacet
  facet normal 0.267528 0.96355 0
    outer loop
      vertex 0.00429941 0.0195324 0.0004
      vertex 0.00638603 0.0189531 0.0126
      vertex 0.00638603 0.0189531 0.0004
    endloop
  endfacet
  facet normal 0.370138 0.928977 0
    outer loop
      vertex 0.00638603 0.0189531 0.0126
      vertex 0.00839778 0.0181515 0.0126
      vertex 0.00638603 0.0189531 0.0004
    endloop
  endfacet
  facet normal 0.370138 0.928977 0
    outer loop
      vertex 0.00638603 0.0189531 0.0004
      vertex 0.00839778 0.0181515 0.0126
      vertex 0.00839778 0.0181515 0.0004
    endloop
  endfacet
  facet normal 0.468408 0.883512 0
    outer loop
      vertex 0.00839778 0.0181515 0.0126
      vertex 0.0103111 0.0171371 0.0126
      vertex 0.00839778 0.0181515 0.0004
    endloop
  endfacet
  facet normal 0.468408 0.883512 0
    outer loop
      vertex 0.00839778 0.0181515 0.0004
      vertex 0.0103111 0.0171371 0.0126
      vertex 0.0103111 0.0171371 0.0004
    endloop
  endfacet
  facet normal 0.561187 0.827689 0
    outer loop
      vertex 0.0103111 0.0171371 0.0126
      vertex 0.0121035 0.0159219 0.0126
      vertex 0.0103111 0.0171371 0.0004
    endloop
  endfacet
  facet normal 0.561187 0.827689 0
    outer loop
      vertex 0.0103111 0.0171371 0.0004
      vertex 0.0121035 0.0159219 0.0126
      vertex 0.0121035 0.0159219 0.0004
    endloop
  endfacet
  facet normal 0.647386 0.762162 0
    outer loop
      vertex 0.0121035 0.0159219 0.0126
      vertex 0.013754 0.0145199 0.0126
      vertex 0.0121035 0.0159219 0.0004
    endloop
  endfacet
  facet normal 0.647386 0.762162 0
    outer loop
      vertex 0.0121035 0.0159219 0.0004
      vertex 0.013754 0.0145199 0.0126
      vertex 0.013754 0.0145199 0.0004
    endloop
  endfacet
  facet normal 0.725995 0.6877 0
    outer loop
      vertex 0.013754 0.0145199 0.0126
      vertex 0.0152432 0.0129477 0.0126
      vertex 0.013754 0.0145199 0.0004
    endloop
  endfacet
  facet normal 0.725995 0.6877 0
    outer loop
      vertex 0.013754 0.0145199 0.0004
      vertex 0.0152432 0.0129477 0.0126
      vertex 0.0152432 0.0129477 0.0004
    endloop
  endfacet
  facet normal 0.796093 0.605174 0
    outer loop
      vertex 0.0152432 0.0129477 0.0126
      vertex 0.0165538 0.0112237 0.0126
      vertex 0.0152432 0.0129477 0.0004
    endloop
  endfacet
  facet normal 0.796093 0.605174 0
    outer loop
      vertex 0.0152432 0.0129477 0.0004
      vertex 0.0165538 0.0112237 0.0126
      vertex 0.0165538 0.0112237 0.0004
    endloop
  endfacet
  facet normal 0.856857 0.515554 0
    outer loop
      vertex 0.0165538 0.0112237 0.0126
      vertex 0.0176702 0.00936817 0.0126
      vertex 0.0165538 0.0112237 0.0004
    endloop
  endfacet
  facet normal 0.856857 0.515554 0
    outer loop
      vertex 0.0165538 0.0112237 0.0004
      vertex 0.0176702 0.00936817 0.0126
      vertex 0.0176702 0.00936817 0.0004
    endloop
  endfacet
  facet normal 0.907575 0.41989 0
    outer loop
      vertex 0.0176702 0.00936817 0.0126
      vertex 0.0185795 0.00740276 0.0126
      vertex 0.0176702 0.00936817 0.0004
    endloop
  endfacet
  facet normal 0.907575 0.41989 0
    outer loop
      vertex 0.0176702 0.00936817 0.0004
      vertex 0.0185795 0.00740276 0.0126
      vertex 0.0185795 0.00740276 0.0004
    endloop
  endfacet
  facet normal 0.947653 0.319301 0
    outer loop
      vertex 0.0185795 0.00740276 0.0126
      vertex 0.019271 0.00535057 0.0126
      vertex 0.0185795 0.00740276 0.0004
    endloop
  endfacet
  facet normal 0.947653 0.319301 0
    outer loop
      vertex 0.0185795 0.00740276 0.0004
      vertex 0.019271 0.00535057 0.0126
      vertex 0.019271 0.00535057 0.0004
    endloop
  endfacet
  facet normal 0.976621 0.214971 0
    outer loop
      vertex 0.019271 0.00535057 0.0126
      vertex 0.0197365 0.00323564 0.0126
      vertex 0.019271 0.00535057 0.0004
    endloop
  endfacet
  facet normal 0.976621 0.214971 0
    outer loop
      vertex 0.019271 0.00535057 0.0004
      vertex 0.0197365 0.00323564 0.0126
      vertex 0.0197365 0.00323564 0.0004
    endloop
  endfacet
  facet normal 0.994138 0.108119 0
    outer loop
      vertex 0.0197365 0.00323564 0.0126
      vertex 0.0199707 0.00108278 0.0126
      vertex 0.0197365 0.00323564 0.0004
    endloop
  endfacet
  facet normal 0.994138 0.108119 0
    outer loop
      vertex 0.0197365 0.00323564 0.0004
      vertex 0.0199707 0.00108278 0.0126
      vertex 0.0199707 0.00108278 0.0004
    endloop
  endfacet
  facet normal 0.999633 0.0270788 0
    outer loop
      vertex 0.0199707 0.00108278 0.0126
      vertex 0.02 6.12323e-18 0.0126
      vertex 0.0199707 0.00108278 0.0004
    endloop
  endfacet
  facet normal 0.999997 0 -0.00240418
    outer loop
      vertex 0.0199707 0.00108278 0.0004
      vertex 0.02 6.12323e-18 0.0126
      vertex 0.0199707 -0.00108278 0.0004
    endloop
  endfacet
  facet normal 0.999633 -0.0270788 0
    outer loop
      vertex 0.02 6.12323e-18 0.0126
      vertex 0.0199707 -0.00108278 0.0126
      vertex 0.0199707 -0.00108278 0.0004
    endloop
  endfacet
  facet normal 0.994138 -0.108119 0
    outer loop
      vertex 0.0199707 -0.00108278 0.0004
      vertex 0.0199707 -0.00108278 0.0126
      vertex 0.0197365 -0.00323564 0.0126
    endloop
  endfacet
  facet normal 0.0359005 -0.662149 0.748512
    outer loop
      vertex 0.00211913 -0.0194851 0.013
      vertex 2.41765e-18 -0.0196 0.013
      vertex 0.0005 -0.019753 0.0128407
    endloop
  endfacet
  facet normal 0.00894792 -0.707081 0.707076
    outer loop
      vertex 2.41765e-18 -0.0196 0.013
      vertex 2.78264e-18 -0.019753 0.012847
      vertex 0.0005 -0.019753 0.0128407
    endloop
  endfacet
  facet normal -0.00893364 -0.707081 0.707076
    outer loop
      vertex 2.78264e-18 -0.019753 0.012847
      vertex 2.41765e-18 -0.0196 0.013
      vertex -0.000499251 -0.019753 0.0128407
    endloop
  endfacet
  facet normal -0.0359026 -0.662187 0.748478
    outer loop
      vertex 2.41765e-18 -0.0196 0.013
      vertex -0.00211913 -0.0194851 0.013
      vertex -0.000499251 -0.019753 0.0128407
    endloop
  endfacet
  facet normal -0.0473177 -0.706204 0.706425
    outer loop
      vertex -0.000499251 -0.019753 0.0128407
      vertex -0.00211913 -0.0194851 0.013
      vertex -0.000499251 -0.0199938 0.0126
    endloop
  endfacet
  facet normal -0.0471127 -0.705844 0.706798
    outer loop
      vertex -0.000499251 -0.0199938 0.0126
      vertex -0.00211913 -0.0194851 0.013
      vertex -0.00216238 -0.0198828 0.0126
    endloop
  endfacet
  facet normal -0.114481 -0.698305 0.706587
    outer loop
      vertex -0.00211913 -0.0194851 0.013
      vertex -0.00421342 -0.0191418 0.013
      vertex -0.00216238 -0.0198828 0.0126
    endloop
  endfacet
  facet normal -0.114481 -0.698305 0.706586
    outer loop
      vertex -0.00216238 -0.0198828 0.0126
      vertex -0.00421342 -0.0191418 0.013
      vertex -0.00429941 -0.0195324 0.0126
    endloop
  endfacet
  facet normal -0.189311 -0.681834 0.706586
    outer loop
      vertex -0.00421342 -0.0191418 0.013
      vertex -0.00625831 -0.018574 0.013
      vertex -0.00429941 -0.0195324 0.0126
    endloop
  endfacet
  facet normal -0.18931 -0.681833 0.706588
    outer loop
      vertex -0.00429941 -0.0195324 0.0126
      vertex -0.00625831 -0.018574 0.013
      vertex -0.00638603 -0.0189531 0.0126
    endloop
  endfacet
  facet normal -0.261919 -0.657368 0.706588
    outer loop
      vertex -0.00625831 -0.018574 0.013
      vertex -0.00822983 -0.0177885 0.013
      vertex -0.00638603 -0.0189531 0.0126
    endloop
  endfacet
  facet normal -0.261919 -0.657368 0.706587
    outer loop
      vertex -0.00638603 -0.0189531 0.0126
      vertex -0.00822983 -0.0177885 0.013
      vertex -0.00839778 -0.0181515 0.0126
    endloop
  endfacet
  facet normal -0.331458 -0.625196 0.706587
    outer loop
      vertex -0.00822983 -0.0177885 0.013
      vertex -0.0101049 -0.0167944 0.013
      vertex -0.00839778 -0.0181515 0.0126
    endloop
  endfacet
  facet normal -0.331458 -0.625195 0.706588
    outer loop
      vertex -0.00839778 -0.0181515 0.0126
      vertex -0.0101049 -0.0167944 0.013
      vertex -0.0103111 -0.0171371 0.0126
    endloop
  endfacet
  facet normal -0.39711 -0.585694 0.706588
    outer loop
      vertex -0.0101049 -0.0167944 0.013
      vertex -0.0118614 -0.0156034 0.013
      vertex -0.0103111 -0.0171371 0.0126
    endloop
  endfacet
  facet normal -0.397111 -0.585694 0.706587
    outer loop
      vertex -0.0103111 -0.0171371 0.0126
      vertex -0.0118614 -0.0156034 0.013
      vertex -0.0121035 -0.0159219 0.0126
    endloop
  endfacet
  facet normal -0.458107 -0.539326 0.706587
    outer loop
      vertex -0.0118614 -0.0156034 0.013
      vertex -0.0134789 -0.0142295 0.013
      vertex -0.0121035 -0.0159219 0.0126
    endloop
  endfacet
  facet normal -0.458108 -0.539326 0.706587
    outer loop
      vertex -0.0121035 -0.0159219 0.0126
      vertex -0.0134789 -0.0142295 0.013
      vertex -0.013754 -0.0145199 0.0126
    endloop
  endfacet
  facet normal -0.513734 -0.486634 0.706587
    outer loop
      vertex -0.0134789 -0.0142295 0.013
      vertex -0.0149384 -0.0126888 0.013
      vertex -0.013754 -0.0145199 0.0126
    endloop
  endfacet
  facet normal -0.513732 -0.486633 0.706588
    outer loop
      vertex -0.013754 -0.0145199 0.0126
      vertex -0.0149384 -0.0126888 0.013
      vertex -0.0152432 -0.0129477 0.0126
    endloop
  endfacet
  facet normal -0.563335 -0.428236 0.706588
    outer loop
      vertex -0.0149384 -0.0126888 0.013
      vertex -0.0162227 -0.0109993 0.013
      vertex -0.0152432 -0.0129477 0.0126
    endloop
  endfacet
  facet normal -0.563336 -0.428237 0.706588
    outer loop
      vertex -0.0152432 -0.0129477 0.0126
      vertex -0.0162227 -0.0109993 0.013
      vertex -0.0165538 -0.0112237 0.0126
    endloop
  endfacet
  facet normal -0.606334 -0.364819 0.706588
    outer loop
      vertex -0.0162227 -0.0109993 0.013
      vertex -0.0173168 -0.00918081 0.013
      vertex -0.0165538 -0.0112237 0.0126
    endloop
  endfacet
  facet normal -0.606335 -0.36482 0.706586
    outer loop
      vertex -0.0165538 -0.0112237 0.0126
      vertex -0.0173168 -0.00918081 0.013
      vertex -0.0176702 -0.00936817 0.0126
    endloop
  endfacet
  facet normal -0.642225 -0.297124 0.706586
    outer loop
      vertex -0.0173168 -0.00918081 0.013
      vertex -0.0182079 -0.00725471 0.013
      vertex -0.0176702 -0.00936817 0.0126
    endloop
  endfacet
  facet normal -0.642222 -0.297124 0.706589
    outer loop
      vertex -0.0176702 -0.00936817 0.0126
      vertex -0.0182079 -0.00725471 0.013
      vertex -0.0185795 -0.00740276 0.0126
    endloop
  endfacet
  facet normal -0.670583 -0.225946 0.706589
    outer loop
      vertex -0.0182079 -0.00725471 0.013
      vertex -0.0188856 -0.00524356 0.013
      vertex -0.0185795 -0.00740276 0.0126
    endloop
  endfacet
  facet normal -0.670584 -0.225945 0.706588
    outer loop
      vertex -0.0185795 -0.00740276 0.0126
      vertex -0.0188856 -0.00524356 0.013
      vertex -0.019271 -0.00535057 0.0126
    endloop
  endfacet
  facet normal -0.691081 -0.152119 0.706588
    outer loop
      vertex -0.0188856 -0.00524356 0.013
      vertex -0.0193418 -0.00317093 0.013
      vertex -0.019271 -0.00535057 0.0126
    endloop
  endfacet
  facet normal -0.691082 -0.152119 0.706587
    outer loop
      vertex -0.019271 -0.00535057 0.0126
      vertex -0.0193418 -0.00317093 0.013
      vertex -0.0197365 -0.00323564 0.0126
    endloop
  endfacet
  facet normal -0.703478 -0.0765074 0.706587
    outer loop
      vertex -0.0193418 -0.00317093 0.013
      vertex -0.0195713 -0.00106112 0.013
      vertex -0.0197365 -0.00323564 0.0126
    endloop
  endfacet
  facet normal -0.703477 -0.0765078 0.706588
    outer loop
      vertex -0.0197365 -0.00323564 0.0126
      vertex -0.0195713 -0.00106112 0.013
      vertex -0.0199707 -0.00108278 0.0126
    endloop
  endfacet
  facet normal -0.707625 0 0.706588
    outer loop
      vertex -0.0195713 -0.00106112 0.013
      vertex -0.0195713 0.00106112 0.013
      vertex -0.0199707 -0.00108278 0.0126
    endloop
  endfacet
  facet normal -0.707625 0 0.706588
    outer loop
      vertex -0.0199707 -0.00108278 0.0126
      vertex -0.0195713 0.00106112 0.013
      vertex -0.0199707 0.00108278 0.0126
    endloop
  endfacet
  facet normal -0.703477 0.0765072 0.706588
    outer loop
      vertex -0.0195713 0.00106112 0.013
      vertex -0.0193418 0.00317093 0.013
      vertex -0.0199707 0.00108278 0.0126
    endloop
  endfacet
  facet normal -0.703478 0.076508 0.706587
    outer loop
      vertex -0.0199707 0.00108278 0.0126
      vertex -0.0193418 0.00317093 0.013
      vertex -0.0197365 0.00323564 0.0126
    endloop
  endfacet
  facet normal -0.691082 0.152119 0.706587
    outer loop
      vertex -0.0193418 0.00317093 0.013
      vertex -0.0188856 0.00524356 0.013
      vertex -0.0197365 0.00323564 0.0126
    endloop
  endfacet
  facet normal -0.691081 0.152119 0.706588
    outer loop
      vertex -0.0197365 0.00323564 0.0126
      vertex -0.0188856 0.00524356 0.013
      vertex -0.019271 0.00535057 0.0126
    endloop
  endfacet
  facet normal -0.670583 0.225946 0.706588
    outer loop
      vertex -0.0188856 0.00524356 0.013
      vertex -0.0182079 0.00725471 0.013
      vertex -0.019271 0.00535057 0.0126
    endloop
  endfacet
  facet normal -0.670583 0.225945 0.706589
    outer loop
      vertex -0.019271 0.00535057 0.0126
      vertex -0.0182079 0.00725471 0.013
      vertex -0.0185795 0.00740276 0.0126
    endloop
  endfacet
  facet normal -0.642223 0.297123 0.706589
    outer loop
      vertex -0.0182079 0.00725471 0.013
      vertex -0.0173168 0.00918081 0.013
      vertex -0.0185795 0.00740276 0.0126
    endloop
  endfacet
  facet normal -0.642225 0.297125 0.706586
    outer loop
      vertex -0.0185795 0.00740276 0.0126
      vertex -0.0173168 0.00918081 0.013
      vertex -0.0176702 0.00936817 0.0126
    endloop
  endfacet
  facet normal -0.606335 0.36482 0.706586
    outer loop
      vertex -0.0173168 0.00918081 0.013
      vertex -0.0162227 0.0109993 0.013
      vertex -0.0176702 0.00936817 0.0126
    endloop
  endfacet
  facet normal -0.606334 0.364819 0.706588
    outer loop
      vertex -0.0176702 0.00936817 0.0126
      vertex -0.0162227 0.0109993 0.013
      vertex -0.0165538 0.0112237 0.0126
    endloop
  endfacet
  facet normal -0.563336 0.428237 0.706588
    outer loop
      vertex -0.0162227 0.0109993 0.013
      vertex -0.0149384 0.0126888 0.013
      vertex -0.0165538 0.0112237 0.0126
    endloop
  endfacet
  facet normal -0.563335 0.428236 0.706588
    outer loop
      vertex -0.0165538 0.0112237 0.0126
      vertex -0.0149384 0.0126888 0.013
      vertex -0.0152432 0.0129477 0.0126
    endloop
  endfacet
  facet normal -0.513733 0.486633 0.706588
    outer loop
      vertex -0.0149384 0.0126888 0.013
      vertex -0.0134789 0.0142295 0.013
      vertex -0.0152432 0.0129477 0.0126
    endloop
  endfacet
  facet normal -0.513733 0.486635 0.706587
    outer loop
      vertex -0.0152432 0.0129477 0.0126
      vertex -0.0134789 0.0142295 0.013
      vertex -0.013754 0.0145199 0.0126
    endloop
  endfacet
  facet normal -0.458108 0.539326 0.706587
    outer loop
      vertex -0.0134789 0.0142295 0.013
      vertex -0.0118614 0.0156034 0.013
      vertex -0.013754 0.0145199 0.0126
    endloop
  endfacet
  facet normal -0.458107 0.539326 0.706587
    outer loop
      vertex -0.013754 0.0145199 0.0126
      vertex -0.0118614 0.0156034 0.013
      vertex -0.0121035 0.0159219 0.0126
    endloop
  endfacet
  facet normal -0.397111 0.585694 0.706587
    outer loop
      vertex -0.0118614 0.0156034 0.013
      vertex -0.0101049 0.0167944 0.013
      vertex -0.0121035 0.0159219 0.0126
    endloop
  endfacet
  facet normal -0.39711 0.585693 0.706588
    outer loop
      vertex -0.0121035 0.0159219 0.0126
      vertex -0.0101049 0.0167944 0.013
      vertex -0.0103111 0.0171371 0.0126
    endloop
  endfacet
  facet normal -0.331458 0.625195 0.706588
    outer loop
      vertex -0.0101049 0.0167944 0.013
      vertex -0.00822983 0.0177885 0.013
      vertex -0.0103111 0.0171371 0.0126
    endloop
  endfacet
  facet normal -0.331458 0.625196 0.706587
    outer loop
      vertex -0.0103111 0.0171371 0.0126
      vertex -0.00822983 0.0177885 0.013
      vertex -0.00839778 0.0181515 0.0126
    endloop
  endfacet
  facet normal -0.261919 0.657369 0.706587
    outer loop
      vertex -0.00822983 0.0177885 0.013
      vertex -0.00625831 0.018574 0.013
      vertex -0.00839778 0.0181515 0.0126
    endloop
  endfacet
  facet normal -0.261919 0.657368 0.706588
    outer loop
      vertex -0.00839778 0.0181515 0.0126
      vertex -0.00625831 0.018574 0.013
      vertex -0.00638603 0.0189531 0.0126
    endloop
  endfacet
  facet normal -0.18931 0.681833 0.706588
    outer loop
      vertex -0.00625831 0.018574 0.013
      vertex -0.00421342 0.0191418 0.013
      vertex -0.00638603 0.0189531 0.0126
    endloop
  endfacet
  facet normal -0.18931 0.681834 0.706586
    outer loop
      vertex -0.00638603 0.0189531 0.0126
      vertex -0.00421342 0.0191418 0.013
      vertex -0.00429941 0.0195324 0.0126
    endloop
  endfacet
  facet normal -0.114481 0.698305 0.706586
    outer loop
      vertex -0.00421342 0.0191418 0.013
      vertex -0.00211913 0.0194851 0.013
      vertex -0.00429941 0.0195324 0.0126
    endloop
  endfacet
  facet normal -0.114481 0.698305 0.706587
    outer loop
      vertex -0.00429941 0.0195324 0.0126
      vertex -0.00211913 0.0194851 0.013
      vertex -0.00216238 0.0198828 0.0126
    endloop
  endfacet
  facet normal -0.0383099 0.706589 0.706587
    outer loop
      vertex -0.00211913 0.0194851 0.013
      vertex -4.78327e-18 0.0196 0.013
      vertex -0.00216238 0.0198828 0.0126
    endloop
  endfacet
  facet normal -0.03831 0.706589 0.706587
    outer loop
      vertex -0.00216238 0.0198828 0.0126
      vertex -4.78327e-18 0.0196 0.013
      vertex -4.89859e-18 0.02 0.0126
    endloop
  endfacet
  facet normal 0.0383099 0.706589 0.706587
    outer loop
      vertex -4.78327e-18 0.0196 0.013
      vertex 0.00211913 0.0194851 0.013
      vertex -4.89859e-18 0.02 0.0126
    endloop
  endfacet
  facet normal 0.03831 0.706589 0.706587
    outer loop
      vertex -4.89859e-18 0.02 0.0126
      vertex 0.00211913 0.0194851 0.013
      vertex 0.00216238 0.0198828 0.0126
    endloop
  endfacet
  facet normal 0.114481 0.698305 0.706587
    outer loop
      vertex 0.00211913 0.0194851 0.013
      vertex 0.00421342 0.0191418 0.013
      vertex 0.00216238 0.0198828 0.0126
    endloop
  endfacet
  facet normal 0.114481 0.698305 0.706586
    outer loop
      vertex 0.00216238 0.0198828 0.0126
      vertex 0.00421342 0.0191418 0.013
      vertex 0.00429941 0.0195324 0.0126
    endloop
  endfacet
  facet normal 0.189311 0.681834 0.706586
    outer loop
      vertex 0.00421342 0.0191418 0.013
      vertex 0.00625831 0.018574 0.013
      vertex 0.00429941 0.0195324 0.0126
    endloop
  endfacet
  facet normal 0.18931 0.681833 0.706588
    outer loop
      vertex 0.00429941 0.0195324 0.0126
      vertex 0.00625831 0.018574 0.013
      vertex 0.00638603 0.0189531 0.0126
    endloop
  endfacet
  facet normal 0.261919 0.657368 0.706588
    outer loop
      vertex 0.00625831 0.018574 0.013
      vertex 0.00822983 0.0177885 0.013
      vertex 0.00638603 0.0189531 0.0126
    endloop
  endfacet
  facet normal 0.261919 0.657368 0.706587
    outer loop
      vertex 0.00638603 0.0189531 0.0126
      vertex 0.00822983 0.0177885 0.013
      vertex 0.00839778 0.0181515 0.0126
    endloop
  endfacet
  facet normal 0.331458 0.625196 0.706587
    outer loop
      vertex 0.00822983 0.0177885 0.013
      vertex 0.0101049 0.0167944 0.013
      vertex 0.00839778 0.0181515 0.0126
    endloop
  endfacet
  facet normal 0.331458 0.625195 0.706588
    outer loop
      vertex 0.00839778 0.0181515 0.0126
      vertex 0.0101049 0.0167944 0.013
      vertex 0.0103111 0.0171371 0.0126
    endloop
  endfacet
  facet normal 0.39711 0.585694 0.706588
    outer loop
      vertex 0.0101049 0.0167944 0.013
      vertex 0.0118614 0.0156034 0.013
      vertex 0.0103111 0.0171371 0.0126
    endloop
  endfacet
  facet normal 0.397111 0.585694 0.706587
    outer loop
      vertex 0.0103111 0.0171371 0.0126
      vertex 0.0118614 0.0156034 0.013
      vertex 0.0121035 0.0159219 0.0126
    endloop
  endfacet
  facet normal 0.458107 0.539326 0.706587
    outer loop
      vertex 0.0118614 0.0156034 0.013
      vertex 0.0134789 0.0142295 0.013
      vertex 0.0121035 0.0159219 0.0126
    endloop
  endfacet
  facet normal 0.458108 0.539326 0.706587
    outer loop
      vertex 0.0121035 0.0159219 0.0126
      vertex 0.0134789 0.0142295 0.013
      vertex 0.013754 0.0145199 0.0126
    endloop
  endfacet
  facet normal 0.513734 0.486634 0.706587
    outer loop
      vertex 0.0134789 0.0142295 0.013
      vertex 0.0149384 0.0126888 0.013
      vertex 0.013754 0.0145199 0.0126
    endloop
  endfacet
  facet normal 0.513732 0.486633 0.706588
    outer loop
      vertex 0.013754 0.0145199 0.0126
      vertex 0.0149384 0.0126888 0.013
      vertex 0.0152432 0.0129477 0.0126
    endloop
  endfacet
  facet normal 0.563335 0.428236 0.706588
    outer loop
      vertex 0.0149384 0.0126888 0.013
      vertex 0.0162227 0.0109993 0.013
      vertex 0.0152432 0.0129477 0.0126
    endloop
  endfacet
  facet normal 0.563336 0.428237 0.706588
    outer loop
      vertex 0.0152432 0.0129477 0.0126
      vertex 0.0162227 0.0109993 0.013
      vertex 0.0165538 0.0112237 0.0126
    endloop
  endfacet
  facet normal 0.606334 0.364819 0.706588
    outer loop
      vertex 0.0162227 0.0109993 0.013
      vertex 0.0173168 0.00918081 0.013
      vertex 0.0165538 0.0112237 0.0126
    endloop
  endfacet
  facet normal 0.606335 0.36482 0.706586
    outer loop
      vertex 0.0165538 0.0112237 0.0126
      vertex 0.0173168 0.00918081 0.013
      vertex 0.0176702 0.00936817 0.0126
    endloop
  endfacet
  facet normal 0.642225 0.297124 0.706586
    outer loop
      vertex 0.0173168 0.00918081 0.013
      vertex 0.0182079 0.00725471 0.013
      vertex 0.0176702 0.00936817 0.0126
    endloop
  endfacet
  facet normal 0.642222 0.297124 0.706589
    outer loop
      vertex 0.0176702 0.00936817 0.0126
      vertex 0.0182079 0.00725471 0.013
      vertex 0.0185795 0.00740276 0.0126
    endloop
  endfacet
  facet normal 0.670583 0.225946 0.706589
    outer loop
      vertex 0.0182079 0.00725471 0.013
      vertex 0.0188856 0.00524356 0.013
      vertex 0.0185795 0.00740276 0.0126
    endloop
  endfacet
  facet normal 0.670584 0.225945 0.706588
    outer loop
      vertex 0.0185795 0.00740276 0.0126
      vertex 0.0188856 0.00524356 0.013
      vertex 0.019271 0.00535057 0.0126
    endloop
  endfacet
  facet normal 0.691081 0.152119 0.706588
    outer loop
      vertex 0.0188856 0.00524356 0.013
      vertex 0.0193418 0.00317093 0.013
      vertex 0.019271 0.00535057 0.0126
    endloop
  endfacet
  facet normal 0.691082 0.152119 0.706587
    outer loop
      vertex 0.019271 0.00535057 0.0126
      vertex 0.0193418 0.00317093 0.013
      vertex 0.0197365 0.00323564 0.0126
    endloop
  endfacet
  facet normal 0.703478 0.0765074 0.706587
    outer loop
      vertex 0.0193418 0.00317093 0.013
      vertex 0.0195713 0.00106112 0.013
      vertex 0.0197365 0.00323564 0.0126
    endloop
  endfacet
  facet normal 0.703477 0.0765078 0.706588
    outer loop
      vertex 0.0197365 0.00323564 0.0126
      vertex 0.0195713 0.00106112 0.013
      vertex 0.0199707 0.00108278 0.0126
    endloop
  endfacet
  facet normal 0.706976 0.0191522 0.706978
    outer loop
      vertex 0.0195713 0.00106112 0.013
      vertex 0.0196 6.00077e-18 0.013
      vertex 0.0199707 0.00108278 0.0126
    endloop
  endfacet
  facet normal 0.706978 0.0191511 0.706976
    outer loop
      vertex 0.0199707 0.00108278 0.0126
      vertex 0.0196 6.00077e-18 0.013
      vertex 0.02 6.12323e-18 0.0126
    endloop
  endfacet
  facet normal 0.706978 -0.0191523 0.706976
    outer loop
      vertex 0.0196 6.00077e-18 0.013
      vertex 0.0195713 -0.00106112 0.013
      vertex 0.02 6.12323e-18 0.0126
    endloop
  endfacet
  facet normal 0.706976 -0.0191511 0.706978
    outer loop
      vertex 0.02 6.12323e-18 0.0126
      vertex 0.0195713 -0.00106112 0.013
      vertex 0.0199707 -0.00108278 0.0126
    endloop
  endfacet
  facet normal 0.703477 -0.0765072 0.706588
    outer loop
      vertex 0.0195713 -0.00106112 0.013
      vertex 0.0193418 -0.00317093 0.013
      vertex 0.0199707 -0.00108278 0.0126
    endloop
  endfacet
  facet normal 0.703478 -0.076508 0.706587
    outer loop
      vertex 0.0199707 -0.00108278 0.0126
      vertex 0.0193418 -0.00317093 0.013
      vertex 0.0197365 -0.00323564 0.0126
    endloop
  endfacet
  facet normal 0.691082 -0.152119 0.706587
    outer loop
      vertex 0.0193418 -0.00317093 0.013
      vertex 0.0188856 -0.00524356 0.013
      vertex 0.0197365 -0.00323564 0.0126
    endloop
  endfacet
  facet normal 0.691081 -0.152119 0.706588
    outer loop
      vertex 0.0197365 -0.00323564 0.0126
      vertex 0.0188856 -0.00524356 0.013
      vertex 0.019271 -0.00535057 0.0126
    endloop
  endfacet
  facet normal 0.670583 -0.225946 0.706588
    outer loop
      vertex 0.0188856 -0.00524356 0.013
      vertex 0.0182079 -0.00725471 0.013
      vertex 0.019271 -0.00535057 0.0126
    endloop
  endfacet
  facet normal 0.670583 -0.225945 0.706589
    outer loop
      vertex 0.019271 -0.00535057 0.0126
      vertex 0.0182079 -0.00725471 0.013
      vertex 0.0185795 -0.00740276 0.0126
    endloop
  endfacet
  facet normal 0.642223 -0.297123 0.706589
    outer loop
      vertex 0.0182079 -0.00725471 0.013
      vertex 0.0173168 -0.00918081 0.013
      vertex 0.0185795 -0.00740276 0.0126
    endloop
  endfacet
  facet normal 0.642225 -0.297125 0.706586
    outer loop
      vertex 0.0185795 -0.00740276 0.0126
      vertex 0.0173168 -0.00918081 0.013
      vertex 0.0176702 -0.00936817 0.0126
    endloop
  endfacet
  facet normal 0.606335 -0.36482 0.706586
    outer loop
      vertex 0.0173168 -0.00918081 0.013
      vertex 0.0162227 -0.0109993 0.013
      vertex 0.0176702 -0.00936817 0.0126
    endloop
  endfacet
  facet normal 0.606334 -0.364819 0.706588
    outer loop
      vertex 0.0176702 -0.00936817 0.0126
      vertex 0.0162227 -0.0109993 0.013
      vertex 0.0165538 -0.0112237 0.0126
    endloop
  endfacet
  facet normal 0.563336 -0.428237 0.706588
    outer loop
      vertex 0.0162227 -0.0109993 0.013
      vertex 0.0149384 -0.0126888 0.013
      vertex 0.0165538 -0.0112237 0.0126
    endloop
  endfacet
  facet normal 0.563335 -0.428236 0.706588
    outer loop
      vertex 0.0165538 -0.0112237 0.0126
      vertex 0.0149384 -0.0126888 0.013
      vertex 0.0152432 -0.0129477 0.0126
    endloop
  endfacet
  facet normal 0.513733 -0.486633 0.706588
    outer loop
      vertex 0.0149384 -0.0126888 0.013
      vertex 0.0134789 -0.0142295 0.013
      vertex 0.0152432 -0.0129477 0.0126
    endloop
  endfacet
  facet normal 0.513733 -0.486635 0.706587
    outer loop
      vertex 0.0152432 -0.0129477 0.0126
      vertex 0.0134789 -0.0142295 0.013
      vertex 0.013754 -0.0145199 0.0126
    endloop
  endfacet
  facet normal 0.458108 -0.539326 0.706587
    outer loop
      vertex 0.0134789 -0.0142295 0.013
      vertex 0.0118614 -0.0156034 0.013
      vertex 0.013754 -0.0145199 0.0126
    endloop
  endfacet
  facet normal 0.458107 -0.539326 0.706587
    outer loop
      vertex 0.013754 -0.0145199 0.0126
      vertex 0.0118614 -0.0156034 0.013
      vertex 0.0121035 -0.0159219 0.0126
    endloop
  endfacet
  facet normal 0.397111 -0.585694 0.706587
    outer loop
      vertex 0.0118614 -0.0156034 0.013
      vertex 0.0101049 -0.0167944 0.013
      vertex 0.0121035 -0.0159219 0.0126
    endloop
  endfacet
  facet normal 0.39711 -0.585693 0.706588
    outer loop
      vertex 0.0121035 -0.0159219 0.0126
      vertex 0.0101049 -0.0167944 0.013
      vertex 0.0103111 -0.0171371 0.0126
    endloop
  endfacet
  facet normal 0.331458 -0.625195 0.706588
    outer loop
      vertex 0.0101049 -0.0167944 0.013
      vertex 0.00822983 -0.0177885 0.013
      vertex 0.0103111 -0.0171371 0.0126
    endloop
  endfacet
  facet normal 0.331458 -0.625196 0.706587
    outer loop
      vertex 0.0103111 -0.0171371 0.0126
      vertex 0.00822983 -0.0177885 0.013
      vertex 0.00839778 -0.0181515 0.0126
    endloop
  endfacet
  facet normal 0.261919 -0.657369 0.706587
    outer loop
      vertex 0.00822983 -0.0177885 0.013
      vertex 0.00625831 -0.018574 0.013
      vertex 0.00839778 -0.0181515 0.0126
    endloop
  endfacet
  facet normal 0.261919 -0.657368 0.706588
    outer loop
      vertex 0.00839778 -0.0181515 0.0126
      vertex 0.00625831 -0.018574 0.013
      vertex 0.00638603 -0.0189531 0.0126
    endloop
  endfacet
  facet normal 0.18931 -0.681833 0.706588
    outer loop
      vertex 0.00625831 -0.018574 0.013
      vertex 0.00421342 -0.0191418 0.013
      vertex 0.00638603 -0.0189531 0.0126
    endloop
  endfacet
  facet normal 0.18931 -0.681834 0.706586
    outer loop
      vertex 0.00638603 -0.0189531 0.0126
      vertex 0.00421342 -0.0191418 0.013
      vertex 0.00429941 -0.0195324 0.0126
    endloop
  endfacet
  facet normal 0.114481 -0.698305 0.706586
    outer loop
      vertex 0.00421342 -0.0191418 0.013
      vertex 0.00211913 -0.0194851 0.013
      vertex 0.00429941 -0.0195324 0.0126
    endloop
  endfacet
  facet normal 0.114481 -0.698305 0.706587
    outer loop
      vertex 0.00429941 -0.0195324 0.0126
      vertex 0.00211913 -0.0194851 0.013
      vertex 0.00216238 -0.0198828 0.0126
    endloop
  endfacet
  facet normal 0.0472328 -0.705834 0.706801
    outer loop
      vertex 0.00211913 -0.0194851 0.013
      vertex 0.0005 -0.019753 0.0128407
      vertex 0.00216238 -0.0198828 0.0126
    endloop
  endfacet
  facet normal 0.0471503 -0.706208 0.706432
    outer loop
      vertex 0.00216238 -0.0198828 0.0126
      vertex 0.0005 -0.019753 0.0128407
      vertex 0.0005 -0.0199937 0.0126
    endloop
  endfacet
  facet normal -0.0541386 0.998533 0
    outer loop
      vertex 0.0111369 -0.0132369 0.0026
      vertex 0.0111369 -0.0132369 0.013
      vertex 0.011364 -0.0132246 0.0026
    endloop
  endfacet
  facet normal -0.0541386 0.998533 0
    outer loop
      vertex 0.0111369 -0.0132369 0.013
      vertex 0.011364 -0.0132246 0.013
      vertex 0.011364 -0.0132246 0.0026
    endloop
  endfacet
  facet normal -0.161781 0.986827 0
    outer loop
      vertex 0.011364 -0.0132246 0.0026
      vertex 0.011364 -0.0132246 0.013
      vertex 0.0115884 -0.0131878 0.0026
    endloop
  endfacet
  facet normal -0.161781 0.986827 0
    outer loop
      vertex 0.011364 -0.0132246 0.013
      vertex 0.0115884 -0.0131878 0.013
      vertex 0.0115884 -0.0131878 0.0026
    endloop
  endfacet
  facet normal -0.267527 0.96355 0
    outer loop
      vertex 0.0115884 -0.0131878 0.0026
      vertex 0.0115884 -0.0131878 0.013
      vertex 0.0118075 -0.013127 0.0026
    endloop
  endfacet
  facet normal -0.267527 0.96355 0
    outer loop
      vertex 0.0115884 -0.0131878 0.013
      vertex 0.0118075 -0.013127 0.013
      vertex 0.0118075 -0.013127 0.0026
    endloop
  endfacet
  facet normal -0.370139 0.928976 0
    outer loop
      vertex 0.0118075 -0.013127 0.0026
      vertex 0.0118075 -0.013127 0.013
      vertex 0.0120187 -0.0130428 0.0026
    endloop
  endfacet
  facet normal -0.370139 0.928976 0
    outer loop
      vertex 0.0118075 -0.013127 0.013
      vertex 0.0120187 -0.0130428 0.013
      vertex 0.0120187 -0.0130428 0.0026
    endloop
  endfacet
  facet normal -0.468408 0.883512 0
    outer loop
      vertex 0.0120187 -0.0130428 0.0026
      vertex 0.0120187 -0.0130428 0.013
      vertex 0.0122196 -0.0129363 0.0026
    endloop
  endfacet
  facet normal -0.468408 0.883512 0
    outer loop
      vertex 0.0120187 -0.0130428 0.013
      vertex 0.0122196 -0.0129363 0.013
      vertex 0.0122196 -0.0129363 0.0026
    endloop
  endfacet
  facet normal -0.561189 0.827688 0
    outer loop
      vertex 0.0122196 -0.0129363 0.0026
      vertex 0.0122196 -0.0129363 0.013
      vertex 0.0124078 -0.0128087 0.0026
    endloop
  endfacet
  facet normal -0.561189 0.827688 0
    outer loop
      vertex 0.0122196 -0.0129363 0.013
      vertex 0.0124078 -0.0128087 0.013
      vertex 0.0124078 -0.0128087 0.0026
    endloop
  endfacet
  facet normal -0.647386 0.762163 0
    outer loop
      vertex 0.0124078 -0.0128087 0.0026
      vertex 0.0124078 -0.0128087 0.013
      vertex 0.0125811 -0.0126615 0.0026
    endloop
  endfacet
  facet normal -0.647386 0.762163 0
    outer loop
      vertex 0.0124078 -0.0128087 0.013
      vertex 0.0125811 -0.0126615 0.013
      vertex 0.0125811 -0.0126615 0.0026
    endloop
  endfacet
  facet normal -0.725993 0.687702 0
    outer loop
      vertex 0.0125811 -0.0126615 0.0026
      vertex 0.0125811 -0.0126615 0.013
      vertex 0.0127375 -0.0124964 0.0026
    endloop
  endfacet
  facet normal -0.725993 0.687702 0
    outer loop
      vertex 0.0125811 -0.0126615 0.013
      vertex 0.0127375 -0.0124964 0.013
      vertex 0.0127375 -0.0124964 0.0026
    endloop
  endfacet
  facet normal -0.796095 0.605172 0
    outer loop
      vertex 0.0127375 -0.0124964 0.0026
      vertex 0.0127375 -0.0124964 0.013
      vertex 0.0128751 -0.0123154 0.0026
    endloop
  endfacet
  facet normal -0.796095 0.605172 0
    outer loop
      vertex 0.0127375 -0.0124964 0.013
      vertex 0.0128751 -0.0123154 0.013
      vertex 0.0128751 -0.0123154 0.0026
    endloop
  endfacet
  facet normal -0.856856 0.515556 0
    outer loop
      vertex 0.0128751 -0.0123154 0.0026
      vertex 0.0128751 -0.0123154 0.013
      vertex 0.0129923 -0.0121206 0.0026
    endloop
  endfacet
  facet normal -0.856856 0.515556 0
    outer loop
      vertex 0.0128751 -0.0123154 0.013
      vertex 0.0129923 -0.0121206 0.013
      vertex 0.0129923 -0.0121206 0.0026
    endloop
  endfacet
  facet normal -0.907576 0.419887 0
    outer loop
      vertex 0.0129923 -0.0121206 0.0026
      vertex 0.0129923 -0.0121206 0.013
      vertex 0.0130878 -0.0119142 0.0026
    endloop
  endfacet
  facet normal -0.907576 0.419887 0
    outer loop
      vertex 0.0129923 -0.0121206 0.013
      vertex 0.0130878 -0.0119142 0.013
      vertex 0.0130878 -0.0119142 0.0026
    endloop
  endfacet
  facet normal -0.947653 0.319303 0
    outer loop
      vertex 0.0130878 -0.0119142 0.0026
      vertex 0.0130878 -0.0119142 0.013
      vertex 0.0131604 -0.0116987 0.0026
    endloop
  endfacet
  facet normal -0.947653 0.319303 0
    outer loop
      vertex 0.0130878 -0.0119142 0.013
      vertex 0.0131604 -0.0116987 0.013
      vertex 0.0131604 -0.0116987 0.0026
    endloop
  endfacet
  facet normal -0.976621 0.214969 0
    outer loop
      vertex 0.0131604 -0.0116987 0.0026
      vertex 0.0131604 -0.0116987 0.013
      vertex 0.0132093 -0.0114767 0.0026
    endloop
  endfacet
  facet normal -0.976621 0.214969 0
    outer loop
      vertex 0.0131604 -0.0116987 0.013
      vertex 0.0132093 -0.0114767 0.013
      vertex 0.0132093 -0.0114767 0.0026
    endloop
  endfacet
  facet normal -0.994138 0.108117 0
    outer loop
      vertex 0.0132093 -0.0114767 0.0026
      vertex 0.0132093 -0.0114767 0.013
      vertex 0.0132339 -0.0112506 0.0026
    endloop
  endfacet
  facet normal -0.994138 0.108117 0
    outer loop
      vertex 0.0132093 -0.0114767 0.013
      vertex 0.0132339 -0.0112506 0.013
      vertex 0.0132339 -0.0112506 0.0026
    endloop
  endfacet
  facet normal -1 0 0
    outer loop
      vertex 0.0132339 -0.0112506 0.0026
      vertex 0.0132339 -0.0112506 0.013
      vertex 0.0132339 -0.0110232 0.0026
    endloop
  endfacet
  facet normal -1 0 0
    outer loop
      vertex 0.0132339 -0.0112506 0.013
      vertex 0.0132339 -0.0110232 0.013
      vertex 0.0132339 -0.0110232 0.0026
    endloop
  endfacet
  facet normal -0.994138 -0.108117 0
    outer loop
      vertex 0.0132339 -0.0110232 0.0026
      vertex 0.0132339 -0.0110232 0.013
      vertex 0.0132093 -0.0107972 0.0026
    endloop
  endfacet
  facet normal -0.994138 -0.108117 0
    outer loop
      vertex 0.0132339 -0.0110232 0.013
      vertex 0.0132093 -0.0107972 0.013
      vertex 0.0132093 -0.0107972 0.0026
    endloop
  endfacet
  facet normal -0.976621 -0.214969 0
    outer loop
      vertex 0.0132093 -0.0107972 0.0026
      vertex 0.0132093 -0.0107972 0.013
      vertex 0.0131604 -0.0105751 0.0026
    endloop
  endfacet
  facet normal -0.976621 -0.214969 0
    outer loop
      vertex 0.0132093 -0.0107972 0.013
      vertex 0.0131604 -0.0105751 0.013
      vertex 0.0131604 -0.0105751 0.0026
    endloop
  endfacet
  facet normal -0.947653 -0.319303 0
    outer loop
      vertex 0.0131604 -0.0105751 0.0026
      vertex 0.0131604 -0.0105751 0.013
      vertex 0.0130878 -0.0103596 0.0026
    endloop
  endfacet
  facet normal -0.947653 -0.319303 0
    outer loop
      vertex 0.0131604 -0.0105751 0.013
      vertex 0.0130878 -0.0103596 0.013
      vertex 0.0130878 -0.0103596 0.0026
    endloop
  endfacet
  facet normal -0.907576 -0.419887 0
    outer loop
      vertex 0.0130878 -0.0103596 0.0026
      vertex 0.0130878 -0.0103596 0.013
      vertex 0.0129923 -0.0101533 0.0026
    endloop
  endfacet
  facet normal -0.907576 -0.419887 0
    outer loop
      vertex 0.0130878 -0.0103596 0.013
      vertex 0.0129923 -0.0101533 0.013
      vertex 0.0129923 -0.0101533 0.0026
    endloop
  endfacet
  facet normal -0.856856 -0.515556 0
    outer loop
      vertex 0.0129923 -0.0101533 0.0026
      vertex 0.0129923 -0.0101533 0.013
      vertex 0.0128751 -0.00995844 0.0026
    endloop
  endfacet
  facet normal -0.856856 -0.515556 0
    outer loop
      vertex 0.0129923 -0.0101533 0.013
      vertex 0.0128751 -0.00995844 0.013
      vertex 0.0128751 -0.00995844 0.0026
    endloop
  endfacet
  facet normal -0.796095 -0.605172 0
    outer loop
      vertex 0.0128751 -0.00995844 0.0026
      vertex 0.0128751 -0.00995844 0.013
      vertex 0.0127375 -0.00977742 0.0026
    endloop
  endfacet
  facet normal -0.796095 -0.605172 0
    outer loop
      vertex 0.0128751 -0.00995844 0.013
      vertex 0.0127375 -0.00977742 0.013
      vertex 0.0127375 -0.00977742 0.0026
    endloop
  endfacet
  facet normal -0.725993 -0.687702 0
    outer loop
      vertex 0.0127375 -0.00977742 0.0026
      vertex 0.0127375 -0.00977742 0.013
      vertex 0.0125811 -0.00961234 0.0026
    endloop
  endfacet
  facet normal -0.725993 -0.687702 0
    outer loop
      vertex 0.0127375 -0.00977742 0.013
      vertex 0.0125811 -0.00961234 0.013
      vertex 0.0125811 -0.00961234 0.0026
    endloop
  endfacet
  facet normal -0.647386 -0.762163 0
    outer loop
      vertex 0.0125811 -0.00961234 0.0026
      vertex 0.0125811 -0.00961234 0.013
      vertex 0.0124078 -0.00946514 0.0026
    endloop
  endfacet
  facet normal -0.647386 -0.762163 0
    outer loop
      vertex 0.0125811 -0.00961234 0.013
      vertex 0.0124078 -0.00946514 0.013
      vertex 0.0124078 -0.00946514 0.0026
    endloop
  endfacet
  facet normal -0.561189 -0.827688 0
    outer loop
      vertex 0.0124078 -0.00946514 0.0026
      vertex 0.0124078 -0.00946514 0.013
      vertex 0.0122196 -0.00933753 0.0026
    endloop
  endfacet
  facet normal -0.561189 -0.827688 0
    outer loop
      vertex 0.0124078 -0.00946514 0.013
      vertex 0.0122196 -0.00933753 0.013
      vertex 0.0122196 -0.00933753 0.0026
    endloop
  endfacet
  facet normal -0.468408 -0.883512 0
    outer loop
      vertex 0.0122196 -0.00933753 0.0026
      vertex 0.0122196 -0.00933753 0.013
      vertex 0.0120187 -0.00923102 0.0026
    endloop
  endfacet
  facet normal -0.468408 -0.883512 0
    outer loop
      vertex 0.0122196 -0.00933753 0.013
      vertex 0.0120187 -0.00923102 0.013
      vertex 0.0120187 -0.00923102 0.0026
    endloop
  endfacet
  facet normal -0.370139 -0.928976 0
    outer loop
      vertex 0.0120187 -0.00923102 0.0026
      vertex 0.0120187 -0.00923102 0.013
      vertex 0.0118075 -0.00914686 0.0026
    endloop
  endfacet
  facet normal -0.370139 -0.928976 0
    outer loop
      vertex 0.0120187 -0.00923102 0.013
      vertex 0.0118075 -0.00914686 0.013
      vertex 0.0118075 -0.00914686 0.0026
    endloop
  endfacet
  facet normal -0.267527 -0.96355 0
    outer loop
      vertex 0.0118075 -0.00914686 0.0026
      vertex 0.0118075 -0.00914686 0.013
      vertex 0.0115884 -0.00908603 0.0026
    endloop
  endfacet
  facet normal -0.267527 -0.96355 0
    outer loop
      vertex 0.0118075 -0.00914686 0.013
      vertex 0.0115884 -0.00908603 0.013
      vertex 0.0115884 -0.00908603 0.0026
    endloop
  endfacet
  facet normal -0.161781 -0.986827 0
    outer loop
      vertex 0.0115884 -0.00908603 0.0026
      vertex 0.0115884 -0.00908603 0.013
      vertex 0.011364 -0.00904924 0.0026
    endloop
  endfacet
  facet normal -0.161781 -0.986827 0
    outer loop
      vertex 0.0115884 -0.00908603 0.013
      vertex 0.011364 -0.00904924 0.013
      vertex 0.011364 -0.00904924 0.0026
    endloop
  endfacet
  facet normal -0.0541386 -0.998533 0
    outer loop
      vertex 0.011364 -0.00904924 0.0026
      vertex 0.011364 -0.00904924 0.013
      vertex 0.0111369 -0.00903693 0.0026
    endloop
  endfacet
  facet normal -0.0541386 -0.998533 0
    outer loop
      vertex 0.011364 -0.00904924 0.013
      vertex 0.0111369 -0.00903693 0.013
      vertex 0.0111369 -0.00903693 0.0026
    endloop
  endfacet
  facet normal 0.0541386 -0.998533 0
    outer loop
      vertex 0.0111369 -0.00903693 0.0026
      vertex 0.0111369 -0.00903693 0.013
      vertex 0.0109099 -0.00904924 0.0026
    endloop
  endfacet
  facet normal 0.0541386 -0.998533 0
    outer loop
      vertex 0.0111369 -0.00903693 0.013
      vertex 0.0109099 -0.00904924 0.013
      vertex 0.0109099 -0.00904924 0.0026
    endloop
  endfacet
  facet normal 0.161782 -0.986827 0
    outer loop
      vertex 0.0109099 -0.00904924 0.0026
      vertex 0.0109099 -0.00904924 0.013
      vertex 0.0106855 -0.00908603 0.0026
    endloop
  endfacet
  facet normal 0.161782 -0.986827 0
    outer loop
      vertex 0.0109099 -0.00904924 0.013
      vertex 0.0106855 -0.00908603 0.013
      vertex 0.0106855 -0.00908603 0.0026
    endloop
  endfacet
  facet normal 0.267527 -0.96355 0
    outer loop
      vertex 0.0106855 -0.00908603 0.0026
      vertex 0.0106855 -0.00908603 0.013
      vertex 0.0104664 -0.00914686 0.0026
    endloop
  endfacet
  facet normal 0.267527 -0.96355 0
    outer loop
      vertex 0.0106855 -0.00908603 0.013
      vertex 0.0104664 -0.00914686 0.013
      vertex 0.0104664 -0.00914686 0.0026
    endloop
  endfacet
  facet normal 0.370139 -0.928976 0
    outer loop
      vertex 0.0104664 -0.00914686 0.0026
      vertex 0.0104664 -0.00914686 0.013
      vertex 0.0102552 -0.00923102 0.0026
    endloop
  endfacet
  facet normal 0.370139 -0.928976 0
    outer loop
      vertex 0.0104664 -0.00914686 0.013
      vertex 0.0102552 -0.00923102 0.013
      vertex 0.0102552 -0.00923102 0.0026
    endloop
  endfacet
  facet normal 0.468408 -0.883512 0
    outer loop
      vertex 0.0102552 -0.00923102 0.0026
      vertex 0.0102552 -0.00923102 0.013
      vertex 0.0100543 -0.00933753 0.0026
    endloop
  endfacet
  facet normal 0.468408 -0.883512 0
    outer loop
      vertex 0.0102552 -0.00923102 0.013
      vertex 0.0100543 -0.00933753 0.013
      vertex 0.0100543 -0.00933753 0.0026
    endloop
  endfacet
  facet normal 0.561189 -0.827688 0
    outer loop
      vertex 0.0100543 -0.00933753 0.0026
      vertex 0.0100543 -0.00933753 0.013
      vertex 0.00986607 -0.00946514 0.0026
    endloop
  endfacet
  facet normal 0.561189 -0.827688 0
    outer loop
      vertex 0.0100543 -0.00933753 0.013
      vertex 0.00986607 -0.00946514 0.013
      vertex 0.00986607 -0.00946514 0.0026
    endloop
  endfacet
  facet normal 0.647386 -0.762163 0
    outer loop
      vertex 0.00986607 -0.00946514 0.0026
      vertex 0.00986607 -0.00946514 0.013
      vertex 0.00969276 -0.00961234 0.0026
    endloop
  endfacet
  facet normal 0.647386 -0.762163 0
    outer loop
      vertex 0.00986607 -0.00946514 0.013
      vertex 0.00969276 -0.00961234 0.013
      vertex 0.00969276 -0.00961234 0.0026
    endloop
  endfacet
  facet normal 0.725993 -0.687702 0
    outer loop
      vertex 0.00969276 -0.00961234 0.0026
      vertex 0.00969276 -0.00961234 0.013
      vertex 0.00953639 -0.00977742 0.0026
    endloop
  endfacet
  facet normal 0.725993 -0.687702 0
    outer loop
      vertex 0.00969276 -0.00961234 0.013
      vertex 0.00953639 -0.00977742 0.013
      vertex 0.00953639 -0.00977742 0.0026
    endloop
  endfacet
  facet normal 0.796093 -0.605174 0
    outer loop
      vertex 0.00953639 -0.00977742 0.0026
      vertex 0.00953639 -0.00977742 0.013
      vertex 0.00939878 -0.00995844 0.0026
    endloop
  endfacet
  facet normal 0.796093 -0.605174 0
    outer loop
      vertex 0.00953639 -0.00977742 0.013
      vertex 0.00939878 -0.00995844 0.013
      vertex 0.00939878 -0.00995844 0.0026
    endloop
  endfacet
  facet normal 0.856858 -0.515553 0
    outer loop
      vertex 0.00939878 -0.00995844 0.0026
      vertex 0.00939878 -0.00995844 0.013
      vertex 0.00928156 -0.0101533 0.0026
    endloop
  endfacet
  facet normal 0.856858 -0.515553 0
    outer loop
      vertex 0.00939878 -0.00995844 0.013
      vertex 0.00928156 -0.0101533 0.013
      vertex 0.00928156 -0.0101533 0.0026
    endloop
  endfacet
  facet normal 0.907576 -0.419887 0
    outer loop
      vertex 0.00928156 -0.0101533 0.0026
      vertex 0.00928156 -0.0101533 0.013
      vertex 0.00918608 -0.0103596 0.0026
    endloop
  endfacet
  facet normal 0.907576 -0.419887 0
    outer loop
      vertex 0.00928156 -0.0101533 0.013
      vertex 0.00918608 -0.0103596 0.013
      vertex 0.00918608 -0.0103596 0.0026
    endloop
  endfacet
  facet normal 0.947653 -0.319303 0
    outer loop
      vertex 0.00918608 -0.0103596 0.0026
      vertex 0.00918608 -0.0103596 0.013
      vertex 0.00911348 -0.0105751 0.0026
    endloop
  endfacet
  facet normal 0.947653 -0.319303 0
    outer loop
      vertex 0.00918608 -0.0103596 0.013
      vertex 0.00911348 -0.0105751 0.013
      vertex 0.00911348 -0.0105751 0.0026
    endloop
  endfacet
  facet normal 0.976621 -0.214969 0
    outer loop
      vertex 0.00911348 -0.0105751 0.0026
      vertex 0.00911348 -0.0105751 0.013
      vertex 0.0090646 -0.0107972 0.0026
    endloop
  endfacet
  facet normal 0.976621 -0.214969 0
    outer loop
      vertex 0.00911348 -0.0105751 0.013
      vertex 0.0090646 -0.0107972 0.013
      vertex 0.0090646 -0.0107972 0.0026
    endloop
  endfacet
  facet normal 0.994138 -0.108117 0
    outer loop
      vertex 0.0090646 -0.0107972 0.0026
      vertex 0.0090646 -0.0107972 0.013
      vertex 0.00904001 -0.0110232 0.0026
    endloop
  endfacet
  facet normal 0.994138 -0.108117 0
    outer loop
      vertex 0.0090646 -0.0107972 0.013
      vertex 0.00904001 -0.0110232 0.013
      vertex 0.00904001 -0.0110232 0.0026
    endloop
  endfacet
  facet normal 1 0 0
    outer loop
      vertex 0.00904001 -0.0110232 0.0026
      vertex 0.00904001 -0.0110232 0.013
      vertex 0.00904001 -0.0112506 0.0026
    endloop
  endfacet
  facet normal 1 0 0
    outer loop
      vertex 0.00904001 -0.0110232 0.013
      vertex 0.00904001 -0.0112506 0.013
      vertex 0.00904001 -0.0112506 0.0026
    endloop
  endfacet
  facet normal 0.994138 0.108117 0
    outer loop
      vertex 0.00904001 -0.0112506 0.0026
      vertex 0.00904001 -0.0112506 0.013
      vertex 0.0090646 -0.0114767 0.0026
    endloop
  endfacet
  facet normal 0.994138 0.108117 0
    outer loop
      vertex 0.00904001 -0.0112506 0.013
      vertex 0.0090646 -0.0114767 0.013
      vertex 0.0090646 -0.0114767 0.0026
    endloop
  endfacet
  facet normal 0.976621 0.214969 0
    outer loop
      vertex 0.0090646 -0.0114767 0.0026
      vertex 0.0090646 -0.0114767 0.013
      vertex 0.00911348 -0.0116987 0.0026
    endloop
  endfacet
  facet normal 0.976621 0.214969 0
    outer loop
      vertex 0.0090646 -0.0114767 0.013
      vertex 0.00911348 -0.0116987 0.013
      vertex 0.00911348 -0.0116987 0.0026
    endloop
  endfacet
  facet normal 0.947653 0.319303 0
    outer loop
      vertex 0.00911348 -0.0116987 0.0026
      vertex 0.00911348 -0.0116987 0.013
      vertex 0.00918608 -0.0119142 0.0026
    endloop
  endfacet
  facet normal 0.947653 0.319303 0
    outer loop
      vertex 0.00911348 -0.0116987 0.013
      vertex 0.00918608 -0.0119142 0.013
      vertex 0.00918608 -0.0119142 0.0026
    endloop
  endfacet
  facet normal 0.907576 0.419887 0
    outer loop
      vertex 0.00918608 -0.0119142 0.0026
      vertex 0.00918608 -0.0119142 0.013
      vertex 0.00928156 -0.0121206 0.0026
    endloop
  endfacet
  facet normal 0.907576 0.419887 0
    outer loop
      vertex 0.00918608 -0.0119142 0.013
      vertex 0.00928156 -0.0121206 0.013
      vertex 0.00928156 -0.0121206 0.0026
    endloop
  endfacet
  facet normal 0.856858 0.515553 0
    outer loop
      vertex 0.00928156 -0.0121206 0.0026
      vertex 0.00928156 -0.0121206 0.013
      vertex 0.00939878 -0.0123154 0.0026
    endloop
  endfacet
  facet normal 0.856858 0.515553 0
    outer loop
      vertex 0.00928156 -0.0121206 0.013
      vertex 0.00939878 -0.0123154 0.013
      vertex 0.00939878 -0.0123154 0.0026
    endloop
  endfacet
  facet normal 0.796093 0.605174 0
    outer loop
      vertex 0.00939878 -0.0123154 0.0026
      vertex 0.00939878 -0.0123154 0.013
      vertex 0.00953639 -0.0124964 0.0026
    endloop
  endfacet
  facet normal 0.796093 0.605174 0
    outer loop
      vertex 0.00939878 -0.0123154 0.013
      vertex 0.00953639 -0.0124964 0.013
      vertex 0.00953639 -0.0124964 0.0026
    endloop
  endfacet
  facet normal 0.725993 0.687702 0
    outer loop
      vertex 0.00953639 -0.0124964 0.0026
      vertex 0.00953639 -0.0124964 0.013
      vertex 0.00969276 -0.0126615 0.0026
    endloop
  endfacet
  facet normal 0.725993 0.687702 0
    outer loop
      vertex 0.00953639 -0.0124964 0.013
      vertex 0.00969276 -0.0126615 0.013
      vertex 0.00969276 -0.0126615 0.0026
    endloop
  endfacet
  facet normal 0.647386 0.762163 0
    outer loop
      vertex 0.00969276 -0.0126615 0.0026
      vertex 0.00969276 -0.0126615 0.013
      vertex 0.00986607 -0.0128087 0.0026
    endloop
  endfacet
  facet normal 0.647386 0.762163 0
    outer loop
      vertex 0.00969276 -0.0126615 0.013
      vertex 0.00986607 -0.0128087 0.013
      vertex 0.00986607 -0.0128087 0.0026
    endloop
  endfacet
  facet normal 0.561189 0.827688 0
    outer loop
      vertex 0.00986607 -0.0128087 0.0026
      vertex 0.00986607 -0.0128087 0.013
      vertex 0.0100543 -0.0129363 0.0026
    endloop
  endfacet
  facet normal 0.561189 0.827688 0
    outer loop
      vertex 0.00986607 -0.0128087 0.013
      vertex 0.0100543 -0.0129363 0.013
      vertex 0.0100543 -0.0129363 0.0026
    endloop
  endfacet
  facet normal 0.468408 0.883512 0
    outer loop
      vertex 0.0100543 -0.0129363 0.0026
      vertex 0.0100543 -0.0129363 0.013
      vertex 0.0102552 -0.0130428 0.0026
    endloop
  endfacet
  facet normal 0.468408 0.883512 0
    outer loop
      vertex 0.0100543 -0.0129363 0.013
      vertex 0.0102552 -0.0130428 0.013
      vertex 0.0102552 -0.0130428 0.0026
    endloop
  endfacet
  facet normal 0.370139 0.928976 0
    outer loop
      vertex 0.0102552 -0.0130428 0.0026
      vertex 0.0102552 -0.0130428 0.013
      vertex 0.0104664 -0.013127 0.0026
    endloop
  endfacet
  facet normal 0.370139 0.928976 0
    outer loop
      vertex 0.0102552 -0.0130428 0.013
      vertex 0.0104664 -0.013127 0.013
      vertex 0.0104664 -0.013127 0.0026
    endloop
  endfacet
  facet normal 0.267527 0.96355 0
    outer loop
      vertex 0.0104664 -0.013127 0.0026
      vertex 0.0104664 -0.013127 0.013
      vertex 0.0106855 -0.0131878 0.0026
    endloop
  endfacet
  facet normal 0.267527 0.96355 0
    outer loop
      vertex 0.0104664 -0.013127 0.013
      vertex 0.0106855 -0.0131878 0.013
      vertex 0.0106855 -0.0131878 0.0026
    endloop
  endfacet
  facet normal 0.161782 0.986827 0
    outer loop
      vertex 0.0106855 -0.0131878 0.0026
      vertex 0.0106855 -0.0131878 0.013
      vertex 0.0109099 -0.0132246 0.0026
    endloop
  endfacet
  facet normal 0.161782 0.986827 0
    outer loop
      vertex 0.0106855 -0.0131878 0.013
      vertex 0.0109099 -0.0132246 0.013
      vertex 0.0109099 -0.0132246 0.0026
    endloop
  endfacet
  facet normal 0.0541386 0.998533 0
    outer loop
      vertex 0.0109099 -0.0132246 0.0026
      vertex 0.0109099 -0.0132246 0.013
      vertex 0.0111369 -0.0132369 0.0026
    endloop
  endfacet
  facet normal 0.0541386 0.998533 0
    outer loop
      vertex 0.0109099 -0.0132246 0.013
      vertex 0.0111369 -0.0132369 0.013
      vertex 0.0111369 -0.0132369 0.0026
    endloop
  endfacet
  facet normal -0.0541386 0.998533 0
    outer loop
      vertex 0.0111369 0.00903693 0.0026
      vertex 0.0111369 0.00903693 0.013
      vertex 0.011364 0.00904924 0.0026
    endloop
  endfacet
  facet normal -0.0541386 0.998533 0
    outer loop
      vertex 0.0111369 0.00903693 0.013
      vertex 0.011364 0.00904924 0.013
      vertex 0.011364 0.00904924 0.0026
    endloop
  endfacet
  facet normal -0.161781 0.986827 0
    outer loop
      vertex 0.011364 0.00904924 0.0026
      vertex 0.011364 0.00904924 0.013
      vertex 0.0115884 0.00908603 0.0026
    endloop
  endfacet
  facet normal -0.161781 0.986827 0
    outer loop
      vertex 0.011364 0.00904924 0.013
      vertex 0.0115884 0.00908603 0.013
      vertex 0.0115884 0.00908603 0.0026
    endloop
  endfacet
  facet normal -0.267527 0.96355 0
    outer loop
      vertex 0.0115884 0.00908603 0.0026
      vertex 0.0115884 0.00908603 0.013
      vertex 0.0118075 0.00914686 0.0026
    endloop
  endfacet
  facet normal -0.267527 0.96355 0
    outer loop
      vertex 0.0115884 0.00908603 0.013
      vertex 0.0118075 0.00914686 0.013
      vertex 0.0118075 0.00914686 0.0026
    endloop
  endfacet
  facet normal -0.370139 0.928976 0
    outer loop
      vertex 0.0118075 0.00914686 0.0026
      vertex 0.0118075 0.00914686 0.013
      vertex 0.0120187 0.00923102 0.0026
    endloop
  endfacet
  facet normal -0.370139 0.928976 0
    outer loop
      vertex 0.0118075 0.00914686 0.013
      vertex 0.0120187 0.00923102 0.013
      vertex 0.0120187 0.00923102 0.0026
    endloop
  endfacet
  facet normal -0.468408 0.883512 0
    outer loop
      vertex 0.0120187 0.00923102 0.0026
      vertex 0.0120187 0.00923102 0.013
      vertex 0.0122196 0.00933753 0.0026
    endloop
  endfacet
  facet normal -0.468408 0.883512 0
    outer loop
      vertex 0.0120187 0.00923102 0.013
      vertex 0.0122196 0.00933753 0.013
      vertex 0.0122196 0.00933753 0.0026
    endloop
  endfacet
  facet normal -0.561189 0.827688 0
    outer loop
      vertex 0.0122196 0.00933753 0.0026
      vertex 0.0122196 0.00933753 0.013
      vertex 0.0124078 0.00946514 0.0026
    endloop
  endfacet
  facet normal -0.561189 0.827688 0
    outer loop
      vertex 0.0122196 0.00933753 0.013
      vertex 0.0124078 0.00946514 0.013
      vertex 0.0124078 0.00946514 0.0026
    endloop
  endfacet
  facet normal -0.647386 0.762163 0
    outer loop
      vertex 0.0124078 0.00946514 0.0026
      vertex 0.0124078 0.00946514 0.013
      vertex 0.0125811 0.00961234 0.0026
    endloop
  endfacet
  facet normal -0.647386 0.762163 0
    outer loop
      vertex 0.0124078 0.00946514 0.013
      vertex 0.0125811 0.00961234 0.013
      vertex 0.0125811 0.00961234 0.0026
    endloop
  endfacet
  facet normal -0.725993 0.687702 0
    outer loop
      vertex 0.0125811 0.00961234 0.0026
      vertex 0.0125811 0.00961234 0.013
      vertex 0.0127375 0.00977742 0.0026
    endloop
  endfacet
  facet normal -0.725993 0.687702 0
    outer loop
      vertex 0.0125811 0.00961234 0.013
      vertex 0.0127375 0.00977742 0.013
      vertex 0.0127375 0.00977742 0.0026
    endloop
  endfacet
  facet normal -0.796095 0.605172 0
    outer loop
      vertex 0.0127375 0.00977742 0.0026
      vertex 0.0127375 0.00977742 0.013
      vertex 0.0128751 0.00995844 0.0026
    endloop
  endfacet
  facet normal -0.796095 0.605172 0
    outer loop
      vertex 0.0127375 0.00977742 0.013
      vertex 0.0128751 0.00995844 0.013
      vertex 0.0128751 0.00995844 0.0026
    endloop
  endfacet
  facet normal -0.856856 0.515556 0
    outer loop
      vertex 0.0128751 0.00995844 0.0026
      vertex 0.0128751 0.00995844 0.013
      vertex 0.0129923 0.0101533 0.0026
    endloop
  endfacet
  facet normal -0.856856 0.515556 0
    outer loop
      vertex 0.0128751 0.00995844 0.013
      vertex 0.0129923 0.0101533 0.013
      vertex 0.0129923 0.0101533 0.0026
    endloop
  endfacet
  facet normal -0.907576 0.419887 0
    outer loop
      vertex 0.0129923 0.0101533 0.0026
      vertex 0.0129923 0.0101533 0.013
      vertex 0.0130878 0.0103596 0.0026
    endloop
  endfacet
  facet normal -0.907576 0.419887 0
    outer loop
      vertex 0.0129923 0.0101533 0.013
      vertex 0.0130878 0.0103596 0.013
      vertex 0.0130878 0.0103596 0.0026
    endloop
  endfacet
  facet normal -0.947653 0.319303 0
    outer loop
      vertex 0.0130878 0.0103596 0.0026
      vertex 0.0130878 0.0103596 0.013
      vertex 0.0131604 0.0105751 0.0026
    endloop
  endfacet
  facet normal -0.947653 0.319303 0
    outer loop
      vertex 0.0130878 0.0103596 0.013
      vertex 0.0131604 0.0105751 0.013
      vertex 0.0131604 0.0105751 0.0026
    endloop
  endfacet
  facet normal -0.976621 0.214969 0
    outer loop
      vertex 0.0131604 0.0105751 0.0026
      vertex 0.0131604 0.0105751 0.013
      vertex 0.0132093 0.0107972 0.0026
    endloop
  endfacet
  facet normal -0.976621 0.214969 0
    outer loop
      vertex 0.0131604 0.0105751 0.013
      vertex 0.0132093 0.0107972 0.013
      vertex 0.0132093 0.0107972 0.0026
    endloop
  endfacet
  facet normal -0.994138 0.108117 0
    outer loop
      vertex 0.0132093 0.0107972 0.0026
      vertex 0.0132093 0.0107972 0.013
      vertex 0.0132339 0.0110232 0.0026
    endloop
  endfacet
  facet normal -0.994138 0.108117 0
    outer loop
      vertex 0.0132093 0.0107972 0.013
      vertex 0.0132339 0.0110232 0.013
      vertex 0.0132339 0.0110232 0.0026
    endloop
  endfacet
  facet normal -1 0 0
    outer loop
      vertex 0.0132339 0.0110232 0.0026
      vertex 0.0132339 0.0110232 0.013
      vertex 0.0132339 0.0112506 0.0026
    endloop
  endfacet
  facet normal -1 0 0
    outer loop
      vertex 0.0132339 0.0110232 0.013
      vertex 0.0132339 0.0112506 0.013
      vertex 0.0132339 0.0112506 0.0026
    endloop
  endfacet
  facet normal -0.994138 -0.108117 0
    outer loop
      vertex 0.0132339 0.0112506 0.0026
      vertex 0.0132339 0.0112506 0.013
      vertex 0.0132093 0.0114767 0.0026
    endloop
  endfacet
  facet normal -0.994138 -0.108117 0
    outer loop
      vertex 0.0132339 0.0112506 0.013
      vertex 0.0132093 0.0114767 0.013
      vertex 0.0132093 0.0114767 0.0026
    endloop
  endfacet
  facet normal -0.976621 -0.214969 0
    outer loop
      vertex 0.0132093 0.0114767 0.0026
      vertex 0.0132093 0.0114767 0.013
      vertex 0.0131604 0.0116987 0.0026
    endloop
  endfacet
  facet normal -0.976621 -0.214969 0
    outer loop
      vertex 0.0132093 0.0114767 0.013
      vertex 0.0131604 0.0116987 0.013
      vertex 0.0131604 0.0116987 0.0026
    endloop
  endfacet
  facet normal -0.947653 -0.319303 0
    outer loop
      vertex 0.0131604 0.0116987 0.0026
      vertex 0.0131604 0.0116987 0.013
      vertex 0.0130878 0.0119142 0.0026
    endloop
  endfacet
  facet normal -0.947653 -0.319303 0
    outer loop
      vertex 0.0131604 0.0116987 0.013
      vertex 0.0130878 0.0119142 0.013
      vertex 0.0130878 0.0119142 0.0026
    endloop
  endfacet
  facet normal -0.907576 -0.419887 0
    outer loop
      vertex 0.0130878 0.0119142 0.0026
      vertex 0.0130878 0.0119142 0.013
      vertex 0.0129923 0.0121206 0.0026
    endloop
  endfacet
  facet normal -0.907576 -0.419887 0
    outer loop
      vertex 0.0130878 0.0119142 0.013
      vertex 0.0129923 0.0121206 0.013
      vertex 0.0129923 0.0121206 0.0026
    endloop
  endfacet
  facet normal -0.856856 -0.515556 0
    outer loop
      vertex 0.0129923 0.0121206 0.0026
      vertex 0.0129923 0.0121206 0.013
      vertex 0.0128751 0.0123154 0.0026
    endloop
  endfacet
  facet normal -0.856856 -0.515556 0
    outer loop
      vertex 0.0129923 0.0121206 0.013
      vertex 0.0128751 0.0123154 0.013
      vertex 0.0128751 0.0123154 0.0026
    endloop
  endfacet
  facet normal -0.796095 -0.605172 0
    outer loop
      vertex 0.0128751 0.0123154 0.0026
      vertex 0.0128751 0.0123154 0.013
      vertex 0.0127375 0.0124964 0.0026
    endloop
  endfacet
  facet normal -0.796095 -0.605172 0
    outer loop
      vertex 0.0128751 0.0123154 0.013
      vertex 0.0127375 0.0124964 0.013
      vertex 0.0127375 0.0124964 0.0026
    endloop
  endfacet
  facet normal -0.725993 -0.687702 0
    outer loop
      vertex 0.0127375 0.0124964 0.0026
      vertex 0.0127375 0.0124964 0.013
      vertex 0.0125811 0.0126615 0.0026
    endloop
  endfacet
  facet normal -0.725993 -0.687702 0
    outer loop
      vertex 0.0127375 0.0124964 0.013
      vertex 0.0125811 0.0126615 0.013
      vertex 0.0125811 0.0126615 0.0026
    endloop
  endfacet
  facet normal -0.647386 -0.762163 0
    outer loop
      vertex 0.0125811 0.0126615 0.0026
      vertex 0.0125811 0.0126615 0.013
      vertex 0.0124078 0.0128087 0.0026
    endloop
  endfacet
  facet normal -0.647386 -0.762163 0
    outer loop
      vertex 0.0125811 0.0126615 0.013
      vertex 0.0124078 0.0128087 0.013
      vertex 0.0124078 0.0128087 0.0026
    endloop
  endfacet
  facet normal -0.561189 -0.827688 0
    outer loop
      vertex 0.0124078 0.0128087 0.0026
      vertex 0.0124078 0.0128087 0.013
      vertex 0.0122196 0.0129363 0.0026
    endloop
  endfacet
  facet normal -0.561189 -0.827688 0
    outer loop
      vertex 0.0124078 0.0128087 0.013
      vertex 0.0122196 0.0129363 0.013
      vertex 0.0122196 0.0129363 0.0026
    endloop
  endfacet
  facet normal -0.468408 -0.883512 0
    outer loop
      vertex 0.0122196 0.0129363 0.0026
      vertex 0.0122196 0.0129363 0.013
      vertex 0.0120187 0.0130428 0.0026
    endloop
  endfacet
  facet normal -0.468408 -0.883512 0
    outer loop
      vertex 0.0122196 0.0129363 0.013
      vertex 0.0120187 0.0130428 0.013
      vertex 0.0120187 0.0130428 0.0026
    endloop
  endfacet
  facet normal -0.370139 -0.928976 0
    outer loop
      vertex 0.0120187 0.0130428 0.0026
      vertex 0.0120187 0.0130428 0.013
      vertex 0.0118075 0.013127 0.0026
    endloop
  endfacet
  facet normal -0.370139 -0.928976 0
    outer loop
      vertex 0.0120187 0.0130428 0.013
      vertex 0.0118075 0.013127 0.013
      vertex 0.0118075 0.013127 0.0026
    endloop
  endfacet
  facet normal -0.267527 -0.96355 0
    outer loop
      vertex 0.0118075 0.013127 0.0026
      vertex 0.0118075 0.013127 0.013
      vertex 0.0115884 0.0131878 0.0026
    endloop
  endfacet
  facet normal -0.267527 -0.96355 0
    outer loop
      vertex 0.0118075 0.013127 0.013
      vertex 0.0115884 0.0131878 0.013
      vertex 0.0115884 0.0131878 0.0026
    endloop
  endfacet
  facet normal -0.161781 -0.986827 0
    outer loop
      vertex 0.0115884 0.0131878 0.0026
      vertex 0.0115884 0.0131878 0.013
      vertex 0.011364 0.0132246 0.0026
    endloop
  endfacet
  facet normal -0.161781 -0.986827 0
    outer loop
      vertex 0.0115884 0.0131878 0.013
      vertex 0.011364 0.0132246 0.013
      vertex 0.011364 0.0132246 0.0026
    endloop
  endfacet
  facet normal -0.0541386 -0.998533 0
    outer loop
      vertex 0.011364 0.0132246 0.0026
      vertex 0.011364 0.0132246 0.013
      vertex 0.0111369 0.0132369 0.0026
    endloop
  endfacet
  facet normal -0.0541386 -0.998533 0
    outer loop
      vertex 0.011364 0.0132246 0.013
      vertex 0.0111369 0.0132369 0.013
      vertex 0.0111369 0.0132369 0.0026
    endloop
  endfacet
  facet normal 0.0541386 -0.998533 0
    outer loop
      vertex 0.0111369 0.0132369 0.0026
      vertex 0.0111369 0.0132369 0.013
      vertex 0.0109099 0.0132246 0.0026
    endloop
  endfacet
  facet normal 0.0541386 -0.998533 0
    outer loop
      vertex 0.0111369 0.0132369 0.013
      vertex 0.0109099 0.0132246 0.013
      vertex 0.0109099 0.0132246 0.0026
    endloop
  endfacet
  facet normal 0.161782 -0.986827 0
    outer loop
      vertex 0.0109099 0.0132246 0.0026
      vertex 0.0109099 0.0132246 0.013
      vertex 0.0106855 0.0131878 0.0026
    endloop
  endfacet
  facet normal 0.161782 -0.986827 0
    outer loop
      vertex 0.0109099 0.0132246 0.013
      vertex 0.0106855 0.0131878 0.013
      vertex 0.0106855 0.0131878 0.0026
    endloop
  endfacet
  facet normal 0.267527 -0.96355 0
    outer loop
      vertex 0.0106855 0.0131878 0.0026
      vertex 0.0106855 0.0131878 0.013
      vertex 0.0104664 0.013127 0.0026
    endloop
  endfacet
  facet normal 0.267527 -0.96355 0
    outer loop
      vertex 0.0106855 0.0131878 0.013
      vertex 0.0104664 0.013127 0.013
      vertex 0.0104664 0.013127 0.0026
    endloop
  endfacet
  facet normal 0.370139 -0.928976 0
    outer loop
      vertex 0.0104664 0.013127 0.0026
      vertex 0.0104664 0.013127 0.013
      vertex 0.0102552 0.0130428 0.0026
    endloop
  endfacet
  facet normal 0.370139 -0.928976 0
    outer loop
      vertex 0.0104664 0.013127 0.013
      vertex 0.0102552 0.0130428 0.013
      vertex 0.0102552 0.0130428 0.0026
    endloop
  endfacet
  facet normal 0.468408 -0.883512 0
    outer loop
      vertex 0.0102552 0.0130428 0.0026
      vertex 0.0102552 0.0130428 0.013
      vertex 0.0100543 0.0129363 0.0026
    endloop
  endfacet
  facet normal 0.468408 -0.883512 0
    outer loop
      vertex 0.0102552 0.0130428 0.013
      vertex 0.0100543 0.0129363 0.013
      vertex 0.0100543 0.0129363 0.0026
    endloop
  endfacet
  facet normal 0.561189 -0.827688 0
    outer loop
      vertex 0.0100543 0.0129363 0.0026
      vertex 0.0100543 0.0129363 0.013
      vertex 0.00986607 0.0128087 0.0026
    endloop
  endfacet
  facet normal 0.561189 -0.827688 0
    outer loop
      vertex 0.0100543 0.0129363 0.013
      vertex 0.00986607 0.0128087 0.013
      vertex 0.00986607 0.0128087 0.0026
    endloop
  endfacet
  facet normal 0.647386 -0.762163 0
    outer loop
      vertex 0.00986607 0.0128087 0.0026
      vertex 0.00986607 0.0128087 0.013
      vertex 0.00969276 0.0126615 0.0026
    endloop
  endfacet
  facet normal 0.647386 -0.762163 0
    outer loop
      vertex 0.00986607 0.0128087 0.013
      vertex 0.00969276 0.0126615 0.013
      vertex 0.00969276 0.0126615 0.0026
    endloop
  endfacet
  facet normal 0.725993 -0.687702 0
    outer loop
      vertex 0.00969276 0.0126615 0.0026
      vertex 0.00969276 0.0126615 0.013
      vertex 0.00953639 0.0124964 0.0026
    endloop
  endfacet
  facet normal 0.725993 -0.687702 0
    outer loop
      vertex 0.00969276 0.0126615 0.013
      vertex 0.00953639 0.0124964 0.013
      vertex 0.00953639 0.0124964 0.0026
    endloop
  endfacet
  facet normal 0.796093 -0.605174 0
    outer loop
      vertex 0.00953639 0.0124964 0.0026
      vertex 0.00953639 0.0124964 0.013
      vertex 0.00939878 0.0123154 0.0026
    endloop
  endfacet
  facet normal 0.796093 -0.605174 0
    outer loop
      vertex 0.00953639 0.0124964 0.013
      vertex 0.00939878 0.0123154 0.013
      vertex 0.00939878 0.0123154 0.0026
    endloop
  endfacet
  facet normal 0.856858 -0.515553 0
    outer loop
      vertex 0.00939878 0.0123154 0.0026
      vertex 0.00939878 0.0123154 0.013
      vertex 0.00928156 0.0121206 0.0026
    endloop
  endfacet
  facet normal 0.856858 -0.515553 0
    outer loop
      vertex 0.00939878 0.0123154 0.013
      vertex 0.00928156 0.0121206 0.013
      vertex 0.00928156 0.0121206 0.0026
    endloop
  endfacet
  facet normal 0.907576 -0.419887 0
    outer loop
      vertex 0.00928156 0.0121206 0.0026
      vertex 0.00928156 0.0121206 0.013
      vertex 0.00918608 0.0119142 0.0026
    endloop
  endfacet
  facet normal 0.907576 -0.419887 0
    outer loop
      vertex 0.00928156 0.0121206 0.013
      vertex 0.00918608 0.0119142 0.013
      vertex 0.00918608 0.0119142 0.0026
    endloop
  endfacet
  facet normal 0.947653 -0.319303 0
    outer loop
      vertex 0.00918608 0.0119142 0.0026
      vertex 0.00918608 0.0119142 0.013
      vertex 0.00911348 0.0116987 0.0026
    endloop
  endfacet
  facet normal 0.947653 -0.319303 0
    outer loop
      vertex 0.00918608 0.0119142 0.013
      vertex 0.00911348 0.0116987 0.013
      vertex 0.00911348 0.0116987 0.0026
    endloop
  endfacet
  facet normal 0.976621 -0.214969 0
    outer loop
      vertex 0.00911348 0.0116987 0.0026
      vertex 0.00911348 0.0116987 0.013
      vertex 0.0090646 0.0114767 0.0026
    endloop
  endfacet
  facet normal 0.976621 -0.214969 0
    outer loop
      vertex 0.00911348 0.0116987 0.013
      vertex 0.0090646 0.0114767 0.013
      vertex 0.0090646 0.0114767 0.0026
    endloop
  endfacet
  facet normal 0.994138 -0.108117 0
    outer loop
      vertex 0.0090646 0.0114767 0.0026
      vertex 0.0090646 0.0114767 0.013
      vertex 0.00904001 0.0112506 0.0026
    endloop
  endfacet
  facet normal 0.994138 -0.108117 0
    outer loop
      vertex 0.0090646 0.0114767 0.013
      vertex 0.00904001 0.0112506 0.013
      vertex 0.00904001 0.0112506 0.0026
    endloop
  endfacet
  facet normal 1 0 0
    outer loop
      vertex 0.00904001 0.0112506 0.0026
      vertex 0.00904001 0.0112506 0.013
      vertex 0.00904001 0.0110232 0.0026
    endloop
  endfacet
  facet normal 1 0 0
    outer loop
      vertex 0.00904001 0.0112506 0.013
      vertex 0.00904001 0.0110232 0.013
      vertex 0.00904001 0.0110232 0.0026
    endloop
  endfacet
  facet normal 0.994138 0.108117 0
    outer loop
      vertex 0.00904001 0.0110232 0.0026
      vertex 0.00904001 0.0110232 0.013
      vertex 0.0090646 0.0107972 0.0026
    endloop
  endfacet
  facet normal 0.994138 0.108117 0
    outer loop
      vertex 0.00904001 0.0110232 0.013
      vertex 0.0090646 0.0107972 0.013
      vertex 0.0090646 0.0107972 0.0026
    endloop
  endfacet
  facet normal 0.976621 0.214969 0
    outer loop
      vertex 0.0090646 0.0107972 0.0026
      vertex 0.0090646 0.0107972 0.013
      vertex 0.00911348 0.0105751 0.0026
    endloop
  endfacet
  facet normal 0.976621 0.214969 0
    outer loop
      vertex 0.0090646 0.0107972 0.013
      vertex 0.00911348 0.0105751 0.013
      vertex 0.00911348 0.0105751 0.0026
    endloop
  endfacet
  facet normal 0.947653 0.319303 0
    outer loop
      vertex 0.00911348 0.0105751 0.0026
      vertex 0.00911348 0.0105751 0.013
      vertex 0.00918608 0.0103596 0.0026
    endloop
  endfacet
  facet normal 0.947653 0.319303 0
    outer loop
      vertex 0.00911348 0.0105751 0.013
      vertex 0.00918608 0.0103596 0.013
      vertex 0.00918608 0.0103596 0.0026
    endloop
  endfacet
  facet normal 0.907576 0.419887 0
    outer loop
      vertex 0.00918608 0.0103596 0.0026
      vertex 0.00918608 0.0103596 0.013
      vertex 0.00928156 0.0101533 0.0026
    endloop
  endfacet
  facet normal 0.907576 0.419887 0
    outer loop
      vertex 0.00918608 0.0103596 0.013
      vertex 0.00928156 0.0101533 0.013
      vertex 0.00928156 0.0101533 0.0026
    endloop
  endfacet
  facet normal 0.856858 0.515553 0
    outer loop
      vertex 0.00928156 0.0101533 0.0026
      vertex 0.00928156 0.0101533 0.013
      vertex 0.00939878 0.00995844 0.0026
    endloop
  endfacet
  facet normal 0.856858 0.515553 0
    outer loop
      vertex 0.00928156 0.0101533 0.013
      vertex 0.00939878 0.00995844 0.013
      vertex 0.00939878 0.00995844 0.0026
    endloop
  endfacet
  facet normal 0.796093 0.605174 0
    outer loop
      vertex 0.00939878 0.00995844 0.0026
      vertex 0.00939878 0.00995844 0.013
      vertex 0.00953639 0.00977742 0.0026
    endloop
  endfacet
  facet normal 0.796093 0.605174 0
    outer loop
      vertex 0.00939878 0.00995844 0.013
      vertex 0.00953639 0.00977742 0.013
      vertex 0.00953639 0.00977742 0.0026
    endloop
  endfacet
  facet normal 0.725993 0.687702 0
    outer loop
      vertex 0.00953639 0.00977742 0.0026
      vertex 0.00953639 0.00977742 0.013
      vertex 0.00969276 0.00961234 0.0026
    endloop
  endfacet
  facet normal 0.725993 0.687702 0
    outer loop
      vertex 0.00953639 0.00977742 0.013
      vertex 0.00969276 0.00961234 0.013
      vertex 0.00969276 0.00961234 0.0026
    endloop
  endfacet
  facet normal 0.647386 0.762163 0
    outer loop
      vertex 0.00969276 0.00961234 0.0026
      vertex 0.00969276 0.00961234 0.013
      vertex 0.00986607 0.00946514 0.0026
    endloop
  endfacet
  facet normal 0.647386 0.762163 0
    outer loop
      vertex 0.00969276 0.00961234 0.013
      vertex 0.00986607 0.00946514 0.013
      vertex 0.00986607 0.00946514 0.0026
    endloop
  endfacet
  facet normal 0.561189 0.827688 0
    outer loop
      vertex 0.00986607 0.00946514 0.0026
      vertex 0.00986607 0.00946514 0.013
      vertex 0.0100543 0.00933753 0.0026
    endloop
  endfacet
  facet normal 0.561189 0.827688 0
    outer loop
      vertex 0.00986607 0.00946514 0.013
      vertex 0.0100543 0.00933753 0.013
      vertex 0.0100543 0.00933753 0.0026
    endloop
  endfacet
  facet normal 0.468408 0.883512 0
    outer loop
      vertex 0.0100543 0.00933753 0.0026
      vertex 0.0100543 0.00933753 0.013
      vertex 0.0102552 0.00923102 0.0026
    endloop
  endfacet
  facet normal 0.468408 0.883512 0
    outer loop
      vertex 0.0100543 0.00933753 0.013
      vertex 0.0102552 0.00923102 0.013
      vertex 0.0102552 0.00923102 0.0026
    endloop
  endfacet
  facet normal 0.370139 0.928976 0
    outer loop
      vertex 0.0102552 0.00923102 0.0026
      vertex 0.0102552 0.00923102 0.013
      vertex 0.0104664 0.00914686 0.0026
    endloop
  endfacet
  facet normal 0.370139 0.928976 0
    outer loop
      vertex 0.0102552 0.00923102 0.013
      vertex 0.0104664 0.00914686 0.013
      vertex 0.0104664 0.00914686 0.0026
    endloop
  endfacet
  facet normal 0.267527 0.96355 0
    outer loop
      vertex 0.0104664 0.00914686 0.0026
      vertex 0.0104664 0.00914686 0.013
      vertex 0.0106855 0.00908603 0.0026
    endloop
  endfacet
  facet normal 0.267527 0.96355 0
    outer loop
      vertex 0.0104664 0.00914686 0.013
      vertex 0.0106855 0.00908603 0.013
      vertex 0.0106855 0.00908603 0.0026
    endloop
  endfacet
  facet normal 0.161782 0.986827 0
    outer loop
      vertex 0.0106855 0.00908603 0.0026
      vertex 0.0106855 0.00908603 0.013
      vertex 0.0109099 0.00904924 0.0026
    endloop
  endfacet
  facet normal 0.161782 0.986827 0
    outer loop
      vertex 0.0106855 0.00908603 0.013
      vertex 0.0109099 0.00904924 0.013
      vertex 0.0109099 0.00904924 0.0026
    endloop
  endfacet
  facet normal 0.0541386 0.998533 0
    outer loop
      vertex 0.0109099 0.00904924 0.0026
      vertex 0.0109099 0.00904924 0.013
      vertex 0.0111369 0.00903693 0.0026
    endloop
  endfacet
  facet normal 0.0541386 0.998533 0
    outer loop
      vertex 0.0109099 0.00904924 0.013
      vertex 0.0111369 0.00903693 0.013
      vertex 0.0111369 0.00903693 0.0026
    endloop
  endfacet
  facet normal -0.0541386 0.998533 0
    outer loop
      vertex -0.0111369 0.00903693 0.0026
      vertex -0.0111369 0.00903693 0.013
      vertex -0.0109099 0.00904924 0.0026
    endloop
  endfacet
  facet normal -0.0541386 0.998533 0
    outer loop
      vertex -0.0111369 0.00903693 0.013
      vertex -0.0109099 0.00904924 0.013
      vertex -0.0109099 0.00904924 0.0026
    endloop
  endfacet
  facet normal -0.161782 0.986827 0
    outer loop
      vertex -0.0109099 0.00904924 0.0026
      vertex -0.0109099 0.00904924 0.013
      vertex -0.0106855 0.00908603 0.0026
    endloop
  endfacet
  facet normal -0.161782 0.986827 0
    outer loop
      vertex -0.0109099 0.00904924 0.013
      vertex -0.0106855 0.00908603 0.013
      vertex -0.0106855 0.00908603 0.0026
    endloop
  endfacet
  facet normal -0.267527 0.96355 0
    outer loop
      vertex -0.0106855 0.00908603 0.0026
      vertex -0.0106855 0.00908603 0.013
      vertex -0.0104664 0.00914686 0.0026
    endloop
  endfacet
  facet normal -0.267527 0.96355 0
    outer loop
      vertex -0.0106855 0.00908603 0.013
      vertex -0.0104664 0.00914686 0.013
      vertex -0.0104664 0.00914686 0.0026
    endloop
  endfacet
  facet normal -0.370139 0.928976 0
    outer loop
      vertex -0.0104664 0.00914686 0.0026
      vertex -0.0104664 0.00914686 0.013
      vertex -0.0102552 0.00923102 0.0026
    endloop
  endfacet
  facet normal -0.370139 0.928976 0
    outer loop
      vertex -0.0104664 0.00914686 0.013
      vertex -0.0102552 0.00923102 0.013
      vertex -0.0102552 0.00923102 0.0026
    endloop
  endfacet
  facet normal -0.468408 0.883512 0
    outer loop
      vertex -0.0102552 0.00923102 0.0026
      vertex -0.0102552 0.00923102 0.013
      vertex -0.0100543 0.00933753 0.0026
    endloop
  endfacet
  facet normal -0.468408 0.883512 0
    outer loop
      vertex -0.0102552 0.00923102 0.013
      vertex -0.0100543 0.00933753 0.013
      vertex -0.0100543 0.00933753 0.0026
    endloop
  endfacet
  facet normal -0.561189 0.827688 0
    outer loop
      vertex -0.0100543 0.00933753 0.0026
      vertex -0.0100543 0.00933753 0.013
      vertex -0.00986607 0.00946514 0.0026
    endloop
  endfacet
  facet normal -0.561189 0.827688 0
    outer loop
      vertex -0.0100543 0.00933753 0.013
      vertex -0.00986607 0.00946514 0.013
      vertex -0.00986607 0.00946514 0.0026
    endloop
  endfacet
  facet normal -0.647386 0.762163 0
    outer loop
      vertex -0.00986607 0.00946514 0.0026
      vertex -0.00986607 0.00946514 0.013
      vertex -0.00969276 0.00961234 0.0026
    endloop
  endfacet
  facet normal -0.647386 0.762163 0
    outer loop
      vertex -0.00986607 0.00946514 0.013
      vertex -0.00969276 0.00961234 0.013
      vertex -0.00969276 0.00961234 0.0026
    endloop
  endfacet
  facet normal -0.725993 0.687702 0
    outer loop
      vertex -0.00969276 0.00961234 0.0026
      vertex -0.00969276 0.00961234 0.013
      vertex -0.00953639 0.00977742 0.0026
    endloop
  endfacet
  facet normal -0.725993 0.687702 0
    outer loop
      vertex -0.00969276 0.00961234 0.013
      vertex -0.00953639 0.00977742 0.013
      vertex -0.00953639 0.00977742 0.0026
    endloop
  endfacet
  facet normal -0.796093 0.605174 0
    outer loop
      vertex -0.00953639 0.00977742 0.0026
      vertex -0.00953639 0.00977742 0.013
      vertex -0.00939878 0.00995844 0.0026
    endloop
  endfacet
  facet normal -0.796093 0.605174 0
    outer loop
      vertex -0.00953639 0.00977742 0.013
      vertex -0.00939878 0.00995844 0.013
      vertex -0.00939878 0.00995844 0.0026
    endloop
  endfacet
  facet normal -0.856858 0.515553 0
    outer loop
      vertex -0.00939878 0.00995844 0.0026
      vertex -0.00939878 0.00995844 0.013
      vertex -0.00928156 0.0101533 0.0026
    endloop
  endfacet
  facet normal -0.856858 0.515553 0
    outer loop
      vertex -0.00939878 0.00995844 0.013
      vertex -0.00928156 0.0101533 0.013
      vertex -0.00928156 0.0101533 0.0026
    endloop
  endfacet
  facet normal -0.907576 0.419887 0
    outer loop
      vertex -0.00928156 0.0101533 0.0026
      vertex -0.00928156 0.0101533 0.013
      vertex -0.00918608 0.0103596 0.0026
    endloop
  endfacet
  facet normal -0.907576 0.419887 0
    outer loop
      vertex -0.00928156 0.0101533 0.013
      vertex -0.00918608 0.0103596 0.013
      vertex -0.00918608 0.0103596 0.0026
    endloop
  endfacet
  facet normal -0.947653 0.319303 0
    outer loop
      vertex -0.00918608 0.0103596 0.0026
      vertex -0.00918608 0.0103596 0.013
      vertex -0.00911348 0.0105751 0.0026
    endloop
  endfacet
  facet normal -0.947653 0.319303 0
    outer loop
      vertex -0.00918608 0.0103596 0.013
      vertex -0.00911348 0.0105751 0.013
      vertex -0.00911348 0.0105751 0.0026
    endloop
  endfacet
  facet normal -0.976621 0.214969 0
    outer loop
      vertex -0.00911348 0.0105751 0.0026
      vertex -0.00911348 0.0105751 0.013
      vertex -0.0090646 0.0107972 0.0026
    endloop
  endfacet
  facet normal -0.976621 0.214969 0
    outer loop
      vertex -0.00911348 0.0105751 0.013
      vertex -0.0090646 0.0107972 0.013
      vertex -0.0090646 0.0107972 0.0026
    endloop
  endfacet
  facet normal -0.994138 0.108117 0
    outer loop
      vertex -0.0090646 0.0107972 0.0026
      vertex -0.0090646 0.0107972 0.013
      vertex -0.00904001 0.0110232 0.0026
    endloop
  endfacet
  facet normal -0.994138 0.108117 0
    outer loop
      vertex -0.0090646 0.0107972 0.013
      vertex -0.00904001 0.0110232 0.013
      vertex -0.00904001 0.0110232 0.0026
    endloop
  endfacet
  facet normal -1 0 0
    outer loop
      vertex -0.00904001 0.0110232 0.0026
      vertex -0.00904001 0.0110232 0.013
      vertex -0.00904001 0.0112506 0.0026
    endloop
  endfacet
  facet normal -1 0 0
    outer loop
      vertex -0.00904001 0.0110232 0.013
      vertex -0.00904001 0.0112506 0.013
      vertex -0.00904001 0.0112506 0.0026
    endloop
  endfacet
  facet normal -0.994138 -0.108117 0
    outer loop
      vertex -0.00904001 0.0112506 0.0026
      vertex -0.00904001 0.0112506 0.013
      vertex -0.0090646 0.0114767 0.0026
    endloop
  endfacet
  facet normal -0.994138 -0.108117 0
    outer loop
      vertex -0.00904001 0.0112506 0.013
      vertex -0.0090646 0.0114767 0.013
      vertex -0.0090646 0.0114767 0.0026
    endloop
  endfacet
  facet normal -0.976621 -0.214969 0
    outer loop
      vertex -0.0090646 0.0114767 0.0026
      vertex -0.0090646 0.0114767 0.013
      vertex -0.00911348 0.0116987 0.0026
    endloop
  endfacet
  facet normal -0.976621 -0.214969 0
    outer loop
      vertex -0.0090646 0.0114767 0.013
      vertex -0.00911348 0.0116987 0.013
      vertex -0.00911348 0.0116987 0.0026
    endloop
  endfacet
  facet normal -0.947653 -0.319303 0
    outer loop
      vertex -0.00911348 0.0116987 0.0026
      vertex -0.00911348 0.0116987 0.013
      vertex -0.00918608 0.0119142 0.0026
    endloop
  endfacet
  facet normal -0.947653 -0.319303 0
    outer loop
      vertex -0.00911348 0.0116987 0.013
      vertex -0.00918608 0.0119142 0.013
      vertex -0.00918608 0.0119142 0.0026
    endloop
  endfacet
  facet normal -0.907576 -0.419887 0
    outer loop
      vertex -0.00918608 0.0119142 0.0026
      vertex -0.00918608 0.0119142 0.013
      vertex -0.00928156 0.0121206 0.0026
    endloop
  endfacet
  facet normal -0.907576 -0.419887 0
    outer loop
      vertex -0.00918608 0.0119142 0.013
      vertex -0.00928156 0.0121206 0.013
      vertex -0.00928156 0.0121206 0.0026
    endloop
  endfacet
  facet normal -0.856858 -0.515553 0
    outer loop
      vertex -0.00928156 0.0121206 0.0026
      vertex -0.00928156 0.0121206 0.013
      vertex -0.00939878 0.0123154 0.0026
    endloop
  endfacet
  facet normal -0.856858 -0.515553 0
    outer loop
      vertex -0.00928156 0.0121206 0.013
      vertex -0.00939878 0.0123154 0.013
      vertex -0.00939878 0.0123154 0.0026
    endloop
  endfacet
  facet normal -0.796093 -0.605174 0
    outer loop
      vertex -0.00939878 0.0123154 0.0026
      vertex -0.00939878 0.0123154 0.013
      vertex -0.00953639 0.0124964 0.0026
    endloop
  endfacet
  facet normal -0.796093 -0.605174 0
    outer loop
      vertex -0.00939878 0.0123154 0.013
      vertex -0.00953639 0.0124964 0.013
      vertex -0.00953639 0.0124964 0.0026
    endloop
  endfacet
  facet normal -0.725993 -0.687702 0
    outer loop
      vertex -0.00953639 0.0124964 0.0026
      vertex -0.00953639 0.0124964 0.013
      vertex -0.00969276 0.0126615 0.0026
    endloop
  endfacet
  facet normal -0.725993 -0.687702 0
    outer loop
      vertex -0.00953639 0.0124964 0.013
      vertex -0.00969276 0.0126615 0.013
      vertex -0.00969276 0.0126615 0.0026
    endloop
  endfacet
  facet normal -0.647386 -0.762163 0
    outer loop
      vertex -0.00969276 0.0126615 0.0026
      vertex -0.00969276 0.0126615 0.013
      vertex -0.00986607 0.0128087 0.0026
    endloop
  endfacet
  facet normal -0.647386 -0.762163 0
    outer loop
      vertex -0.00969276 0.0126615 0.013
      vertex -0.00986607 0.0128087 0.013
      vertex -0.00986607 0.0128087 0.0026
    endloop
  endfacet
  facet normal -0.561189 -0.827688 0
    outer loop
      vertex -0.00986607 0.0128087 0.0026
      vertex -0.00986607 0.0128087 0.013
      vertex -0.0100543 0.0129363 0.0026
    endloop
  endfacet
  facet normal -0.561189 -0.827688 0
    outer loop
      vertex -0.00986607 0.0128087 0.013
      vertex -0.0100543 0.0129363 0.013
      vertex -0.0100543 0.0129363 0.0026
    endloop
  endfacet
  facet normal -0.468408 -0.883512 0
    outer loop
      vertex -0.0100543 0.0129363 0.0026
      vertex -0.0100543 0.0129363 0.013
      vertex -0.0102552 0.0130428 0.0026
    endloop
  endfacet
  facet normal -0.468408 -0.883512 0
    outer loop
      vertex -0.0100543 0.0129363 0.013
      vertex -0.0102552 0.0130428 0.013
      vertex -0.0102552 0.0130428 0.0026
    endloop
  endfacet
  facet normal -0.370139 -0.928976 0
    outer loop
      vertex -0.0102552 0.0130428 0.0026
      vertex -0.0102552 0.0130428 0.013
      vertex -0.0104664 0.013127 0.0026
    endloop
  endfacet
  facet normal -0.370139 -0.928976 0
    outer loop
      vertex -0.0102552 0.0130428 0.013
      vertex -0.0104664 0.013127 0.013
      vertex -0.0104664 0.013127 0.0026
    endloop
  endfacet
  facet normal -0.267527 -0.96355 0
    outer loop
      vertex -0.0104664 0.013127 0.0026
      vertex -0.0104664 0.013127 0.013
      vertex -0.0106855 0.0131878 0.0026
    endloop
  endfacet
  facet normal -0.267527 -0.96355 0
    outer loop
      vertex -0.0104664 0.013127 0.013
      vertex -0.0106855 0.0131878 0.013
      vertex -0.0106855 0.0131878 0.0026
    endloop
  endfacet
  facet normal -0.161782 -0.986827 0
    outer loop
      vertex -0.0106855 0.0131878 0.0026
      vertex -0.0106855 0.0131878 0.013
      vertex -0.0109099 0.0132246 0.0026
    endloop
  endfacet
  facet normal -0.161782 -0.986827 0
    outer loop
      vertex -0.0106855 0.0131878 0.013
      vertex -0.0109099 0.0132246 0.013
      vertex -0.0109099 0.0132246 0.0026
    endloop
  endfacet
  facet normal -0.0541386 -0.998533 0
    outer loop
      vertex -0.0109099 0.0132246 0.0026
      vertex -0.0109099 0.0132246 0.013
      vertex -0.0111369 0.0132369 0.0026
    endloop
  endfacet
  facet normal -0.0541386 -0.998533 0
    outer loop
      vertex -0.0109099 0.0132246 0.013
      vertex -0.0111369 0.0132369 0.013
      vertex -0.0111369 0.0132369 0.0026
    endloop
  endfacet
  facet normal 0.0541386 -0.998533 0
    outer loop
      vertex -0.0111369 0.0132369 0.0026
      vertex -0.0111369 0.0132369 0.013
      vertex -0.011364 0.0132246 0.0026
    endloop
  endfacet
  facet normal 0.0541386 -0.998533 0
    outer loop
      vertex -0.0111369 0.0132369 0.013
      vertex -0.011364 0.0132246 0.013
      vertex -0.011364 0.0132246 0.0026
    endloop
  endfacet
  facet normal 0.161781 -0.986827 0
    outer loop
      vertex -0.011364 0.0132246 0.0026
      vertex -0.011364 0.0132246 0.013
      vertex -0.0115884 0.0131878 0.0026
    endloop
  endfacet
  facet normal 0.161781 -0.986827 0
    outer loop
      vertex -0.011364 0.0132246 0.013
      vertex -0.0115884 0.0131878 0.013
      vertex -0.0115884 0.0131878 0.0026
    endloop
  endfacet
  facet normal 0.267527 -0.96355 0
    outer loop
      vertex -0.0115884 0.0131878 0.0026
      vertex -0.0115884 0.0131878 0.013
      vertex -0.0118075 0.013127 0.0026
    endloop
  endfacet
  facet normal 0.267527 -0.96355 0
    outer loop
      vertex -0.0115884 0.0131878 0.013
      vertex -0.0118075 0.013127 0.013
      vertex -0.0118075 0.013127 0.0026
    endloop
  endfacet
  facet normal 0.370139 -0.928976 0
    outer loop
      vertex -0.0118075 0.013127 0.0026
      vertex -0.0118075 0.013127 0.013
      vertex -0.0120187 0.0130428 0.0026
    endloop
  endfacet
  facet normal 0.370139 -0.928976 0
    outer loop
      vertex -0.0118075 0.013127 0.013
      vertex -0.0120187 0.0130428 0.013
      vertex -0.0120187 0.0130428 0.0026
    endloop
  endfacet
  facet normal 0.468408 -0.883512 0
    outer loop
      vertex -0.0120187 0.0130428 0.0026
      vertex -0.0120187 0.0130428 0.013
      vertex -0.0122196 0.0129363 0.0026
    endloop
  endfacet
  facet normal 0.468408 -0.883512 0
    outer loop
      vertex -0.0120187 0.0130428 0.013
      vertex -0.0122196 0.0129363 0.013
      vertex -0.0122196 0.0129363 0.0026
    endloop
  endfacet
  facet normal 0.561189 -0.827688 0
    outer loop
      vertex -0.0122196 0.0129363 0.0026
      vertex -0.0122196 0.0129363 0.013
      vertex -0.0124078 0.0128087 0.0026
    endloop
  endfacet
  facet normal 0.561189 -0.827688 0
    outer loop
      vertex -0.0122196 0.0129363 0.013
      vertex -0.0124078 0.0128087 0.013
      vertex -0.0124078 0.0128087 0.0026
    endloop
  endfacet
  facet normal 0.647386 -0.762163 0
    outer loop
      vertex -0.0124078 0.0128087 0.0026
      vertex -0.0124078 0.0128087 0.013
      vertex -0.0125811 0.0126615 0.0026
    endloop
  endfacet
  facet normal 0.647386 -0.762163 0
    outer loop
      vertex -0.0124078 0.0128087 0.013
      vertex -0.0125811 0.0126615 0.013
      vertex -0.0125811 0.0126615 0.0026
    endloop
  endfacet
  facet normal 0.725993 -0.687702 0
    outer loop
      vertex -0.0125811 0.0126615 0.0026
      vertex -0.0125811 0.0126615 0.013
      vertex -0.0127375 0.0124964 0.0026
    endloop
  endfacet
  facet normal 0.725993 -0.687702 0
    outer loop
      vertex -0.0125811 0.0126615 0.013
      vertex -0.0127375 0.0124964 0.013
      vertex -0.0127375 0.0124964 0.0026
    endloop
  endfacet
  facet normal 0.796095 -0.605172 0
    outer loop
      vertex -0.0127375 0.0124964 0.0026
      vertex -0.0127375 0.0124964 0.013
      vertex -0.0128751 0.0123154 0.0026
    endloop
  endfacet
  facet normal 0.796095 -0.605172 0
    outer loop
      vertex -0.0127375 0.0124964 0.013
      vertex -0.0128751 0.0123154 0.013
      vertex -0.0128751 0.0123154 0.0026
    endloop
  endfacet
  facet normal 0.856856 -0.515556 0
    outer loop
      vertex -0.0128751 0.0123154 0.0026
      vertex -0.0128751 0.0123154 0.013
      vertex -0.0129923 0.0121206 0.0026
    endloop
  endfacet
  facet normal 0.856856 -0.515556 0
    outer loop
      vertex -0.0128751 0.0123154 0.013
      vertex -0.0129923 0.0121206 0.013
      vertex -0.0129923 0.0121206 0.0026
    endloop
  endfacet
  facet normal 0.907576 -0.419887 0
    outer loop
      vertex -0.0129923 0.0121206 0.0026
      vertex -0.0129923 0.0121206 0.013
      vertex -0.0130878 0.0119142 0.0026
    endloop
  endfacet
  facet normal 0.907576 -0.419887 0
    outer loop
      vertex -0.0129923 0.0121206 0.013
      vertex -0.0130878 0.0119142 0.013
      vertex -0.0130878 0.0119142 0.0026
    endloop
  endfacet
  facet normal 0.947653 -0.319303 0
    outer loop
      vertex -0.0130878 0.0119142 0.0026
      vertex -0.0130878 0.0119142 0.013
      vertex -0.0131604 0.0116987 0.0026
    endloop
  endfacet
  facet normal 0.947653 -0.319303 0
    outer loop
      vertex -0.0130878 0.0119142 0.013
      vertex -0.0131604 0.0116987 0.013
      vertex -0.0131604 0.0116987 0.0026
    endloop
  endfacet
  facet normal 0.976621 -0.214969 0
    outer loop
      vertex -0.0131604 0.0116987 0.0026
      vertex -0.0131604 0.0116987 0.013
      vertex -0.0132093 0.0114767 0.0026
    endloop
  endfacet
  facet normal 0.976621 -0.214969 0
    outer loop
      vertex -0.0131604 0.0116987 0.013
      vertex -0.0132093 0.0114767 0.013
      vertex -0.0132093 0.0114767 0.0026
    endloop
  endfacet
  facet normal 0.994138 -0.108117 0
    outer loop
      vertex -0.0132093 0.0114767 0.0026
      vertex -0.0132093 0.0114767 0.013
      vertex -0.0132339 0.0112506 0.0026
    endloop
  endfacet
  facet normal 0.994138 -0.108117 0
    outer loop
      vertex -0.0132093 0.0114767 0.013
      vertex -0.0132339 0.0112506 0.013
      vertex -0.0132339 0.0112506 0.0026
    endloop
  endfacet
  facet normal 1 0 0
    outer loop
      vertex -0.0132339 0.0112506 0.0026
      vertex -0.0132339 0.0112506 0.013
      vertex -0.0132339 0.0110232 0.0026
    endloop
  endfacet
  facet normal 1 0 0
    outer loop
      vertex -0.0132339 0.0112506 0.013
      vertex -0.0132339 0.0110232 0.013
      vertex -0.0132339 0.0110232 0.0026
    endloop
  endfacet
  facet normal 0.994138 0.108117 0
    outer loop
      vertex -0.0132339 0.0110232 0.0026
      vertex -0.0132339 0.0110232 0.013
      vertex -0.0132093 0.0107972 0.0026
    endloop
  endfacet
  facet normal 0.994138 0.108117 0
    outer loop
      vertex -0.0132339 0.0110232 0.013
      vertex -0.0132093 0.0107972 0.013
      vertex -0.0132093 0.0107972 0.0026
    endloop
  endfacet
  facet normal 0.976621 0.214969 0
    outer loop
      vertex -0.0132093 0.0107972 0.0026
      vertex -0.0132093 0.0107972 0.013
      vertex -0.0131604 0.0105751 0.0026
    endloop
  endfacet
  facet normal 0.976621 0.214969 0
    outer loop
      vertex -0.0132093 0.0107972 0.013
      vertex -0.0131604 0.0105751 0.013
      vertex -0.0131604 0.0105751 0.0026
    endloop
  endfacet
  facet normal 0.947653 0.319303 0
    outer loop
      vertex -0.0131604 0.0105751 0.0026
      vertex -0.0131604 0.0105751 0.013
      vertex -0.0130878 0.0103596 0.0026
    endloop
  endfacet
  facet normal 0.947653 0.319303 0
    outer loop
      vertex -0.0131604 0.0105751 0.013
      vertex -0.0130878 0.0103596 0.013
      vertex -0.0130878 0.0103596 0.0026
    endloop
  endfacet
  facet normal 0.907576 0.419887 0
    outer loop
      vertex -0.0130878 0.0103596 0.0026
      vertex -0.0130878 0.0103596 0.013
      vertex -0.0129923 0.0101533 0.0026
    endloop
  endfacet
  facet normal 0.907576 0.419887 0
    outer loop
      vertex -0.0130878 0.0103596 0.013
      vertex -0.0129923 0.0101533 0.013
      vertex -0.0129923 0.0101533 0.0026
    endloop
  endfacet
  facet normal 0.856856 0.515556 0
    outer loop
      vertex -0.0129923 0.0101533 0.0026
      vertex -0.0129923 0.0101533 0.013
      vertex -0.0128751 0.00995844 0.0026
    endloop
  endfacet
  facet normal 0.856856 0.515556 0
    outer loop
      vertex -0.0129923 0.0101533 0.013
      vertex -0.0128751 0.00995844 0.013
      vertex -0.0128751 0.00995844 0.0026
    endloop
  endfacet
  facet normal 0.796095 0.605172 0
    outer loop
      vertex -0.0128751 0.00995844 0.0026
      vertex -0.0128751 0.00995844 0.013
      vertex -0.0127375 0.00977742 0.0026
    endloop
  endfacet
  facet normal 0.796095 0.605172 0
    outer loop
      vertex -0.0128751 0.00995844 0.013
      vertex -0.0127375 0.00977742 0.013
      vertex -0.0127375 0.00977742 0.0026
    endloop
  endfacet
  facet normal 0.725993 0.687702 0
    outer loop
      vertex -0.0127375 0.00977742 0.0026
      vertex -0.0127375 0.00977742 0.013
      vertex -0.0125811 0.00961234 0.0026
    endloop
  endfacet
  facet normal 0.725993 0.687702 0
    outer loop
      vertex -0.0127375 0.00977742 0.013
      vertex -0.0125811 0.00961234 0.013
      vertex -0.0125811 0.00961234 0.0026
    endloop
  endfacet
  facet normal 0.647386 0.762163 0
    outer loop
      vertex -0.0125811 0.00961234 0.0026
      vertex -0.0125811 0.00961234 0.013
      vertex -0.0124078 0.00946514 0.0026
    endloop
  endfacet
  facet normal 0.647386 0.762163 0
    outer loop
      vertex -0.0125811 0.00961234 0.013
      vertex -0.0124078 0.00946514 0.013
      vertex -0.0124078 0.00946514 0.0026
    endloop
  endfacet
  facet normal 0.561189 0.827688 0
    outer loop
      vertex -0.0124078 0.00946514 0.0026
      vertex -0.0124078 0.00946514 0.013
      vertex -0.0122196 0.00933753 0.0026
    endloop
  endfacet
  facet normal 0.561189 0.827688 0
    outer loop
      vertex -0.0124078 0.00946514 0.013
      vertex -0.0122196 0.00933753 0.013
      vertex -0.0122196 0.00933753 0.0026
    endloop
  endfacet
  facet normal 0.468408 0.883512 0
    outer loop
      vertex -0.0122196 0.00933753 0.0026
      vertex -0.0122196 0.00933753 0.013
      vertex -0.0120187 0.00923102 0.0026
    endloop
  endfacet
  facet normal 0.468408 0.883512 0
    outer loop
      vertex -0.0122196 0.00933753 0.013
      vertex -0.0120187 0.00923102 0.013
      vertex -0.0120187 0.00923102 0.0026
    endloop
  endfacet
  facet normal 0.370139 0.928976 0
    outer loop
      vertex -0.0120187 0.00923102 0.0026
      vertex -0.0120187 0.00923102 0.013
      vertex -0.0118075 0.00914686 0.0026
    endloop
  endfacet
  facet normal 0.370139 0.928976 0
    outer loop
      vertex -0.0120187 0.00923102 0.013
      vertex -0.0118075 0.00914686 0.013
      vertex -0.0118075 0.00914686 0.0026
    endloop
  endfacet
  facet normal 0.267527 0.96355 0
    outer loop
      vertex -0.0118075 0.00914686 0.0026
      vertex -0.0118075 0.00914686 0.013
      vertex -0.0115884 0.00908603 0.0026
    endloop
  endfacet
  facet normal 0.267527 0.96355 0
    outer loop
      vertex -0.0118075 0.00914686 0.013
      vertex -0.0115884 0.00908603 0.013
      vertex -0.0115884 0.00908603 0.0026
    endloop
  endfacet
  facet normal 0.161781 0.986827 0
    outer loop
      vertex -0.0115884 0.00908603 0.0026
      vertex -0.0115884 0.00908603 0.013
      vertex -0.011364 0.00904924 0.0026
    endloop
  endfacet
  facet normal 0.161781 0.986827 0
    outer loop
      vertex -0.0115884 0.00908603 0.013
      vertex -0.011364 0.00904924 0.013
      vertex -0.011364 0.00904924 0.0026
    endloop
  endfacet
  facet normal 0.0541386 0.998533 0
    outer loop
      vertex -0.011364 0.00904924 0.0026
      vertex -0.011364 0.00904924 0.013
      vertex -0.0111369 0.00903693 0.0026
    endloop
  endfacet
  facet normal 0.0541386 0.998533 0
    outer loop
      vertex -0.011364 0.00904924 0.013
      vertex -0.0111369 0.00903693 0.013
      vertex -0.0111369 0.00903693 0.0026
    endloop
  endfacet
  facet normal 1 0 0
    outer loop
      vertex -0.000499251 -0.019753 0.009
      vertex -0.000499251 -0.019753 0.0128407
      vertex -0.000499251 -0.0199938 0.009
    endloop
  endfacet
  facet normal 1 0 0
    outer loop
      vertex -0.000499251 -0.019753 0.0128407
      vertex -0.000499251 -0.0199938 0.0126
      vertex -0.000499251 -0.0199938 0.009
    endloop
  endfacet
  facet normal 0 0 1
    outer loop
      vertex 0.0005 -0.0199937 0.009
      vertex 0.0005 -0.019753 0.009
      vertex 3.67394e-18 -0.02 0.009
    endloop
  endfacet
  facet normal 0 0 1
    outer loop
      vertex 0.0005 -0.019753 0.009
      vertex -0.000499251 -0.019753 0.009
      vertex 3.67394e-18 -0.02 0.009
    endloop
  endfacet
  facet normal 0 0 1
    outer loop
      vertex 3.67394e-18 -0.02 0.009
      vertex -0.000499251 -0.019753 0.009
      vertex -0.000499251 -0.0199938 0.009
    endloop
  endfacet
  facet normal -1 0 0
    outer loop
      vertex 0.0005 -0.0199937 0.009
      vertex 0.0005 -0.0199937 0.0126
      vertex 0.0005 -0.019753 0.009
    endloop
  endfacet
  facet normal -1 0 0
    outer loop
      vertex 0.0005 -0.0199937 0.0126
      vertex 0.0005 -0.019753 0.0128407
      vertex 0.0005 -0.019753 0.009
    endloop
  endfacet
  facet normal 0 0 1
    outer loop
      vertex -0.00918853 0.00487145 0.013
      vertex -0.00860797 0.00583635 0.013
      vertex -0.0118185 0.00576847 0.013
    endloop
  endfacet
  facet normal 0 0 1
    outer loop
      vertex 0.0193418 0.00317093 0.013
      vertex 0.0188856 0.00524356 0.013
      vertex 0.0118185 0.00576847 0.013
    endloop
  endfacet
  facet normal 0 0 1
    outer loop
      vertex -0.0131604 0.0116987 0.013
      vertex -0.0130878 0.0119142 0.013
      vertex -0.0132435 0.0118185 0.013
    endloop
  endfacet
  facet normal 0 0 1
    outer loop
      vertex 0.0111369 -0.0132369 0.013
      vertex 0.0101049 -0.0167944 0.013
      vertex 0.011364 -0.0132246 0.013
    endloop
  endfacet
  facet normal 0 0 1
    outer loop
      vertex 0.0101049 -0.0167944 0.013
      vertex 0.0118614 -0.0156034 0.013
      vertex 0.011364 -0.0132246 0.013
    endloop
  endfacet
  facet normal 0 0 1
    outer loop
      vertex 0.011364 -0.0132246 0.013
      vertex 0.0118614 -0.0156034 0.013
      vertex 0.0115884 -0.0131878 0.013
    endloop
  endfacet
  facet normal 0 0 1
    outer loop
      vertex 0.00822983 -0.0177885 0.013
      vertex 0.0102552 -0.0130428 0.013
      vertex 0.00625831 -0.018574 0.013
    endloop
  endfacet
  facet normal 0 0 1
    outer loop
      vertex 0.0102552 -0.0130428 0.013
      vertex 0.0100543 -0.0129363 0.013
      vertex 0.00625831 -0.018574 0.013
    endloop
  endfacet
  facet normal 0 0 1
    outer loop
      vertex 0.00625831 -0.018574 0.013
      vertex 0.0100543 -0.0129363 0.013
      vertex 0.00421342 -0.0191418 0.013
    endloop
  endfacet
  facet normal 0 0 1
    outer loop
      vertex 0.0111369 -0.0132369 0.013
      vertex 0.0109099 -0.0132246 0.013
      vertex 0.0101049 -0.0167944 0.013
    endloop
  endfacet
  facet normal 0 0 1
    outer loop
      vertex 0.0109099 -0.0132246 0.013
      vertex 0.0106855 -0.0131878 0.013
      vertex 0.0101049 -0.0167944 0.013
    endloop
  endfacet
  facet normal 0 0 1
    outer loop
      vertex 0.0101049 -0.0167944 0.013
      vertex 0.0106855 -0.0131878 0.013
      vertex 0.00822983 -0.0177885 0.013
    endloop
  endfacet
  facet normal 0 0 1
    outer loop
      vertex 0.0106855 -0.0131878 0.013
      vertex 0.0104664 -0.013127 0.013
      vertex 0.00822983 -0.0177885 0.013
    endloop
  endfacet
  facet normal 0 0 1
    outer loop
      vertex 0.00822983 -0.0177885 0.013
      vertex 0.0104664 -0.013127 0.013
      vertex 0.0102552 -0.0130428 0.013
    endloop
  endfacet
  facet normal 0 0 1
    outer loop
      vertex 0.0100543 -0.0129363 0.013
      vertex 0.00986607 -0.0128087 0.013
      vertex 0.00421342 -0.0191418 0.013
    endloop
  endfacet
  facet normal 0 0 1
    outer loop
      vertex 0.00986607 -0.0128087 0.013
      vertex 0.00969276 -0.0126615 0.013
      vertex 0.00421342 -0.0191418 0.013
    endloop
  endfacet
  facet normal 0 0 1
    outer loop
      vertex 0.00421342 -0.0191418 0.013
      vertex 0.00969276 -0.0126615 0.013
      vertex 0.00211913 -0.0194851 0.013
    endloop
  endfacet
  facet normal 0 0 1
    outer loop
      vertex 0.00969276 -0.0126615 0.013
      vertex 0.00953639 -0.0124964 0.013
      vertex 0.00211913 -0.0194851 0.013
    endloop
  endfacet
  facet normal 0 0 1
    outer loop
      vertex 0.00211913 -0.0194851 0.013
      vertex 0.00953639 -0.0124964 0.013
      vertex 2.41765e-18 -0.0196 0.013
    endloop
  endfacet
  facet normal 0 0 1
    outer loop
      vertex 0.0125811 -0.0126615 0.013
      vertex 0.0124078 -0.0128087 0.013
      vertex 0.0134789 -0.0142295 0.013
    endloop
  endfacet
  facet normal 0 0 1
    outer loop
      vertex 0.0130878 -0.0119142 0.013
      vertex 0.0129923 -0.0121206 0.013
      vertex 0.0149384 -0.0126888 0.013
    endloop
  endfacet
  facet normal 0 0 1
    outer loop
      vertex 0.0129923 -0.0121206 0.013
      vertex 0.0128751 -0.0123154 0.013
      vertex 0.0149384 -0.0126888 0.013
    endloop
  endfacet
  facet normal 0 0 1
    outer loop
      vertex 0.0149384 -0.0126888 0.013
      vertex 0.0128751 -0.0123154 0.013
      vertex 0.0134789 -0.0142295 0.013
    endloop
  endfacet
  facet normal 0 0 1
    outer loop
      vertex 0.0128751 -0.0123154 0.013
      vertex 0.0127375 -0.0124964 0.013
      vertex 0.0134789 -0.0142295 0.013
    endloop
  endfacet
  facet normal 0 0 1
    outer loop
      vertex 0.0134789 -0.0142295 0.013
      vertex 0.0127375 -0.0124964 0.013
      vertex 0.0125811 -0.0126615 0.013
    endloop
  endfacet
  facet normal 0 0 1
    outer loop
      vertex 0.0124078 -0.0128087 0.013
      vertex 0.0122196 -0.0129363 0.013
      vertex 0.0134789 -0.0142295 0.013
    endloop
  endfacet
  facet normal 0 0 1
    outer loop
      vertex 0.0122196 -0.0129363 0.013
      vertex 0.0120187 -0.0130428 0.013
      vertex 0.0134789 -0.0142295 0.013
    endloop
  endfacet
  facet normal 0 0 1
    outer loop
      vertex 0.0134789 -0.0142295 0.013
      vertex 0.0120187 -0.0130428 0.013
      vertex 0.0118614 -0.0156034 0.013
    endloop
  endfacet
  facet normal 0 0 1
    outer loop
      vertex 0.0120187 -0.0130428 0.013
      vertex 0.0118075 -0.013127 0.013
      vertex 0.0118614 -0.0156034 0.013
    endloop
  endfacet
  facet normal 0 0 1
    outer loop
      vertex 0.0118614 -0.0156034 0.013
      vertex 0.0118075 -0.013127 0.013
      vertex 0.0115884 -0.0131878 0.013
    endloop
  endfacet
  facet normal 0 0 1
    outer loop
      vertex 0.0122196 -0.00933753 0.013
      vertex 0.0124078 -0.00946514 0.013
      vertex 0.0188856 -0.00524356 0.013
    endloop
  endfacet
  facet normal 0 0 1
    outer loop
      vertex 0.0124078 -0.00946514 0.013
      vertex 0.0125811 -0.00961234 0.013
      vertex 0.0188856 -0.00524356 0.013
    endloop
  endfacet
  facet normal 0 0 1
    outer loop
      vertex 0.0130878 -0.0103596 0.013
      vertex 0.0173168 -0.00918081 0.013
      vertex 0.0129923 -0.0101533 0.013
    endloop
  endfacet
  facet normal 0 0 1
    outer loop
      vertex 0.0173168 -0.00918081 0.013
      vertex 0.0182079 -0.00725471 0.013
      vertex 0.0129923 -0.0101533 0.013
    endloop
  endfacet
  facet normal 0 0 1
    outer loop
      vertex 0.0129923 -0.0101533 0.013
      vertex 0.0182079 -0.00725471 0.013
      vertex 0.0128751 -0.00995844 0.013
    endloop
  endfacet
  facet normal 0 0 1
    outer loop
      vertex 0.0182079 -0.00725471 0.013
      vertex 0.0188856 -0.00524356 0.013
      vertex 0.0128751 -0.00995844 0.013
    endloop
  endfacet
  facet normal 0 0 1
    outer loop
      vertex 0.0128751 -0.00995844 0.013
      vertex 0.0188856 -0.00524356 0.013
      vertex 0.0127375 -0.00977742 0.013
    endloop
  endfacet
  facet normal 0 0 1
    outer loop
      vertex 0.0188856 -0.00524356 0.013
      vertex 0.0125811 -0.00961234 0.013
      vertex 0.0127375 -0.00977742 0.013
    endloop
  endfacet
  facet normal 0 0 1
    outer loop
      vertex 0.0130878 -0.0103596 0.013
      vertex 0.0131604 -0.0105751 0.013
      vertex 0.0173168 -0.00918081 0.013
    endloop
  endfacet
  facet normal 0 0 1
    outer loop
      vertex 0.0131604 -0.0105751 0.013
      vertex 0.0132093 -0.0107972 0.013
      vertex 0.0173168 -0.00918081 0.013
    endloop
  endfacet
  facet normal 0 0 1
    outer loop
      vertex 0.0173168 -0.00918081 0.013
      vertex 0.0132093 -0.0107972 0.013
      vertex 0.0162227 -0.0109993 0.013
    endloop
  endfacet
  facet normal 0 0 1
    outer loop
      vertex 0.0132093 -0.0107972 0.013
      vertex 0.0132339 -0.0110232 0.013
      vertex 0.0162227 -0.0109993 0.013
    endloop
  endfacet
  facet normal 0 0 1
    outer loop
      vertex 0.0132339 -0.0110232 0.013
      vertex 0.0132339 -0.0112506 0.013
      vertex 0.0162227 -0.0109993 0.013
    endloop
  endfacet
  facet normal 0 0 1
    outer loop
      vertex 0.0132339 -0.0112506 0.013
      vertex 0.0132093 -0.0114767 0.013
      vertex 0.0162227 -0.0109993 0.013
    endloop
  endfacet
  facet normal 0 0 1
    outer loop
      vertex 0.0162227 -0.0109993 0.013
      vertex 0.0132093 -0.0114767 0.013
      vertex 0.0149384 -0.0126888 0.013
    endloop
  endfacet
  facet normal 0 0 1
    outer loop
      vertex 0.0132093 -0.0114767 0.013
      vertex 0.0131604 -0.0116987 0.013
      vertex 0.0149384 -0.0126888 0.013
    endloop
  endfacet
  facet normal 0 0 1
    outer loop
      vertex 0.0149384 -0.0126888 0.013
      vertex 0.0131604 -0.0116987 0.013
      vertex 0.0130878 -0.0119142 0.013
    endloop
  endfacet
  facet normal 0 0 1
    outer loop
      vertex 0.00715207 -0.00755035 0.013
      vertex 0.00629381 -0.00827937 0.013
      vertex 0.00939878 -0.00995844 0.013
    endloop
  endfacet
  facet normal 0 0 1
    outer loop
      vertex 0.00953639 -0.0124964 0.013
      vertex 0.00939878 -0.0123154 0.013
      vertex 2.41765e-18 -0.0196 0.013
    endloop
  endfacet
  facet normal 0 0 1
    outer loop
      vertex 0.00939878 -0.0123154 0.013
      vertex 0.00928156 -0.0121206 0.013
      vertex 2.41765e-18 -0.0196 0.013
    endloop
  endfacet
  facet normal 0 0 1
    outer loop
      vertex 2.41765e-18 -0.0196 0.013
      vertex 0.00928156 -0.0121206 0.013
      vertex 3.86841e-17 -0.0118185 0.013
    endloop
  endfacet
  facet normal 0 0 1
    outer loop
      vertex 0.00928156 -0.0121206 0.013
      vertex 0.00918608 -0.0119142 0.013
      vertex 3.86841e-17 -0.0118185 0.013
    endloop
  endfacet
  facet normal 0 0 1
    outer loop
      vertex 3.86841e-17 -0.0118185 0.013
      vertex 0.00918608 -0.0119142 0.013
      vertex 0.00911348 -0.0116987 0.013
    endloop
  endfacet
  facet normal 0 0 1
    outer loop
      vertex 0.00223569 -0.0101569 0.013
      vertex 0.00112444 -0.010339 0.013
      vertex 3.86841e-17 -0.0118185 0.013
    endloop
  endfacet
  facet normal 0 0 1
    outer loop
      vertex 0.0106855 -0.00908603 0.013
      vertex 0.0109099 -0.00904924 0.013
      vertex 0.0118185 -0.00576847 0.013
    endloop
  endfacet
  facet normal 0 0 1
    outer loop
      vertex 0.0109099 -0.00904924 0.013
      vertex 0.0111369 -0.00903693 0.013
      vertex 0.0118185 -0.00576847 0.013
    endloop
  endfacet
  facet normal 0 0 1
    outer loop
      vertex 0.0118185 -0.00576847 0.013
      vertex 0.0111369 -0.00903693 0.013
      vertex 0.011364 -0.00904924 0.013
    endloop
  endfacet
  facet normal 0 0 1
    outer loop
      vertex 0.00939878 -0.00995844 0.013
      vertex 0.00953639 -0.00977742 0.013
      vertex 0.00715207 -0.00755035 0.013
    endloop
  endfacet
  facet normal 0 0 1
    outer loop
      vertex 0.00953639 -0.00977742 0.013
      vertex 0.00969276 -0.00961234 0.013
      vertex 0.00715207 -0.00755035 0.013
    endloop
  endfacet
  facet normal 0 0 1
    outer loop
      vertex 0.00715207 -0.00755035 0.013
      vertex 0.00969276 -0.00961234 0.013
      vertex 0.00792649 -0.00673282 0.013
    endloop
  endfacet
  facet normal 0 0 1
    outer loop
      vertex 0.00969276 -0.00961234 0.013
      vertex 0.00986607 -0.00946514 0.013
      vertex 0.00792649 -0.00673282 0.013
    endloop
  endfacet
  facet normal 0 0 1
    outer loop
      vertex 0.00986607 -0.00946514 0.013
      vertex 0.0100543 -0.00933753 0.013
      vertex 0.00792649 -0.00673282 0.013
    endloop
  endfacet
  facet normal 0 0 1
    outer loop
      vertex 0.00792649 -0.00673282 0.013
      vertex 0.0100543 -0.00933753 0.013
      vertex 0.00860797 -0.00583635 0.013
    endloop
  endfacet
  facet normal 0 0 1
    outer loop
      vertex 0.0100543 -0.00933753 0.013
      vertex 0.0102552 -0.00923102 0.013
      vertex 0.00860797 -0.00583635 0.013
    endloop
  endfacet
  facet normal 0 0 1
    outer loop
      vertex 0.00860797 -0.00583635 0.013
      vertex 0.0102552 -0.00923102 0.013
      vertex 0.0104664 -0.00914686 0.013
    endloop
  endfacet
  facet normal 0 0 1
    outer loop
      vertex 0.011364 -0.00904924 0.013
      vertex 0.0115884 -0.00908603 0.013
      vertex 0.0118185 -0.00576847 0.013
    endloop
  endfacet
  facet normal 0 0 1
    outer loop
      vertex 0.0115884 -0.00908603 0.013
      vertex 0.0118075 -0.00914686 0.013
      vertex 0.0118185 -0.00576847 0.013
    endloop
  endfacet
  facet normal 0 0 1
    outer loop
      vertex 0.0118185 -0.00576847 0.013
      vertex 0.0118075 -0.00914686 0.013
      vertex 0.0120187 -0.00923102 0.013
    endloop
  endfacet
  facet normal 0 0 1
    outer loop
      vertex 0.00911348 -0.0116987 0.013
      vertex 0.0090646 -0.0114767 0.013
      vertex 3.86841e-17 -0.0118185 0.013
    endloop
  endfacet
  facet normal 0 0 1
    outer loop
      vertex 0.0090646 -0.0114767 0.013
      vertex 0.00904001 -0.0112506 0.013
      vertex 3.86841e-17 -0.0118185 0.013
    endloop
  endfacet
  facet normal 0 0 1
    outer loop
      vertex 3.86841e-17 -0.0118185 0.013
      vertex 0.00904001 -0.0112506 0.013
      vertex 0.00223569 -0.0101569 0.013
    endloop
  endfacet
  facet normal 0 0 1
    outer loop
      vertex 0.00904001 -0.0112506 0.013
      vertex 0.00904001 -0.0110232 0.013
      vertex 0.00223569 -0.0101569 0.013
    endloop
  endfacet
  facet normal 0 0 1
    outer loop
      vertex 0.00223569 -0.0101569 0.013
      vertex 0.00904001 -0.0110232 0.013
      vertex 0.00332074 -0.00985559 0.013
    endloop
  endfacet
  facet normal 0 0 1
    outer loop
      vertex 0.00904001 -0.0110232 0.013
      vertex 0.0090646 -0.0107972 0.013
      vertex 0.00332074 -0.00985559 0.013
    endloop
  endfacet
  facet normal 0 0 1
    outer loop
      vertex 0.00332074 -0.00985559 0.013
      vertex 0.0090646 -0.0107972 0.013
      vertex 0.00436685 -0.00943878 0.013
    endloop
  endfacet
  facet normal 0 0 1
    outer loop
      vertex 0.0090646 -0.0107972 0.013
      vertex 0.00911348 -0.0105751 0.013
      vertex 0.00436685 -0.00943878 0.013
    endloop
  endfacet
  facet normal 0 0 1
    outer loop
      vertex 0.00436685 -0.00943878 0.013
      vertex 0.00911348 -0.0105751 0.013
      vertex 0.00536176 -0.00891131 0.013
    endloop
  endfacet
  facet normal 0 0 1
    outer loop
      vertex 0.00911348 -0.0105751 0.013
      vertex 0.00918608 -0.0103596 0.013
      vertex 0.00536176 -0.00891131 0.013
    endloop
  endfacet
  facet normal 0 0 1
    outer loop
      vertex 0.00536176 -0.00891131 0.013
      vertex 0.00918608 -0.0103596 0.013
      vertex 0.00629381 -0.00827937 0.013
    endloop
  endfacet
  facet normal 0 0 1
    outer loop
      vertex 0.00918608 -0.0103596 0.013
      vertex 0.00928156 -0.0101533 0.013
      vertex 0.00629381 -0.00827937 0.013
    endloop
  endfacet
  facet normal 0 0 1
    outer loop
      vertex 0.00629381 -0.00827937 0.013
      vertex 0.00928156 -0.0101533 0.013
      vertex 0.00939878 -0.00995844 0.013
    endloop
  endfacet
  facet normal 0 0 1
    outer loop
      vertex 0.00904001 0.0112506 0.013
      vertex 0.0090646 0.0114767 0.013
      vertex 3.86841e-17 0.0118185 0.013
    endloop
  endfacet
  facet normal 0 0 1
    outer loop
      vertex 0.0090646 0.0114767 0.013
      vertex 0.00911348 0.0116987 0.013
      vertex 3.86841e-17 0.0118185 0.013
    endloop
  endfacet
  facet normal 0 0 1
    outer loop
      vertex 3.86841e-17 0.0118185 0.013
      vertex 0.00911348 0.0116987 0.013
      vertex 0.00918608 0.0119142 0.013
    endloop
  endfacet
  facet normal 0 0 1
    outer loop
      vertex 0.0104664 0.00914686 0.013
      vertex 0.0102552 0.00923102 0.013
      vertex 0.00860797 0.00583635 0.013
    endloop
  endfacet
  facet normal 0 0 1
    outer loop
      vertex 0.00112444 0.010339 0.013
      vertex 0.00223569 0.0101569 0.013
      vertex 3.86841e-17 0.0118185 0.013
    endloop
  endfacet
  facet normal 0 0 1
    outer loop
      vertex 0.00860797 0.00583635 0.013
      vertex 0.0102552 0.00923102 0.013
      vertex 0.00792649 0.00673282 0.013
    endloop
  endfacet
  facet normal 0 0 1
    outer loop
      vertex 0.011364 0.00904924 0.013
      vertex 0.0118185 0.00576847 0.013
      vertex 0.0115884 0.00908603 0.013
    endloop
  endfacet
  facet normal 0 0 1
    outer loop
      vertex 0.0118185 0.00576847 0.013
      vertex 0.0118075 0.00914686 0.013
      vertex 0.0115884 0.00908603 0.013
    endloop
  endfacet
  facet normal 0 0 1
    outer loop
      vertex 0.0102552 0.00923102 0.013
      vertex 0.0100543 0.00933753 0.013
      vertex 0.00792649 0.00673282 0.013
    endloop
  endfacet
  facet normal 0 0 1
    outer loop
      vertex 0.0100543 0.00933753 0.013
      vertex 0.00986607 0.00946514 0.013
      vertex 0.00792649 0.00673282 0.013
    endloop
  endfacet
  facet normal 0 0 1
    outer loop
      vertex 0.00792649 0.00673282 0.013
      vertex 0.00986607 0.00946514 0.013
      vertex 0.00715207 0.00755035 0.013
    endloop
  endfacet
  facet normal 0 0 1
    outer loop
      vertex 0.00986607 0.00946514 0.013
      vertex 0.00969276 0.00961234 0.013
      vertex 0.00715207 0.00755035 0.013
    endloop
  endfacet
  facet normal 0 0 1
    outer loop
      vertex 0.00969276 0.00961234 0.013
      vertex 0.00953639 0.00977742 0.013
      vertex 0.00715207 0.00755035 0.013
    endloop
  endfacet
  facet normal 0 0 1
    outer loop
      vertex 0.00715207 0.00755035 0.013
      vertex 0.00953639 0.00977742 0.013
      vertex 0.00629381 0.00827937 0.013
    endloop
  endfacet
  facet normal 0 0 1
    outer loop
      vertex 0.00904001 0.0112506 0.013
      vertex 3.86841e-17 0.0118185 0.013
      vertex 0.00904001 0.0110232 0.013
    endloop
  endfacet
  facet normal 0 0 1
    outer loop
      vertex 3.86841e-17 0.0118185 0.013
      vertex 0.00223569 0.0101569 0.013
      vertex 0.00904001 0.0110232 0.013
    endloop
  endfacet
  facet normal 0 0 1
    outer loop
      vertex 0.00904001 0.0110232 0.013
      vertex 0.00223569 0.0101569 0.013
      vertex 0.0090646 0.0107972 0.013
    endloop
  endfacet
  facet normal 0 0 1
    outer loop
      vertex 0.00223569 0.0101569 0.013
      vertex 0.00332074 0.00985559 0.013
      vertex 0.0090646 0.0107972 0.013
    endloop
  endfacet
  facet normal 0 0 1
    outer loop
      vertex 0.0090646 0.0107972 0.013
      vertex 0.00332074 0.00985559 0.013
      vertex 0.00436685 0.00943878 0.013
    endloop
  endfacet
  facet normal 0 0 1
    outer loop
      vertex 0.011364 0.00904924 0.013
      vertex 0.0111369 0.00903693 0.013
      vertex 0.0118185 0.00576847 0.013
    endloop
  endfacet
  facet normal 0 0 1
    outer loop
      vertex 0.0111369 0.00903693 0.013
      vertex 0.0109099 0.00904924 0.013
      vertex 0.0118185 0.00576847 0.013
    endloop
  endfacet
  facet normal 0 0 1
    outer loop
      vertex 0.0118185 0.00576847 0.013
      vertex 0.0109099 0.00904924 0.013
      vertex 0.00860797 0.00583635 0.013
    endloop
  endfacet
  facet normal 0 0 1
    outer loop
      vertex 0.0109099 0.00904924 0.013
      vertex 0.0106855 0.00908603 0.013
      vertex 0.00860797 0.00583635 0.013
    endloop
  endfacet
  facet normal 0 0 1
    outer loop
      vertex 0.00860797 0.00583635 0.013
      vertex 0.0106855 0.00908603 0.013
      vertex 0.0104664 0.00914686 0.013
    endloop
  endfacet
  facet normal 0 0 1
    outer loop
      vertex 0.00953639 0.00977742 0.013
      vertex 0.00939878 0.00995844 0.013
      vertex 0.00629381 0.00827937 0.013
    endloop
  endfacet
  facet normal 0 0 1
    outer loop
      vertex 0.00939878 0.00995844 0.013
      vertex 0.00928156 0.0101533 0.013
      vertex 0.00629381 0.00827937 0.013
    endloop
  endfacet
  facet normal 0 0 1
    outer loop
      vertex 0.00629381 0.00827937 0.013
      vertex 0.00928156 0.0101533 0.013
      vertex 0.00536176 0.00891131 0.013
    endloop
  endfacet
  facet normal 0 0 1
    outer loop
      vertex 0.00928156 0.0101533 0.013
      vertex 0.00918608 0.0103596 0.013
      vertex 0.00536176 0.00891131 0.013
    endloop
  endfacet
  facet normal 0 0 1
    outer loop
      vertex 0.00536176 0.00891131 0.013
      vertex 0.00918608 0.0103596 0.013
      vertex 0.00436685 0.00943878 0.013
    endloop
  endfacet
  facet normal 0 0 1
    outer loop
      vertex 0.00918608 0.0103596 0.013
      vertex 0.00911348 0.0105751 0.013
      vertex 0.00436685 0.00943878 0.013
    endloop
  endfacet
  facet normal 0 0 1
    outer loop
      vertex 0.00436685 0.00943878 0.013
      vertex 0.00911348 0.0105751 0.013
      vertex 0.0090646 0.0107972 0.013
    endloop
  endfacet
  facet normal 0 0 1
    outer loop
      vertex 0.0127375 0.00977742 0.013
      vertex 0.0125811 0.00961234 0.013
      vertex 0.0188856 0.00524356 0.013
    endloop
  endfacet
  facet normal 0 0 1
    outer loop
      vertex 0.0132093 0.0114767 0.013
      vertex 0.0162227 0.0109993 0.013
      vertex 0.0131604 0.0116987 0.013
    endloop
  endfacet
  facet normal 0 0 1
    outer loop
      vertex 0.0162227 0.0109993 0.013
      vertex 0.0149384 0.0126888 0.013
      vertex 0.0131604 0.0116987 0.013
    endloop
  endfacet
  facet normal 0 0 1
    outer loop
      vertex 0.0131604 0.0116987 0.013
      vertex 0.0149384 0.0126888 0.013
      vertex 0.0130878 0.0119142 0.013
    endloop
  endfacet
  facet normal 0 0 1
    outer loop
      vertex 0.0149384 0.0126888 0.013
      vertex 0.0129923 0.0121206 0.013
      vertex 0.0130878 0.0119142 0.013
    endloop
  endfacet
  facet normal 0 0 1
    outer loop
      vertex 0.0125811 0.00961234 0.013
      vertex 0.0124078 0.00946514 0.013
      vertex 0.0188856 0.00524356 0.013
    endloop
  endfacet
  facet normal 0 0 1
    outer loop
      vertex 0.0124078 0.00946514 0.013
      vertex 0.0122196 0.00933753 0.013
      vertex 0.0188856 0.00524356 0.013
    endloop
  endfacet
  facet normal 0 0 1
    outer loop
      vertex 0.0188856 0.00524356 0.013
      vertex 0.0122196 0.00933753 0.013
      vertex 0.0118185 0.00576847 0.013
    endloop
  endfacet
  facet normal 0 0 1
    outer loop
      vertex 0.0122196 0.00933753 0.013
      vertex 0.0120187 0.00923102 0.013
      vertex 0.0118185 0.00576847 0.013
    endloop
  endfacet
  facet normal 0 0 1
    outer loop
      vertex 0.0118185 0.00576847 0.013
      vertex 0.0120187 0.00923102 0.013
      vertex 0.0118075 0.00914686 0.013
    endloop
  endfacet
  facet normal 0 0 1
    outer loop
      vertex 0.0132093 0.0107972 0.013
      vertex 0.0173168 0.00918081 0.013
      vertex 0.0132339 0.0110232 0.013
    endloop
  endfacet
  facet normal 0 0 1
    outer loop
      vertex 0.0173168 0.00918081 0.013
      vertex 0.0162227 0.0109993 0.013
      vertex 0.0132339 0.0110232 0.013
    endloop
  endfacet
  facet normal 0 0 1
    outer loop
      vertex 0.0132339 0.0110232 0.013
      vertex 0.0162227 0.0109993 0.013
      vertex 0.0132339 0.0112506 0.013
    endloop
  endfacet
  facet normal 0 0 1
    outer loop
      vertex 0.0162227 0.0109993 0.013
      vertex 0.0132093 0.0114767 0.013
      vertex 0.0132339 0.0112506 0.013
    endloop
  endfacet
  facet normal 0 0 1
    outer loop
      vertex 0.0132093 0.0107972 0.013
      vertex 0.0131604 0.0105751 0.013
      vertex 0.0173168 0.00918081 0.013
    endloop
  endfacet
  facet normal 0 0 1
    outer loop
      vertex 0.0131604 0.0105751 0.013
      vertex 0.0130878 0.0103596 0.013
      vertex 0.0173168 0.00918081 0.013
    endloop
  endfacet
  facet normal 0 0 1
    outer loop
      vertex 0.0173168 0.00918081 0.013
      vertex 0.0130878 0.0103596 0.013
      vertex 0.0182079 0.00725471 0.013
    endloop
  endfacet
  facet normal 0 0 1
    outer loop
      vertex 0.0130878 0.0103596 0.013
      vertex 0.0129923 0.0101533 0.013
      vertex 0.0182079 0.00725471 0.013
    endloop
  endfacet
  facet normal 0 0 1
    outer loop
      vertex 0.0182079 0.00725471 0.013
      vertex 0.0129923 0.0101533 0.013
      vertex 0.0188856 0.00524356 0.013
    endloop
  endfacet
  facet normal 0 0 1
    outer loop
      vertex 0.0129923 0.0101533 0.013
      vertex 0.0128751 0.00995844 0.013
      vertex 0.0188856 0.00524356 0.013
    endloop
  endfacet
  facet normal 0 0 1
    outer loop
      vertex 0.0188856 0.00524356 0.013
      vertex 0.0128751 0.00995844 0.013
      vertex 0.0127375 0.00977742 0.013
    endloop
  endfacet
  facet normal 0 0 1
    outer loop
      vertex 0.0122196 0.0129363 0.013
      vertex 0.0124078 0.0128087 0.013
      vertex 0.0134789 0.0142295 0.013
    endloop
  endfacet
  facet normal 0 0 1
    outer loop
      vertex 0.0124078 0.0128087 0.013
      vertex 0.0125811 0.0126615 0.013
      vertex 0.0134789 0.0142295 0.013
    endloop
  endfacet
  facet normal 0 0 1
    outer loop
      vertex 0.0125811 0.0126615 0.013
      vertex 0.0127375 0.0124964 0.013
      vertex 0.0134789 0.0142295 0.013
    endloop
  endfacet
  facet normal 0 0 1
    outer loop
      vertex 0.0134789 0.0142295 0.013
      vertex 0.0127375 0.0124964 0.013
      vertex 0.0149384 0.0126888 0.013
    endloop
  endfacet
  facet normal 0 0 1
    outer loop
      vertex 0.0127375 0.0124964 0.013
      vertex 0.0128751 0.0123154 0.013
      vertex 0.0149384 0.0126888 0.013
    endloop
  endfacet
  facet normal 0 0 1
    outer loop
      vertex 0.0149384 0.0126888 0.013
      vertex 0.0128751 0.0123154 0.013
      vertex 0.0129923 0.0121206 0.013
    endloop
  endfacet
  facet normal 0 0 1
    outer loop
      vertex 0.00421342 0.0191418 0.013
      vertex 0.00986607 0.0128087 0.013
      vertex 0.00625831 0.018574 0.013
    endloop
  endfacet
  facet normal 0 0 1
    outer loop
      vertex 0.00986607 0.0128087 0.013
      vertex 0.0100543 0.0129363 0.013
      vertex 0.00625831 0.018574 0.013
    endloop
  endfacet
  facet normal 0 0 1
    outer loop
      vertex 0.00625831 0.018574 0.013
      vertex 0.0100543 0.0129363 0.013
      vertex 0.00822983 0.0177885 0.013
    endloop
  endfacet
  facet normal 0 0 1
    outer loop
      vertex 0.00918608 0.0119142 0.013
      vertex 0.00928156 0.0121206 0.013
      vertex -4.78327e-18 0.0196 0.013
    endloop
  endfacet
  facet normal 0 0 1
    outer loop
      vertex 0.00928156 0.0121206 0.013
      vertex 0.00939878 0.0123154 0.013
      vertex -4.78327e-18 0.0196 0.013
    endloop
  endfacet
  facet normal 0 0 1
    outer loop
      vertex -4.78327e-18 0.0196 0.013
      vertex 0.00939878 0.0123154 0.013
      vertex 0.00211913 0.0194851 0.013
    endloop
  endfacet
  facet normal 0 0 1
    outer loop
      vertex 0.00939878 0.0123154 0.013
      vertex 0.00953639 0.0124964 0.013
      vertex 0.00211913 0.0194851 0.013
    endloop
  endfacet
  facet normal 0 0 1
    outer loop
      vertex 0.00211913 0.0194851 0.013
      vertex 0.00953639 0.0124964 0.013
      vertex 0.00421342 0.0191418 0.013
    endloop
  endfacet
  facet normal 0 0 1
    outer loop
      vertex 0.00953639 0.0124964 0.013
      vertex 0.00969276 0.0126615 0.013
      vertex 0.00421342 0.0191418 0.013
    endloop
  endfacet
  facet normal 0 0 1
    outer loop
      vertex 0.00421342 0.0191418 0.013
      vertex 0.00969276 0.0126615 0.013
      vertex 0.00986607 0.0128087 0.013
    endloop
  endfacet
  facet normal 0 0 1
    outer loop
      vertex 0.011364 0.0132246 0.013
      vertex 0.0118614 0.0156034 0.013
      vertex 0.0111369 0.0132369 0.013
    endloop
  endfacet
  facet normal 0 0 1
    outer loop
      vertex 0.0118614 0.0156034 0.013
      vertex 0.0101049 0.0167944 0.013
      vertex 0.0111369 0.0132369 0.013
    endloop
  endfacet
  facet normal 0 0 1
    outer loop
      vertex 0.0111369 0.0132369 0.013
      vertex 0.0101049 0.0167944 0.013
      vertex 0.0109099 0.0132246 0.013
    endloop
  endfacet
  facet normal 0 0 1
    outer loop
      vertex 0.011364 0.0132246 0.013
      vertex 0.0115884 0.0131878 0.013
      vertex 0.0118614 0.0156034 0.013
    endloop
  endfacet
  facet normal 0 0 1
    outer loop
      vertex 0.0115884 0.0131878 0.013
      vertex 0.0118075 0.013127 0.013
      vertex 0.0118614 0.0156034 0.013
    endloop
  endfacet
  facet normal 0 0 1
    outer loop
      vertex 0.0118614 0.0156034 0.013
      vertex 0.0118075 0.013127 0.013
      vertex 0.0134789 0.0142295 0.013
    endloop
  endfacet
  facet normal 0 0 1
    outer loop
      vertex 0.0118075 0.013127 0.013
      vertex 0.0120187 0.0130428 0.013
      vertex 0.0134789 0.0142295 0.013
    endloop
  endfacet
  facet normal 0 0 1
    outer loop
      vertex 0.0134789 0.0142295 0.013
      vertex 0.0120187 0.0130428 0.013
      vertex 0.0122196 0.0129363 0.013
    endloop
  endfacet
  facet normal 0 0 1
    outer loop
      vertex 0.0100543 0.0129363 0.013
      vertex 0.0102552 0.0130428 0.013
      vertex 0.00822983 0.0177885 0.013
    endloop
  endfacet
  facet normal 0 0 1
    outer loop
      vertex 0.0102552 0.0130428 0.013
      vertex 0.0104664 0.013127 0.013
      vertex 0.00822983 0.0177885 0.013
    endloop
  endfacet
  facet normal 0 0 1
    outer loop
      vertex 0.00822983 0.0177885 0.013
      vertex 0.0104664 0.013127 0.013
      vertex 0.0101049 0.0167944 0.013
    endloop
  endfacet
  facet normal 0 0 1
    outer loop
      vertex 0.0104664 0.013127 0.013
      vertex 0.0106855 0.0131878 0.013
      vertex 0.0101049 0.0167944 0.013
    endloop
  endfacet
  facet normal 0 0 1
    outer loop
      vertex 0.0101049 0.0167944 0.013
      vertex 0.0106855 0.0131878 0.013
      vertex 0.0109099 0.0132246 0.013
    endloop
  endfacet
  facet normal 0 0 1
    outer loop
      vertex -0.00715207 0.00755035 0.013
      vertex -0.00629381 0.00827937 0.013
      vertex -0.00939878 0.00995844 0.013
    endloop
  endfacet
  facet normal 0 0 1
    outer loop
      vertex 3.86841e-17 0.0118185 0.013
      vertex -0.00918608 0.0119142 0.013
      vertex -0.00911348 0.0116987 0.013
    endloop
  endfacet
  facet normal 0 0 1
    outer loop
      vertex -0.00223569 0.0101569 0.013
      vertex -0.00112444 0.010339 0.013
      vertex 3.86841e-17 0.0118185 0.013
    endloop
  endfacet
  facet normal 0 0 1
    outer loop
      vertex -0.00112444 0.010339 0.013
      vertex 1.27363e-18 0.0104 0.013
      vertex 3.86841e-17 0.0118185 0.013
    endloop
  endfacet
  facet normal 0 0 1
    outer loop
      vertex 3.86841e-17 0.0118185 0.013
      vertex 1.27363e-18 0.0104 0.013
      vertex 0.00112444 0.010339 0.013
    endloop
  endfacet
  facet normal 0 0 1
    outer loop
      vertex -0.00939878 0.00995844 0.013
      vertex -0.00953639 0.00977742 0.013
      vertex -0.00715207 0.00755035 0.013
    endloop
  endfacet
  facet normal 0 0 1
    outer loop
      vertex -0.00953639 0.00977742 0.013
      vertex -0.00969276 0.00961234 0.013
      vertex -0.00715207 0.00755035 0.013
    endloop
  endfacet
  facet normal 0 0 1
    outer loop
      vertex -0.00715207 0.00755035 0.013
      vertex -0.00969276 0.00961234 0.013
      vertex -0.00792649 0.00673282 0.013
    endloop
  endfacet
  facet normal 0 0 1
    outer loop
      vertex -0.00969276 0.00961234 0.013
      vertex -0.00986607 0.00946514 0.013
      vertex -0.00792649 0.00673282 0.013
    endloop
  endfacet
  facet normal 0 0 1
    outer loop
      vertex -0.00986607 0.00946514 0.013
      vertex -0.0100543 0.00933753 0.013
      vertex -0.00792649 0.00673282 0.013
    endloop
  endfacet
  facet normal 0 0 1
    outer loop
      vertex -0.00792649 0.00673282 0.013
      vertex -0.0100543 0.00933753 0.013
      vertex -0.00860797 0.00583635 0.013
    endloop
  endfacet
  facet normal 0 0 1
    outer loop
      vertex -0.0100543 0.00933753 0.013
      vertex -0.0102552 0.00923102 0.013
      vertex -0.00860797 0.00583635 0.013
    endloop
  endfacet
  facet normal 0 0 1
    outer loop
      vertex -0.0118185 0.00576847 0.013
      vertex -0.0111369 0.00903693 0.013
      vertex -0.011364 0.00904924 0.013
    endloop
  endfacet
  facet normal 0 0 1
    outer loop
      vertex -0.0102552 0.00923102 0.013
      vertex -0.0104664 0.00914686 0.013
      vertex -0.00860797 0.00583635 0.013
    endloop
  endfacet
  facet normal 0 0 1
    outer loop
      vertex -0.0104664 0.00914686 0.013
      vertex -0.0106855 0.00908603 0.013
      vertex -0.00860797 0.00583635 0.013
    endloop
  endfacet
  facet normal 0 0 1
    outer loop
      vertex -0.00860797 0.00583635 0.013
      vertex -0.0106855 0.00908603 0.013
      vertex -0.0118185 0.00576847 0.013
    endloop
  endfacet
  facet normal 0 0 1
    outer loop
      vertex -0.0106855 0.00908603 0.013
      vertex -0.0109099 0.00904924 0.013
      vertex -0.0118185 0.00576847 0.013
    endloop
  endfacet
  facet normal 0 0 1
    outer loop
      vertex -0.0118185 0.00576847 0.013
      vertex -0.0109099 0.00904924 0.013
      vertex -0.0111369 0.00903693 0.013
    endloop
  endfacet
  facet normal 0 0 1
    outer loop
      vertex -0.00911348 0.0116987 0.013
      vertex -0.0090646 0.0114767 0.013
      vertex 3.86841e-17 0.0118185 0.013
    endloop
  endfacet
  facet normal 0 0 1
    outer loop
      vertex -0.0090646 0.0114767 0.013
      vertex -0.00904001 0.0112506 0.013
      vertex 3.86841e-17 0.0118185 0.013
    endloop
  endfacet
  facet normal 0 0 1
    outer loop
      vertex 3.86841e-17 0.0118185 0.013
      vertex -0.00904001 0.0112506 0.013
      vertex -0.00223569 0.0101569 0.013
    endloop
  endfacet
  facet normal 0 0 1
    outer loop
      vertex -0.00904001 0.0112506 0.013
      vertex -0.00904001 0.0110232 0.013
      vertex -0.00223569 0.0101569 0.013
    endloop
  endfacet
  facet normal 0 0 1
    outer loop
      vertex -0.00223569 0.0101569 0.013
      vertex -0.00904001 0.0110232 0.013
      vertex -0.00332074 0.00985559 0.013
    endloop
  endfacet
  facet normal 0 0 1
    outer loop
      vertex -0.00904001 0.0110232 0.013
      vertex -0.0090646 0.0107972 0.013
      vertex -0.00332074 0.00985559 0.013
    endloop
  endfacet
  facet normal 0 0 1
    outer loop
      vertex -0.00332074 0.00985559 0.013
      vertex -0.0090646 0.0107972 0.013
      vertex -0.00436685 0.00943878 0.013
    endloop
  endfacet
  facet normal 0 0 1
    outer loop
      vertex -0.0090646 0.0107972 0.013
      vertex -0.00911348 0.0105751 0.013
      vertex -0.00436685 0.00943878 0.013
    endloop
  endfacet
  facet normal 0 0 1
    outer loop
      vertex -0.00436685 0.00943878 0.013
      vertex -0.00911348 0.0105751 0.013
      vertex -0.00536176 0.00891131 0.013
    endloop
  endfacet
  facet normal 0 0 1
    outer loop
      vertex -0.00911348 0.0105751 0.013
      vertex -0.00918608 0.0103596 0.013
      vertex -0.00536176 0.00891131 0.013
    endloop
  endfacet
  facet normal 0 0 1
    outer loop
      vertex -0.00536176 0.00891131 0.013
      vertex -0.00918608 0.0103596 0.013
      vertex -0.00629381 0.00827937 0.013
    endloop
  endfacet
  facet normal 0 0 1
    outer loop
      vertex -0.00918608 0.0103596 0.013
      vertex -0.00928156 0.0101533 0.013
      vertex -0.00629381 0.00827937 0.013
    endloop
  endfacet
  facet normal 0 0 1
    outer loop
      vertex -0.00629381 0.00827937 0.013
      vertex -0.00928156 0.0101533 0.013
      vertex -0.00939878 0.00995844 0.013
    endloop
  endfacet
  facet normal 0 0 1
    outer loop
      vertex 0.00918608 0.0119142 0.013
      vertex -4.78327e-18 0.0196 0.013
      vertex 3.86841e-17 0.0118185 0.013
    endloop
  endfacet
  facet normal 0 0 1
    outer loop
      vertex -4.78327e-18 0.0196 0.013
      vertex -0.00928156 0.0121206 0.013
      vertex 3.86841e-17 0.0118185 0.013
    endloop
  endfacet
  facet normal 0 0 1
    outer loop
      vertex 3.86841e-17 0.0118185 0.013
      vertex -0.00928156 0.0121206 0.013
      vertex -0.00918608 0.0119142 0.013
    endloop
  endfacet
  facet normal 0 0 1
    outer loop
      vertex -0.00822983 0.0177885 0.013
      vertex -0.0102552 0.0130428 0.013
      vertex -0.00625831 0.018574 0.013
    endloop
  endfacet
  facet normal 0 0 1
    outer loop
      vertex -0.0102552 0.0130428 0.013
      vertex -0.0100543 0.0129363 0.013
      vertex -0.00625831 0.018574 0.013
    endloop
  endfacet
  facet normal 0 0 1
    outer loop
      vertex -0.00625831 0.018574 0.013
      vertex -0.0100543 0.0129363 0.013
      vertex -0.00421342 0.0191418 0.013
    endloop
  endfacet
  facet normal 0 0 1
    outer loop
      vertex -0.0100543 0.0129363 0.013
      vertex -0.00986607 0.0128087 0.013
      vertex -0.00421342 0.0191418 0.013
    endloop
  endfacet
  facet normal 0 0 1
    outer loop
      vertex -0.00986607 0.0128087 0.013
      vertex -0.00969276 0.0126615 0.013
      vertex -0.00421342 0.0191418 0.013
    endloop
  endfacet
  facet normal 0 0 1
    outer loop
      vertex -0.00421342 0.0191418 0.013
      vertex -0.00969276 0.0126615 0.013
      vertex -0.00211913 0.0194851 0.013
    endloop
  endfacet
  facet normal 0 0 1
    outer loop
      vertex -0.00969276 0.0126615 0.013
      vertex -0.00953639 0.0124964 0.013
      vertex -0.00211913 0.0194851 0.013
    endloop
  endfacet
  facet normal 0 0 1
    outer loop
      vertex -0.00211913 0.0194851 0.013
      vertex -0.00953639 0.0124964 0.013
      vertex -4.78327e-18 0.0196 0.013
    endloop
  endfacet
  facet normal 0 0 1
    outer loop
      vertex -0.00953639 0.0124964 0.013
      vertex -0.00939878 0.0123154 0.013
      vertex -4.78327e-18 0.0196 0.013
    endloop
  endfacet
  facet normal 0 0 1
    outer loop
      vertex -4.78327e-18 0.0196 0.013
      vertex -0.00939878 0.0123154 0.013
      vertex -0.00928156 0.0121206 0.013
    endloop
  endfacet
  facet normal 0 0 1
    outer loop
      vertex -0.0111369 0.0132369 0.013
      vertex -0.0101049 0.0167944 0.013
      vertex -0.011364 0.0132246 0.013
    endloop
  endfacet
  facet normal 0 0 1
    outer loop
      vertex -0.0101049 0.0167944 0.013
      vertex -0.0118614 0.0156034 0.013
      vertex -0.011364 0.0132246 0.013
    endloop
  endfacet
  facet normal 0 0 1
    outer loop
      vertex -0.011364 0.0132246 0.013
      vertex -0.0118614 0.0156034 0.013
      vertex -0.0115884 0.0131878 0.013
    endloop
  endfacet
  facet normal 0 0 1
    outer loop
      vertex -0.0111369 0.0132369 0.013
      vertex -0.0109099 0.0132246 0.013
      vertex -0.0101049 0.0167944 0.013
    endloop
  endfacet
  facet normal 0 0 1
    outer loop
      vertex -0.0109099 0.0132246 0.013
      vertex -0.0106855 0.0131878 0.013
      vertex -0.0101049 0.0167944 0.013
    endloop
  endfacet
  facet normal 0 0 1
    outer loop
      vertex -0.0101049 0.0167944 0.013
      vertex -0.0106855 0.0131878 0.013
      vertex -0.00822983 0.0177885 0.013
    endloop
  endfacet
  facet normal 0 0 1
    outer loop
      vertex -0.0106855 0.0131878 0.013
      vertex -0.0104664 0.013127 0.013
      vertex -0.00822983 0.0177885 0.013
    endloop
  endfacet
  facet normal 0 0 1
    outer loop
      vertex -0.00822983 0.0177885 0.013
      vertex -0.0104664 0.013127 0.013
      vertex -0.0102552 0.0130428 0.013
    endloop
  endfacet
  facet normal 0 0 1
    outer loop
      vertex -0.0132435 0.0118185 0.013
      vertex -0.0130878 0.0119142 0.013
      vertex -0.0134789 0.0142295 0.013
    endloop
  endfacet
  facet normal 0 0 1
    outer loop
      vertex -0.0130878 0.0119142 0.013
      vertex -0.0129923 0.0121206 0.013
      vertex -0.0134789 0.0142295 0.013
    endloop
  endfacet
  facet normal 0 0 1
    outer loop
      vertex -0.0134789 0.0142295 0.013
      vertex -0.0129923 0.0121206 0.013
      vertex -0.0128751 0.0123154 0.013
    endloop
  endfacet
  facet normal 0 0 1
    outer loop
      vertex -0.0128751 0.0123154 0.013
      vertex -0.0127375 0.0124964 0.013
      vertex -0.0134789 0.0142295 0.013
    endloop
  endfacet
  facet normal 0 0 1
    outer loop
      vertex -0.0127375 0.0124964 0.013
      vertex -0.0125811 0.0126615 0.013
      vertex -0.0134789 0.0142295 0.013
    endloop
  endfacet
  facet normal 0 0 1
    outer loop
      vertex -0.0134789 0.0142295 0.013
      vertex -0.0125811 0.0126615 0.013
      vertex -0.0124078 0.0128087 0.013
    endloop
  endfacet
  facet normal 0 0 1
    outer loop
      vertex -0.0124078 0.0128087 0.013
      vertex -0.0122196 0.0129363 0.013
      vertex -0.0134789 0.0142295 0.013
    endloop
  endfacet
  facet normal 0 0 1
    outer loop
      vertex -0.0122196 0.0129363 0.013
      vertex -0.0120187 0.0130428 0.013
      vertex -0.0134789 0.0142295 0.013
    endloop
  endfacet
  facet normal 0 0 1
    outer loop
      vertex -0.0134789 0.0142295 0.013
      vertex -0.0120187 0.0130428 0.013
      vertex -0.0118614 0.0156034 0.013
    endloop
  endfacet
  facet normal 0 0 1
    outer loop
      vertex -0.0120187 0.0130428 0.013
      vertex -0.0118075 0.013127 0.013
      vertex -0.0118614 0.0156034 0.013
    endloop
  endfacet
  facet normal 0 0 1
    outer loop
      vertex -0.0118614 0.0156034 0.013
      vertex -0.0118075 0.013127 0.013
      vertex -0.0115884 0.0131878 0.013
    endloop
  endfacet
  facet normal 0 0 1
    outer loop
      vertex -0.0132339 0.0110232 0.013
      vertex -0.0132435 0.0118185 0.013
      vertex -0.0132435 0.00576847 0.013
    endloop
  endfacet
  facet normal 0 0 1
    outer loop
      vertex -0.0132339 0.0110232 0.013
      vertex -0.0132339 0.0112506 0.013
      vertex -0.0132435 0.0118185 0.013
    endloop
  endfacet
  facet normal 0 0 1
    outer loop
      vertex -0.0132339 0.0112506 0.013
      vertex -0.0132093 0.0114767 0.013
      vertex -0.0132435 0.0118185 0.013
    endloop
  endfacet
  facet normal 0 0 1
    outer loop
      vertex -0.0132435 0.0118185 0.013
      vertex -0.0132093 0.0114767 0.013
      vertex -0.0131604 0.0116987 0.013
    endloop
  endfacet
  facet normal 0 0 1
    outer loop
      vertex -0.011364 0.00904924 0.013
      vertex -0.0115884 0.00908603 0.013
      vertex -0.0118185 0.00576847 0.013
    endloop
  endfacet
  facet normal 0 0 1
    outer loop
      vertex -0.0115884 0.00908603 0.013
      vertex -0.0118075 0.00914686 0.013
      vertex -0.0118185 0.00576847 0.013
    endloop
  endfacet
  facet normal 0 0 1
    outer loop
      vertex -0.0118185 0.00576847 0.013
      vertex -0.0118075 0.00914686 0.013
      vertex -0.0132435 0.00576847 0.013
    endloop
  endfacet
  facet normal 0 0 1
    outer loop
      vertex -0.0118075 0.00914686 0.013
      vertex -0.0120187 0.00923102 0.013
      vertex -0.0132435 0.00576847 0.013
    endloop
  endfacet
  facet normal 0 0 1
    outer loop
      vertex -0.0132435 0.00576847 0.013
      vertex -0.0120187 0.00923102 0.013
      vertex -0.0122196 0.00933753 0.013
    endloop
  endfacet
  facet normal 0 0 1
    outer loop
      vertex -0.0122196 0.00933753 0.013
      vertex -0.0124078 0.00946514 0.013
      vertex -0.0132435 0.00576847 0.013
    endloop
  endfacet
  facet normal 0 0 1
    outer loop
      vertex -0.0124078 0.00946514 0.013
      vertex -0.0125811 0.00961234 0.013
      vertex -0.0132435 0.00576847 0.013
    endloop
  endfacet
  facet normal 0 0 1
    outer loop
      vertex -0.0132435 0.00576847 0.013
      vertex -0.0125811 0.00961234 0.013
      vertex -0.0127375 0.00977742 0.013
    endloop
  endfacet
  facet normal 0 0 1
    outer loop
      vertex -0.0127375 0.00977742 0.013
      vertex -0.0128751 0.00995844 0.013
      vertex -0.0132435 0.00576847 0.013
    endloop
  endfacet
  facet normal 0 0 1
    outer loop
      vertex -0.0128751 0.00995844 0.013
      vertex -0.0129923 0.0101533 0.013
      vertex -0.0132435 0.00576847 0.013
    endloop
  endfacet
  facet normal 0 0 1
    outer loop
      vertex -0.0132435 0.00576847 0.013
      vertex -0.0129923 0.0101533 0.013
      vertex -0.0130878 0.0103596 0.013
    endloop
  endfacet
  facet normal 0 0 1
    outer loop
      vertex -0.0130878 0.0103596 0.013
      vertex -0.0131604 0.0105751 0.013
      vertex -0.0132435 0.00576847 0.013
    endloop
  endfacet
  facet normal 0 0 1
    outer loop
      vertex -0.0131604 0.0105751 0.013
      vertex -0.0132093 0.0107972 0.013
      vertex -0.0132435 0.00576847 0.013
    endloop
  endfacet
  facet normal 0 0 1
    outer loop
      vertex -0.0132435 0.00576847 0.013
      vertex -0.0132093 0.0107972 0.013
      vertex -0.0132339 0.0110232 0.013
    endloop
  endfacet
  facet normal 0 0 1
    outer loop
      vertex 2.41765e-18 -0.0196 0.013
      vertex -0.00939878 -0.0123154 0.013
      vertex -0.00211913 -0.0194851 0.013
    endloop
  endfacet
  facet normal 0 0 1
    outer loop
      vertex -0.00939878 -0.0123154 0.013
      vertex -0.00953639 -0.0124964 0.013
      vertex -0.00211913 -0.0194851 0.013
    endloop
  endfacet
  facet normal 0 0 1
    outer loop
      vertex -0.00211913 -0.0194851 0.013
      vertex -0.00953639 -0.0124964 0.013
      vertex -0.00421342 -0.0191418 0.013
    endloop
  endfacet
  facet normal 0 0 1
    outer loop
      vertex -0.00953639 -0.0124964 0.013
      vertex -0.00969276 -0.0126615 0.013
      vertex -0.00421342 -0.0191418 0.013
    endloop
  endfacet
  facet normal 0 0 1
    outer loop
      vertex -0.00969276 -0.0126615 0.013
      vertex -0.00986607 -0.0128087 0.013
      vertex -0.00421342 -0.0191418 0.013
    endloop
  endfacet
  facet normal 0 0 1
    outer loop
      vertex -0.00421342 -0.0191418 0.013
      vertex -0.00986607 -0.0128087 0.013
      vertex -0.00625831 -0.018574 0.013
    endloop
  endfacet
  facet normal 0 0 1
    outer loop
      vertex -0.00986607 -0.0128087 0.013
      vertex -0.0100543 -0.0129363 0.013
      vertex -0.00625831 -0.018574 0.013
    endloop
  endfacet
  facet normal 0 0 1
    outer loop
      vertex -0.00625831 -0.018574 0.013
      vertex -0.0100543 -0.0129363 0.013
      vertex -0.00822983 -0.0177885 0.013
    endloop
  endfacet
  facet normal 0 0 1
    outer loop
      vertex -0.0100543 -0.0129363 0.013
      vertex -0.0102552 -0.0130428 0.013
      vertex -0.00822983 -0.0177885 0.013
    endloop
  endfacet
  facet normal 0 0 1
    outer loop
      vertex -0.0102552 -0.0130428 0.013
      vertex -0.0104664 -0.013127 0.013
      vertex -0.00822983 -0.0177885 0.013
    endloop
  endfacet
  facet normal 0 0 1
    outer loop
      vertex -0.00822983 -0.0177885 0.013
      vertex -0.0104664 -0.013127 0.013
      vertex -0.0101049 -0.0167944 0.013
    endloop
  endfacet
  facet normal 0 0 1
    outer loop
      vertex -0.0104664 -0.013127 0.013
      vertex -0.0106855 -0.0131878 0.013
      vertex -0.0101049 -0.0167944 0.013
    endloop
  endfacet
  facet normal 0 0 1
    outer loop
      vertex -0.0106855 -0.0131878 0.013
      vertex -0.0109099 -0.0132246 0.013
      vertex -0.0101049 -0.0167944 0.013
    endloop
  endfacet
  facet normal 0 0 1
    outer loop
      vertex -0.0109099 -0.0132246 0.013
      vertex -0.0111369 -0.0132369 0.013
      vertex -0.0101049 -0.0167944 0.013
    endloop
  endfacet
  facet normal 0 0 1
    outer loop
      vertex -0.0101049 -0.0167944 0.013
      vertex -0.0111369 -0.0132369 0.013
      vertex -0.0118614 -0.0156034 0.013
    endloop
  endfacet
  facet normal 0 0 1
    outer loop
      vertex -0.0111369 -0.0132369 0.013
      vertex -0.011364 -0.0132246 0.013
      vertex -0.0118614 -0.0156034 0.013
    endloop
  endfacet
  facet normal 0 0 1
    outer loop
      vertex -0.00792649 -0.00673282 0.013
      vertex -0.00860797 -0.00583635 0.013
      vertex -0.0102552 -0.00923102 0.013
    endloop
  endfacet
  facet normal 0 0 1
    outer loop
      vertex -0.0090646 -0.0107972 0.013
      vertex -0.00332074 -0.00985559 0.013
      vertex -0.00436685 -0.00943878 0.013
    endloop
  endfacet
  facet normal 0 0 1
    outer loop
      vertex -0.0090646 -0.0114767 0.013
      vertex -0.00911348 -0.0116987 0.013
      vertex 3.86841e-17 -0.0118185 0.013
    endloop
  endfacet
  facet normal 0 0 1
    outer loop
      vertex -0.00911348 -0.0116987 0.013
      vertex -0.00918608 -0.0119142 0.013
      vertex 3.86841e-17 -0.0118185 0.013
    endloop
  endfacet
  facet normal 0 0 1
    outer loop
      vertex 3.86841e-17 -0.0118185 0.013
      vertex -0.00918608 -0.0119142 0.013
      vertex 2.41765e-18 -0.0196 0.013
    endloop
  endfacet
  facet normal 0 0 1
    outer loop
      vertex -0.00918608 -0.0119142 0.013
      vertex -0.00928156 -0.0121206 0.013
      vertex 2.41765e-18 -0.0196 0.013
    endloop
  endfacet
  facet normal 0 0 1
    outer loop
      vertex 2.41765e-18 -0.0196 0.013
      vertex -0.00928156 -0.0121206 0.013
      vertex -0.00939878 -0.0123154 0.013
    endloop
  endfacet
  facet normal 0 0 1
    outer loop
      vertex -0.0102552 -0.00923102 0.013
      vertex -0.0100543 -0.00933753 0.013
      vertex -0.00792649 -0.00673282 0.013
    endloop
  endfacet
  facet normal 0 0 1
    outer loop
      vertex -0.0100543 -0.00933753 0.013
      vertex -0.00986607 -0.00946514 0.013
      vertex -0.00792649 -0.00673282 0.013
    endloop
  endfacet
  facet normal 0 0 1
    outer loop
      vertex -0.00792649 -0.00673282 0.013
      vertex -0.00986607 -0.00946514 0.013
      vertex -0.00715207 -0.00755035 0.013
    endloop
  endfacet
  facet normal 0 0 1
    outer loop
      vertex -0.00986607 -0.00946514 0.013
      vertex -0.00969276 -0.00961234 0.013
      vertex -0.00715207 -0.00755035 0.013
    endloop
  endfacet
  facet normal 0 0 1
    outer loop
      vertex 0.00112444 -0.010339 0.013
      vertex -2.30926e-18 -0.0104 0.013
      vertex 3.86841e-17 -0.0118185 0.013
    endloop
  endfacet
  facet normal 0 0 1
    outer loop
      vertex -2.30926e-18 -0.0104 0.013
      vertex -0.00112444 -0.010339 0.013
      vertex 3.86841e-17 -0.0118185 0.013
    endloop
  endfacet
  facet normal 0 0 1
    outer loop
      vertex 3.86841e-17 -0.0118185 0.013
      vertex -0.00112444 -0.010339 0.013
      vertex -0.00223569 -0.0101569 0.013
    endloop
  endfacet
  facet normal 0 0 1
    outer loop
      vertex -0.0115884 -0.00908603 0.013
      vertex -0.011364 -0.00904924 0.013
      vertex -0.0118185 -0.00576847 0.013
    endloop
  endfacet
  facet normal 0 0 1
    outer loop
      vertex -0.011364 -0.00904924 0.013
      vertex -0.0111369 -0.00903693 0.013
      vertex -0.0118185 -0.00576847 0.013
    endloop
  endfacet
  facet normal 0 0 1
    outer loop
      vertex -0.0118185 -0.00576847 0.013
      vertex -0.0111369 -0.00903693 0.013
      vertex -0.0109099 -0.00904924 0.013
    endloop
  endfacet
  facet normal 0 0 1
    outer loop
      vertex -0.00969276 -0.00961234 0.013
      vertex -0.00953639 -0.00977742 0.013
      vertex -0.00715207 -0.00755035 0.013
    endloop
  endfacet
  facet normal 0 0 1
    outer loop
      vertex -0.00953639 -0.00977742 0.013
      vertex -0.00939878 -0.00995844 0.013
      vertex -0.00715207 -0.00755035 0.013
    endloop
  endfacet
  facet normal 0 0 1
    outer loop
      vertex -0.00715207 -0.00755035 0.013
      vertex -0.00939878 -0.00995844 0.013
      vertex -0.00629381 -0.00827937 0.013
    endloop
  endfacet
  facet normal 0 0 1
    outer loop
      vertex -0.00939878 -0.00995844 0.013
      vertex -0.00928156 -0.0101533 0.013
      vertex -0.00629381 -0.00827937 0.013
    endloop
  endfacet
  facet normal 0 0 1
    outer loop
      vertex -0.00629381 -0.00827937 0.013
      vertex -0.00928156 -0.0101533 0.013
      vertex -0.00536176 -0.00891131 0.013
    endloop
  endfacet
  facet normal 0 0 1
    outer loop
      vertex -0.00928156 -0.0101533 0.013
      vertex -0.00918608 -0.0103596 0.013
      vertex -0.00536176 -0.00891131 0.013
    endloop
  endfacet
  facet normal 0 0 1
    outer loop
      vertex -0.00536176 -0.00891131 0.013
      vertex -0.00918608 -0.0103596 0.013
      vertex -0.00436685 -0.00943878 0.013
    endloop
  endfacet
  facet normal 0 0 1
    outer loop
      vertex -0.00918608 -0.0103596 0.013
      vertex -0.00911348 -0.0105751 0.013
      vertex -0.00436685 -0.00943878 0.013
    endloop
  endfacet
  facet normal 0 0 1
    outer loop
      vertex -0.00436685 -0.00943878 0.013
      vertex -0.00911348 -0.0105751 0.013
      vertex -0.0090646 -0.0107972 0.013
    endloop
  endfacet
  facet normal 0 0 1
    outer loop
      vertex -0.00332074 -0.00985559 0.013
      vertex -0.0090646 -0.0107972 0.013
      vertex -0.00223569 -0.0101569 0.013
    endloop
  endfacet
  facet normal 0 0 1
    outer loop
      vertex -0.0090646 -0.0107972 0.013
      vertex -0.00904001 -0.0110232 0.013
      vertex -0.00223569 -0.0101569 0.013
    endloop
  endfacet
  facet normal 0 0 1
    outer loop
      vertex -0.00223569 -0.0101569 0.013
      vertex -0.00904001 -0.0110232 0.013
      vertex 3.86841e-17 -0.0118185 0.013
    endloop
  endfacet
  facet normal 0 0 1
    outer loop
      vertex -0.00904001 -0.0110232 0.013
      vertex -0.00904001 -0.0112506 0.013
      vertex 3.86841e-17 -0.0118185 0.013
    endloop
  endfacet
  facet normal 0 0 1
    outer loop
      vertex 3.86841e-17 -0.0118185 0.013
      vertex -0.00904001 -0.0112506 0.013
      vertex -0.0090646 -0.0114767 0.013
    endloop
  endfacet
  facet normal 0 0 1
    outer loop
      vertex -0.0109099 -0.00904924 0.013
      vertex -0.0106855 -0.00908603 0.013
      vertex -0.00860797 -0.00583635 0.013
    endloop
  endfacet
  facet normal 0 0 1
    outer loop
      vertex -0.0106855 -0.00908603 0.013
      vertex -0.0104664 -0.00914686 0.013
      vertex -0.00860797 -0.00583635 0.013
    endloop
  endfacet
  facet normal 0 0 1
    outer loop
      vertex -0.00860797 -0.00583635 0.013
      vertex -0.0104664 -0.00914686 0.013
      vertex -0.0102552 -0.00923102 0.013
    endloop
  endfacet
  facet normal 0 0 1
    outer loop
      vertex -0.0129923 -0.0121206 0.013
      vertex -0.0130878 -0.0119142 0.013
      vertex -0.0132435 -0.0118185 0.013
    endloop
  endfacet
  facet normal 0 0 1
    outer loop
      vertex -0.0130878 -0.0119142 0.013
      vertex -0.0131604 -0.0116987 0.013
      vertex -0.0132435 -0.0118185 0.013
    endloop
  endfacet
  facet normal 0 0 1
    outer loop
      vertex -0.0132435 -0.0118185 0.013
      vertex -0.0131604 -0.0116987 0.013
      vertex -0.0132093 -0.0114767 0.013
    endloop
  endfacet
  facet normal 0 0 1
    outer loop
      vertex -0.0132093 -0.0114767 0.013
      vertex -0.0132339 -0.0112506 0.013
      vertex -0.0132435 -0.0118185 0.013
    endloop
  endfacet
  facet normal 0 0 1
    outer loop
      vertex -0.0132339 -0.0112506 0.013
      vertex -0.0132339 -0.0110232 0.013
      vertex -0.0132435 -0.0118185 0.013
    endloop
  endfacet
  facet normal 0 0 1
    outer loop
      vertex -0.0132435 -0.0118185 0.013
      vertex -0.0132339 -0.0110232 0.013
      vertex -0.0132435 -0.00576847 0.013
    endloop
  endfacet
  facet normal 0 0 1
    outer loop
      vertex -0.0132339 -0.0110232 0.013
      vertex -0.0132093 -0.0107972 0.013
      vertex -0.0132435 -0.00576847 0.013
    endloop
  endfacet
  facet normal 0 0 1
    outer loop
      vertex -0.0132435 -0.00576847 0.013
      vertex -0.0132093 -0.0107972 0.013
      vertex -0.0131604 -0.0105751 0.013
    endloop
  endfacet
  facet normal 0 0 1
    outer loop
      vertex -0.0131604 -0.0105751 0.013
      vertex -0.0130878 -0.0103596 0.013
      vertex -0.0132435 -0.00576847 0.013
    endloop
  endfacet
  facet normal 0 0 1
    outer loop
      vertex -0.0130878 -0.0103596 0.013
      vertex -0.0129923 -0.0101533 0.013
      vertex -0.0132435 -0.00576847 0.013
    endloop
  endfacet
  facet normal 0 0 1
    outer loop
      vertex -0.0132435 -0.00576847 0.013
      vertex -0.0129923 -0.0101533 0.013
      vertex -0.0128751 -0.00995844 0.013
    endloop
  endfacet
  facet normal 0 0 1
    outer loop
      vertex -0.0128751 -0.00995844 0.013
      vertex -0.0127375 -0.00977742 0.013
      vertex -0.0132435 -0.00576847 0.013
    endloop
  endfacet
  facet normal 0 0 1
    outer loop
      vertex -0.0127375 -0.00977742 0.013
      vertex -0.0125811 -0.00961234 0.013
      vertex -0.0132435 -0.00576847 0.013
    endloop
  endfacet
  facet normal 0 0 1
    outer loop
      vertex -0.0132435 -0.00576847 0.013
      vertex -0.0125811 -0.00961234 0.013
      vertex -0.0124078 -0.00946514 0.013
    endloop
  endfacet
  facet normal 0 0 1
    outer loop
      vertex -0.0124078 -0.00946514 0.013
      vertex -0.0122196 -0.00933753 0.013
      vertex -0.0132435 -0.00576847 0.013
    endloop
  endfacet
  facet normal 0 0 1
    outer loop
      vertex -0.0122196 -0.00933753 0.013
      vertex -0.0120187 -0.00923102 0.013
      vertex -0.0132435 -0.00576847 0.013
    endloop
  endfacet
  facet normal 0 0 1
    outer loop
      vertex -0.0132435 -0.00576847 0.013
      vertex -0.0120187 -0.00923102 0.013
      vertex -0.0118185 -0.00576847 0.013
    endloop
  endfacet
  facet normal 0 0 1
    outer loop
      vertex -0.0120187 -0.00923102 0.013
      vertex -0.0118075 -0.00914686 0.013
      vertex -0.0118185 -0.00576847 0.013
    endloop
  endfacet
  facet normal 0 0 1
    outer loop
      vertex -0.0118185 -0.00576847 0.013
      vertex -0.0118075 -0.00914686 0.013
      vertex -0.0115884 -0.00908603 0.013
    endloop
  endfacet
  facet normal 0 0 1
    outer loop
      vertex -0.011364 -0.0132246 0.013
      vertex -0.0115884 -0.0131878 0.013
      vertex -0.0118614 -0.0156034 0.013
    endloop
  endfacet
  facet normal 0 0 1
    outer loop
      vertex -0.0115884 -0.0131878 0.013
      vertex -0.0118075 -0.013127 0.013
      vertex -0.0118614 -0.0156034 0.013
    endloop
  endfacet
  facet normal 0 0 1
    outer loop
      vertex -0.0118614 -0.0156034 0.013
      vertex -0.0118075 -0.013127 0.013
      vertex -0.0134789 -0.0142295 0.013
    endloop
  endfacet
  facet normal 0 0 1
    outer loop
      vertex -0.0118075 -0.013127 0.013
      vertex -0.0120187 -0.0130428 0.013
      vertex -0.0134789 -0.0142295 0.013
    endloop
  endfacet
  facet normal 0 0 1
    outer loop
      vertex -0.0120187 -0.0130428 0.013
      vertex -0.0122196 -0.0129363 0.013
      vertex -0.0134789 -0.0142295 0.013
    endloop
  endfacet
  facet normal 0 0 1
    outer loop
      vertex -0.0134789 -0.0142295 0.013
      vertex -0.0122196 -0.0129363 0.013
      vertex -0.0124078 -0.0128087 0.013
    endloop
  endfacet
  facet normal 0 0 1
    outer loop
      vertex -0.0124078 -0.0128087 0.013
      vertex -0.0125811 -0.0126615 0.013
      vertex -0.0134789 -0.0142295 0.013
    endloop
  endfacet
  facet normal 0 0 1
    outer loop
      vertex -0.0125811 -0.0126615 0.013
      vertex -0.0127375 -0.0124964 0.013
      vertex -0.0134789 -0.0142295 0.013
    endloop
  endfacet
  facet normal 0 0 1
    outer loop
      vertex -0.0134789 -0.0142295 0.013
      vertex -0.0127375 -0.0124964 0.013
      vertex -0.0128751 -0.0123154 0.013
    endloop
  endfacet
  facet normal 0 0 1
    outer loop
      vertex 0.0193418 -0.00317093 0.013
      vertex 0.0118185 -0.00576847 0.013
      vertex 0.0188856 -0.00524356 0.013
    endloop
  endfacet
  facet normal 0 0 1
    outer loop
      vertex 0.0118185 -0.00576847 0.013
      vertex 0.0120187 -0.00923102 0.013
      vertex 0.0188856 -0.00524356 0.013
    endloop
  endfacet
  facet normal 0 0 1
    outer loop
      vertex 0.0188856 -0.00524356 0.013
      vertex 0.0120187 -0.00923102 0.013
      vertex 0.0122196 -0.00933753 0.013
    endloop
  endfacet
  facet normal 0 0 1
    outer loop
      vertex 0.0193418 -0.00317093 0.013
      vertex 0.0195713 -0.00106112 0.013
      vertex 0.0118185 -0.00576847 0.013
    endloop
  endfacet
  facet normal 0 0 1
    outer loop
      vertex 0.0195713 -0.00106112 0.013
      vertex 0.0196 6.00077e-18 0.013
      vertex 0.0118185 -0.00576847 0.013
    endloop
  endfacet
  facet normal 0 0 1
    outer loop
      vertex 0.0118185 -0.00576847 0.013
      vertex 0.0196 6.00077e-18 0.013
      vertex 0.0118185 0.00576847 0.013
    endloop
  endfacet
  facet normal 0 0 1
    outer loop
      vertex 0.0196 6.00077e-18 0.013
      vertex 0.0195713 0.00106112 0.013
      vertex 0.0118185 0.00576847 0.013
    endloop
  endfacet
  facet normal 0 0 1
    outer loop
      vertex 0.0118185 0.00576847 0.013
      vertex 0.0195713 0.00106112 0.013
      vertex 0.0193418 0.00317093 0.013
    endloop
  endfacet
  facet normal 0 0 1
    outer loop
      vertex -0.0128751 -0.0123154 0.013
      vertex -0.0129923 -0.0121206 0.013
      vertex -0.0134789 -0.0142295 0.013
    endloop
  endfacet
  facet normal 0 0 1
    outer loop
      vertex -0.0129923 -0.0121206 0.013
      vertex -0.0132435 -0.0118185 0.013
      vertex -0.0134789 -0.0142295 0.013
    endloop
  endfacet
  facet normal 0 0 1
    outer loop
      vertex -0.0134789 -0.0142295 0.013
      vertex -0.0132435 -0.0118185 0.013
      vertex -0.0149384 -0.0126888 0.013
    endloop
  endfacet
  facet normal 0 0 1
    outer loop
      vertex -0.0132435 -0.0118185 0.013
      vertex -0.0162227 -0.0109993 0.013
      vertex -0.0149384 -0.0126888 0.013
    endloop
  endfacet
  facet normal 0 0 1
    outer loop
      vertex -0.0132537 -0.000135347 0.013
      vertex -0.0132829 -0.000404455 0.013
      vertex -0.0132435 -0.00576847 0.013
    endloop
  endfacet
  facet normal 0 0 1
    outer loop
      vertex -0.0132537 -0.000135347 0.013
      vertex -0.0132435 -0.00576847 0.013
      vertex -0.0132537 0.000135347 0.013
    endloop
  endfacet
  facet normal 0 0 1
    outer loop
      vertex -0.0181589 -0.000668821 0.013
      vertex -0.0182171 -0.000404455 0.013
      vertex -0.0195713 -0.00106112 0.013
    endloop
  endfacet
  facet normal 0 0 1
    outer loop
      vertex -0.0182171 -0.000404455 0.013
      vertex -0.0182463 -0.000135347 0.013
      vertex -0.0195713 -0.00106112 0.013
    endloop
  endfacet
  facet normal 0 0 1
    outer loop
      vertex -0.0195713 -0.00106112 0.013
      vertex -0.0182463 -0.000135347 0.013
      vertex -0.0195713 0.00106112 0.013
    endloop
  endfacet
  facet normal 0 0 1
    outer loop
      vertex -0.0182463 -0.000135347 0.013
      vertex -0.0182463 0.000135347 0.013
      vertex -0.0195713 0.00106112 0.013
    endloop
  endfacet
  facet normal 0 0 1
    outer loop
      vertex -0.0195713 0.00106112 0.013
      vertex -0.0182463 0.000135347 0.013
      vertex -0.0182171 0.000404455 0.013
    endloop
  endfacet
  facet normal 0 0 1
    outer loop
      vertex -0.0133411 0.000668821 0.013
      vertex -0.0132829 0.000404455 0.013
      vertex -0.0132435 0.00576847 0.013
    endloop
  endfacet
  facet normal 0 0 1
    outer loop
      vertex -0.0132829 -0.000404455 0.013
      vertex -0.0133411 -0.000668821 0.013
      vertex -0.0132435 -0.00576847 0.013
    endloop
  endfacet
  facet normal 0 0 1
    outer loop
      vertex -0.0133411 -0.000668821 0.013
      vertex -0.0134276 -0.000925345 0.013
      vertex -0.0132435 -0.00576847 0.013
    endloop
  endfacet
  facet normal 0 0 1
    outer loop
      vertex -0.0132435 -0.00576847 0.013
      vertex -0.0134276 -0.000925345 0.013
      vertex -0.0135412 -0.00117102 0.013
    endloop
  endfacet
  facet normal 0 0 1
    outer loop
      vertex -0.0176554 -0.00161847 0.013
      vertex -0.0178192 -0.00140297 0.013
      vertex -0.0193418 -0.00317093 0.013
    endloop
  endfacet
  facet normal 0 0 1
    outer loop
      vertex -0.0178192 -0.00140297 0.013
      vertex -0.0179588 -0.00117102 0.013
      vertex -0.0193418 -0.00317093 0.013
    endloop
  endfacet
  facet normal 0 0 1
    outer loop
      vertex -0.0193418 -0.00317093 0.013
      vertex -0.0179588 -0.00117102 0.013
      vertex -0.0195713 -0.00106112 0.013
    endloop
  endfacet
  facet normal 0 0 1
    outer loop
      vertex -0.0179588 -0.00117102 0.013
      vertex -0.0180724 -0.000925345 0.013
      vertex -0.0195713 -0.00106112 0.013
    endloop
  endfacet
  facet normal 0 0 1
    outer loop
      vertex -0.0195713 -0.00106112 0.013
      vertex -0.0180724 -0.000925345 0.013
      vertex -0.0181589 -0.000668821 0.013
    endloop
  endfacet
  facet normal 0 0 1
    outer loop
      vertex -0.0136808 0.00140297 0.013
      vertex -0.0135412 0.00117102 0.013
      vertex -0.0132435 0.00576847 0.013
    endloop
  endfacet
  facet normal 0 0 1
    outer loop
      vertex -0.0135412 0.00117102 0.013
      vertex -0.0134276 0.000925345 0.013
      vertex -0.0132435 0.00576847 0.013
    endloop
  endfacet
  facet normal 0 0 1
    outer loop
      vertex -0.0132435 0.00576847 0.013
      vertex -0.0134276 0.000925345 0.013
      vertex -0.0133411 0.000668821 0.013
    endloop
  endfacet
  facet normal 0 0 1
    outer loop
      vertex -0.0135412 -0.00117102 0.013
      vertex -0.0136808 -0.00140297 0.013
      vertex -0.0132435 -0.00576847 0.013
    endloop
  endfacet
  facet normal 0 0 1
    outer loop
      vertex -0.0136808 -0.00140297 0.013
      vertex -0.0138446 -0.00161847 0.013
      vertex -0.0132435 -0.00576847 0.013
    endloop
  endfacet
  facet normal 0 0 1
    outer loop
      vertex -0.0132435 -0.00576847 0.013
      vertex -0.0138446 -0.00161847 0.013
      vertex -0.0140308 -0.00181499 0.013
    endloop
  endfacet
  facet normal 0 0 1
    outer loop
      vertex -0.0162874 -0.00244155 0.013
      vertex -0.0182079 -0.00725471 0.013
      vertex -0.0160203 -0.00248534 0.013
    endloop
  endfacet
  facet normal 0 0 1
    outer loop
      vertex -0.0182079 -0.00725471 0.013
      vertex -0.01575 -0.0025 0.013
      vertex -0.0160203 -0.00248534 0.013
    endloop
  endfacet
  facet normal 0 0 1
    outer loop
      vertex -0.0188856 -0.00524356 0.013
      vertex -0.0172629 -0.00199023 0.013
      vertex -0.0193418 -0.00317093 0.013
    endloop
  endfacet
  facet normal 0 0 1
    outer loop
      vertex -0.0172629 -0.00199023 0.013
      vertex -0.0174692 -0.00181499 0.013
      vertex -0.0193418 -0.00317093 0.013
    endloop
  endfacet
  facet normal 0 0 1
    outer loop
      vertex -0.0193418 -0.00317093 0.013
      vertex -0.0174692 -0.00181499 0.013
      vertex -0.0176554 -0.00161847 0.013
    endloop
  endfacet
  facet normal 0 0 1
    outer loop
      vertex -0.0140308 -0.00181499 0.013
      vertex -0.0142371 -0.00199023 0.013
      vertex -0.0132435 -0.00576847 0.013
    endloop
  endfacet
  facet normal 0 0 1
    outer loop
      vertex -0.0142371 -0.00199023 0.013
      vertex -0.0144611 -0.00214214 0.013
      vertex -0.0132435 -0.00576847 0.013
    endloop
  endfacet
  facet normal 0 0 1
    outer loop
      vertex -0.0132435 -0.00576847 0.013
      vertex -0.0144611 -0.00214214 0.013
      vertex -0.0147003 -0.00226894 0.013
    endloop
  endfacet
  facet normal 0 0 1
    outer loop
      vertex -0.0132435 0.00576847 0.013
      vertex -0.0144611 0.00214214 0.013
      vertex -0.0142371 0.00199023 0.013
    endloop
  endfacet
  facet normal 0 0 1
    outer loop
      vertex -0.0147003 -0.00226894 0.013
      vertex -0.0149517 -0.00236913 0.013
      vertex -0.0132435 -0.00576847 0.013
    endloop
  endfacet
  facet normal 0 0 1
    outer loop
      vertex -0.0149517 -0.00236913 0.013
      vertex -0.0152126 -0.00244155 0.013
      vertex -0.0132435 -0.00576847 0.013
    endloop
  endfacet
  facet normal 0 0 1
    outer loop
      vertex -0.0132435 -0.00576847 0.013
      vertex -0.0152126 -0.00244155 0.013
      vertex -0.0154797 -0.00248534 0.013
    endloop
  endfacet
  facet normal 0 0 1
    outer loop
      vertex -0.0162227 -0.0109993 0.013
      vertex -0.0132435 -0.0118185 0.013
      vertex -0.0173168 -0.00918081 0.013
    endloop
  endfacet
  facet normal 0 0 1
    outer loop
      vertex -0.0132435 -0.0118185 0.013
      vertex -0.0132435 -0.00576847 0.013
      vertex -0.0173168 -0.00918081 0.013
    endloop
  endfacet
  facet normal 0 0 1
    outer loop
      vertex -0.0173168 -0.00918081 0.013
      vertex -0.0132435 -0.00576847 0.013
      vertex -0.0182079 -0.00725471 0.013
    endloop
  endfacet
  facet normal 0 0 1
    outer loop
      vertex -0.0132435 -0.00576847 0.013
      vertex -0.0154797 -0.00248534 0.013
      vertex -0.0182079 -0.00725471 0.013
    endloop
  endfacet
  facet normal 0 0 1
    outer loop
      vertex -0.0182079 -0.00725471 0.013
      vertex -0.0154797 -0.00248534 0.013
      vertex -0.01575 -0.0025 0.013
    endloop
  endfacet
  facet normal 0 0 1
    outer loop
      vertex -0.0162874 -0.00244155 0.013
      vertex -0.0165483 -0.00236913 0.013
      vertex -0.0182079 -0.00725471 0.013
    endloop
  endfacet
  facet normal 0 0 1
    outer loop
      vertex -0.0165483 -0.00236913 0.013
      vertex -0.0167997 -0.00226894 0.013
      vertex -0.0182079 -0.00725471 0.013
    endloop
  endfacet
  facet normal 0 0 1
    outer loop
      vertex -0.0182079 -0.00725471 0.013
      vertex -0.0167997 -0.00226894 0.013
      vertex -0.0188856 -0.00524356 0.013
    endloop
  endfacet
  facet normal 0 0 1
    outer loop
      vertex -0.0167997 -0.00226894 0.013
      vertex -0.0170389 -0.00214214 0.013
      vertex -0.0188856 -0.00524356 0.013
    endloop
  endfacet
  facet normal 0 0 1
    outer loop
      vertex -0.0188856 -0.00524356 0.013
      vertex -0.0170389 -0.00214214 0.013
      vertex -0.0172629 -0.00199023 0.013
    endloop
  endfacet
  facet normal 0 0 1
    outer loop
      vertex -0.0182171 0.000404455 0.013
      vertex -0.0181589 0.000668821 0.013
      vertex -0.0195713 0.00106112 0.013
    endloop
  endfacet
  facet normal 0 0 1
    outer loop
      vertex -0.0181589 0.000668821 0.013
      vertex -0.0180724 0.000925345 0.013
      vertex -0.0195713 0.00106112 0.013
    endloop
  endfacet
  facet normal 0 0 1
    outer loop
      vertex -0.0195713 0.00106112 0.013
      vertex -0.0180724 0.000925345 0.013
      vertex -0.0193418 0.00317093 0.013
    endloop
  endfacet
  facet normal 0 0 1
    outer loop
      vertex -0.0180724 0.000925345 0.013
      vertex -0.0179588 0.00117102 0.013
      vertex -0.0193418 0.00317093 0.013
    endloop
  endfacet
  facet normal 0 0 1
    outer loop
      vertex -0.0193418 0.00317093 0.013
      vertex -0.0179588 0.00117102 0.013
      vertex -0.0178192 0.00140297 0.013
    endloop
  endfacet
  facet normal 0 0 1
    outer loop
      vertex -0.0142371 0.00199023 0.013
      vertex -0.0140308 0.00181499 0.013
      vertex -0.0132435 0.00576847 0.013
    endloop
  endfacet
  facet normal 0 0 1
    outer loop
      vertex -0.0140308 0.00181499 0.013
      vertex -0.0138446 0.00161847 0.013
      vertex -0.0132435 0.00576847 0.013
    endloop
  endfacet
  facet normal 0 0 1
    outer loop
      vertex -0.0132435 0.00576847 0.013
      vertex -0.0138446 0.00161847 0.013
      vertex -0.0136808 0.00140297 0.013
    endloop
  endfacet
  facet normal 0 0 1
    outer loop
      vertex -0.0178192 0.00140297 0.013
      vertex -0.0176554 0.00161847 0.013
      vertex -0.0193418 0.00317093 0.013
    endloop
  endfacet
  facet normal 0 0 1
    outer loop
      vertex -0.0176554 0.00161847 0.013
      vertex -0.0174692 0.00181499 0.013
      vertex -0.0193418 0.00317093 0.013
    endloop
  endfacet
  facet normal 0 0 1
    outer loop
      vertex -0.0193418 0.00317093 0.013
      vertex -0.0174692 0.00181499 0.013
      vertex -0.0188856 0.00524356 0.013
    endloop
  endfacet
  facet normal 0 0 1
    outer loop
      vertex -0.0174692 0.00181499 0.013
      vertex -0.0172629 0.00199023 0.013
      vertex -0.0188856 0.00524356 0.013
    endloop
  endfacet
  facet normal 0 0 1
    outer loop
      vertex -0.0172629 0.00199023 0.013
      vertex -0.0170389 0.00214214 0.013
      vertex -0.0188856 0.00524356 0.013
    endloop
  endfacet
  facet normal 0 0 1
    outer loop
      vertex -0.0188856 0.00524356 0.013
      vertex -0.0170389 0.00214214 0.013
      vertex -0.0182079 0.00725471 0.013
    endloop
  endfacet
  facet normal 0 0 1
    outer loop
      vertex -0.0152126 0.00244155 0.013
      vertex -0.0149517 0.00236913 0.013
      vertex -0.0132435 0.00576847 0.013
    endloop
  endfacet
  facet normal 0 0 1
    outer loop
      vertex -0.0149517 0.00236913 0.013
      vertex -0.0147003 0.00226894 0.013
      vertex -0.0132435 0.00576847 0.013
    endloop
  endfacet
  facet normal 0 0 1
    outer loop
      vertex -0.0132435 0.00576847 0.013
      vertex -0.0147003 0.00226894 0.013
      vertex -0.0144611 0.00214214 0.013
    endloop
  endfacet
  facet normal 0 0 1
    outer loop
      vertex -0.0170389 0.00214214 0.013
      vertex -0.0167997 0.00226894 0.013
      vertex -0.0182079 0.00725471 0.013
    endloop
  endfacet
  facet normal 0 0 1
    outer loop
      vertex -0.0167997 0.00226894 0.013
      vertex -0.0165483 0.00236913 0.013
      vertex -0.0182079 0.00725471 0.013
    endloop
  endfacet
  facet normal 0 0 1
    outer loop
      vertex -0.0182079 0.00725471 0.013
      vertex -0.0165483 0.00236913 0.013
      vertex -0.0162874 0.00244155 0.013
    endloop
  endfacet
  facet normal 0 0 1
    outer loop
      vertex -0.0162874 0.00244155 0.013
      vertex -0.0160203 0.00248534 0.013
      vertex -0.0182079 0.00725471 0.013
    endloop
  endfacet
  facet normal 0 0 1
    outer loop
      vertex -0.0160203 0.00248534 0.013
      vertex -0.01575 0.0025 0.013
      vertex -0.0182079 0.00725471 0.013
    endloop
  endfacet
  facet normal 0 0 1
    outer loop
      vertex -0.0182079 0.00725471 0.013
      vertex -0.01575 0.0025 0.013
      vertex -0.0132435 0.00576847 0.013
    endloop
  endfacet
  facet normal 0 0 1
    outer loop
      vertex -0.01575 0.0025 0.013
      vertex -0.0154797 0.00248534 0.013
      vertex -0.0132435 0.00576847 0.013
    endloop
  endfacet
  facet normal 0 0 1
    outer loop
      vertex -0.0132435 0.00576847 0.013
      vertex -0.0154797 0.00248534 0.013
      vertex -0.0152126 0.00244155 0.013
    endloop
  endfacet
  facet normal 0 0 1
    outer loop
      vertex -0.0134789 0.0142295 0.013
      vertex -0.0149384 0.0126888 0.013
      vertex -0.0132435 0.0118185 0.013
    endloop
  endfacet
  facet normal 0 0 1
    outer loop
      vertex -0.0149384 0.0126888 0.013
      vertex -0.0162227 0.0109993 0.013
      vertex -0.0132435 0.0118185 0.013
    endloop
  endfacet
  facet normal 0 0 1
    outer loop
      vertex -0.0132435 0.0118185 0.013
      vertex -0.0162227 0.0109993 0.013
      vertex -0.0132435 0.00576847 0.013
    endloop
  endfacet
  facet normal 0 0 1
    outer loop
      vertex -0.0162227 0.0109993 0.013
      vertex -0.0173168 0.00918081 0.013
      vertex -0.0132435 0.00576847 0.013
    endloop
  endfacet
  facet normal 0 0 1
    outer loop
      vertex -0.0132435 0.00576847 0.013
      vertex -0.0173168 0.00918081 0.013
      vertex -0.0182079 0.00725471 0.013
    endloop
  endfacet
  facet normal 0 0 1
    outer loop
      vertex -0.0109099 -0.00904924 0.013
      vertex -0.00860797 -0.00583635 0.013
      vertex -0.0118185 -0.00576847 0.013
    endloop
  endfacet
  facet normal 0 0 1
    outer loop
      vertex -0.00860797 -0.00583635 0.013
      vertex -0.00918853 -0.00487145 0.013
      vertex -0.0118185 -0.00576847 0.013
    endloop
  endfacet
  facet normal 0 0 1
    outer loop
      vertex -0.0118185 -0.00576847 0.013
      vertex -0.00918853 -0.00487145 0.013
      vertex -0.00966136 -0.00384944 0.013
    endloop
  endfacet
  facet normal 0 0 1
    outer loop
      vertex -0.0103847 0.000563045 0.013
      vertex -0.010263 0.00168253 0.013
      vertex -0.0118185 0.00576847 0.013
    endloop
  endfacet
  facet normal 0 0 1
    outer loop
      vertex -0.0103847 0.000563045 0.013
      vertex -0.0118185 0.00576847 0.013
      vertex -0.0104 1.91045e-18 0.013
    endloop
  endfacet
  facet normal 0 0 1
    outer loop
      vertex -0.010263 0.00168253 0.013
      vertex -0.0100209 0.00278229 0.013
      vertex -0.0118185 0.00576847 0.013
    endloop
  endfacet
  facet normal 0 0 1
    outer loop
      vertex -0.0100209 0.00278229 0.013
      vertex -0.00966136 0.00384944 0.013
      vertex -0.0118185 0.00576847 0.013
    endloop
  endfacet
  facet normal 0 0 1
    outer loop
      vertex -0.0118185 0.00576847 0.013
      vertex -0.00966136 0.00384944 0.013
      vertex -0.00918853 0.00487145 0.013
    endloop
  endfacet
  facet normal 0 0 1
    outer loop
      vertex -0.00966136 -0.00384944 0.013
      vertex -0.0100209 -0.00278229 0.013
      vertex -0.0118185 -0.00576847 0.013
    endloop
  endfacet
  facet normal 0 0 1
    outer loop
      vertex -0.0100209 -0.00278229 0.013
      vertex -0.010263 -0.00168253 0.013
      vertex -0.0118185 -0.00576847 0.013
    endloop
  endfacet
  facet normal 0 0 1
    outer loop
      vertex -0.0118185 -0.00576847 0.013
      vertex -0.010263 -0.00168253 0.013
      vertex -0.0103847 -0.000563045 0.013
    endloop
  endfacet
  facet normal 0 0 1
    outer loop
      vertex 0.00860797 0.00583635 0.013
      vertex 0.00918853 0.00487145 0.013
      vertex 0.0118185 0.00576847 0.013
    endloop
  endfacet
  facet normal 0 0 1
    outer loop
      vertex 0.00918853 0.00487145 0.013
      vertex 0.00966136 0.00384944 0.013
      vertex 0.0118185 0.00576847 0.013
    endloop
  endfacet
  facet normal 0 0 1
    outer loop
      vertex 0.0118185 0.00576847 0.013
      vertex 0.00966136 0.00384944 0.013
      vertex 0.0100209 0.00278229 0.013
    endloop
  endfacet
  facet normal 0 0 1
    outer loop
      vertex 0.0103847 -0.000563045 0.013
      vertex 0.0118185 -0.00576847 0.013
      vertex 0.0103847 0.000563045 0.013
    endloop
  endfacet
  facet normal 0 0 1
    outer loop
      vertex 0.0118185 -0.00576847 0.013
      vertex 0.0118185 0.00576847 0.013
      vertex 0.0103847 0.000563045 0.013
    endloop
  endfacet
  facet normal 0 0 1
    outer loop
      vertex 0.0103847 0.000563045 0.013
      vertex 0.0118185 0.00576847 0.013
      vertex 0.010263 0.00168253 0.013
    endloop
  endfacet
  facet normal 0 0 1
    outer loop
      vertex 0.0118185 0.00576847 0.013
      vertex 0.0100209 0.00278229 0.013
      vertex 0.010263 0.00168253 0.013
    endloop
  endfacet
  facet normal 0 0 1
    outer loop
      vertex 0.0103847 -0.000563045 0.013
      vertex 0.010263 -0.00168253 0.013
      vertex 0.0118185 -0.00576847 0.013
    endloop
  endfacet
  facet normal 0 0 1
    outer loop
      vertex 0.010263 -0.00168253 0.013
      vertex 0.0100209 -0.00278229 0.013
      vertex 0.0118185 -0.00576847 0.013
    endloop
  endfacet
  facet normal 0 0 1
    outer loop
      vertex 0.0118185 -0.00576847 0.013
      vertex 0.0100209 -0.00278229 0.013
      vertex 0.00966136 -0.00384944 0.013
    endloop
  endfacet
  facet normal 0 0 1
    outer loop
      vertex 0.0104664 -0.00914686 0.013
      vertex 0.0106855 -0.00908603 0.013
      vertex 0.00860797 -0.00583635 0.013
    endloop
  endfacet
  facet normal 0 0 1
    outer loop
      vertex 0.0106855 -0.00908603 0.013
      vertex 0.0118185 -0.00576847 0.013
      vertex 0.00860797 -0.00583635 0.013
    endloop
  endfacet
  facet normal 0 0 1
    outer loop
      vertex 0.00860797 -0.00583635 0.013
      vertex 0.0118185 -0.00576847 0.013
      vertex 0.00918853 -0.00487145 0.013
    endloop
  endfacet
  facet normal 0 0 1
    outer loop
      vertex 0.0118185 -0.00576847 0.013
      vertex 0.00966136 -0.00384944 0.013
      vertex 0.00918853 -0.00487145 0.013
    endloop
  endfacet
  facet normal 0 0 1
    outer loop
      vertex -0.0103847 -0.000563045 0.013
      vertex -0.0104 1.91045e-18 0.013
      vertex -0.0118185 -0.00576847 0.013
    endloop
  endfacet
  facet normal 0 0 1
    outer loop
      vertex -0.0104 1.91045e-18 0.013
      vertex -0.0118185 0.00576847 0.013
      vertex -0.0118185 -0.00576847 0.013
    endloop
  endfacet
  facet normal 0 0 1
    outer loop
      vertex -0.0118185 -0.00576847 0.013
      vertex -0.0118185 0.00576847 0.013
      vertex -0.0132435 -0.00576847 0.013
    endloop
  endfacet
  facet normal 0 0 1
    outer loop
      vertex -0.0118185 0.00576847 0.013
      vertex -0.0132435 0.00576847 0.013
      vertex -0.0132435 -0.00576847 0.013
    endloop
  endfacet
  facet normal 0 0 1
    outer loop
      vertex -0.0132435 -0.00576847 0.013
      vertex -0.0132435 0.00576847 0.013
      vertex -0.0132537 0.000135347 0.013
    endloop
  endfacet
  facet normal 0 0 1
    outer loop
      vertex -0.0132435 0.00576847 0.013
      vertex -0.0132829 0.000404455 0.013
      vertex -0.0132537 0.000135347 0.013
    endloop
  endfacet
  facet normal 0 0 1
    outer loop
      vertex -3.06162e-18 0.01 0.007
      vertex -0.00108119 0.00994138 0.007
      vertex 0 0 0.007
    endloop
  endfacet
  facet normal 0 0 1
    outer loop
      vertex 0.00319302 0.00947653 0.007
      vertex 0.0021497 0.00976621 0.007
      vertex 0 0 0.007
    endloop
  endfacet
  facet normal 0 0 1
    outer loop
      vertex 0.0021497 0.00976621 0.007
      vertex 0.00108119 0.00994138 0.007
      vertex 0 0 0.007
    endloop
  endfacet
  facet normal 0 0 1
    outer loop
      vertex 0 0 0.007
      vertex 0.00108119 0.00994138 0.007
      vertex -3.06162e-18 0.01 0.007
    endloop
  endfacet
  facet normal 0 0 1
    outer loop
      vertex 0.00605174 0.00796093 0.007
      vertex 0.00515554 0.00856857 0.007
      vertex 0 0 0.007
    endloop
  endfacet
  facet normal 0 0 1
    outer loop
      vertex 0.00515554 0.00856857 0.007
      vertex 0.00419889 0.00907575 0.007
      vertex 0 0 0.007
    endloop
  endfacet
  facet normal 0 0 1
    outer loop
      vertex 0 0 0.007
      vertex 0.00419889 0.00907575 0.007
      vertex 0.00319302 0.00947653 0.007
    endloop
  endfacet
  facet normal 0 0 1
    outer loop
      vertex 0.00827689 0.00561187 0.007
      vertex 0.00762162 0.00647386 0.007
      vertex 0 0 0.007
    endloop
  endfacet
  facet normal 0 0 1
    outer loop
      vertex 0.00762162 0.00647386 0.007
      vertex 0.00687699 0.00725995 0.007
      vertex 0 0 0.007
    endloop
  endfacet
  facet normal 0 0 1
    outer loop
      vertex 0 0 0.007
      vertex 0.00687699 0.00725995 0.007
      vertex 0.00605174 0.00796093 0.007
    endloop
  endfacet
  facet normal 0 0 1
    outer loop
      vertex 0.0096355 0.00267528 0.007
      vertex 0.00928977 0.00370138 0.007
      vertex 0 0 0.007
    endloop
  endfacet
  facet normal 0 0 1
    outer loop
      vertex 0.00928977 0.00370138 0.007
      vertex 0.00883512 0.00468408 0.007
      vertex 0 0 0.007
    endloop
  endfacet
  facet normal 0 0 1
    outer loop
      vertex 0 0 0.007
      vertex 0.00883512 0.00468408 0.007
      vertex 0.00827689 0.00561187 0.007
    endloop
  endfacet
  facet normal 0 0 1
    outer loop
      vertex 0.00998533 -0.000541389 0.007
      vertex 0.00998533 0.000541389 0.007
      vertex 0 0 0.007
    endloop
  endfacet
  facet normal 0 0 1
    outer loop
      vertex 0.00998533 0.000541389 0.007
      vertex 0.00986827 0.00161782 0.007
      vertex 0 0 0.007
    endloop
  endfacet
  facet normal 0 0 1
    outer loop
      vertex 0 0 0.007
      vertex 0.00986827 0.00161782 0.007
      vertex 0.0096355 0.00267528 0.007
    endloop
  endfacet
  facet normal 0 0 1
    outer loop
      vertex 0.00928977 -0.00370138 0.007
      vertex 0.0096355 -0.00267528 0.007
      vertex 0 0 0.007
    endloop
  endfacet
  facet normal 0 0 1
    outer loop
      vertex 0.0096355 -0.00267528 0.007
      vertex 0.00986827 -0.00161782 0.007
      vertex 0 0 0.007
    endloop
  endfacet
  facet normal 0 0 1
    outer loop
      vertex 0 0 0.007
      vertex 0.00986827 -0.00161782 0.007
      vertex 0.00998533 -0.000541389 0.007
    endloop
  endfacet
  facet normal 0 0 1
    outer loop
      vertex 0.00762162 -0.00647386 0.007
      vertex 0.00827689 -0.00561187 0.007
      vertex 0 0 0.007
    endloop
  endfacet
  facet normal 0 0 1
    outer loop
      vertex 0.00827689 -0.00561187 0.007
      vertex 0.00883512 -0.00468408 0.007
      vertex 0 0 0.007
    endloop
  endfacet
  facet normal 0 0 1
    outer loop
      vertex 0 0 0.007
      vertex 0.00883512 -0.00468408 0.007
      vertex 0.00928977 -0.00370138 0.007
    endloop
  endfacet
  facet normal 0 0 1
    outer loop
      vertex 0.00515554 -0.00856857 0.007
      vertex 0.00605174 -0.00796093 0.007
      vertex 0 0 0.007
    endloop
  endfacet
  facet normal 0 0 1
    outer loop
      vertex 0.00605174 -0.00796093 0.007
      vertex 0.00687699 -0.00725995 0.007
      vertex 0 0 0.007
    endloop
  endfacet
  facet normal 0 0 1
    outer loop
      vertex 0 0 0.007
      vertex 0.00687699 -0.00725995 0.007
      vertex 0.00762162 -0.00647386 0.007
    endloop
  endfacet
  facet normal 0 0 1
    outer loop
      vertex 0.0021497 -0.00976621 0.007
      vertex 0.00319302 -0.00947653 0.007
      vertex 0 0 0.007
    endloop
  endfacet
  facet normal 0 0 1
    outer loop
      vertex 0.00319302 -0.00947653 0.007
      vertex 0.00419889 -0.00907575 0.007
      vertex 0 0 0.007
    endloop
  endfacet
  facet normal 0 0 1
    outer loop
      vertex 0 0 0.007
      vertex 0.00419889 -0.00907575 0.007
      vertex 0.00515554 -0.00856857 0.007
    endloop
  endfacet
  facet normal 0 0 1
    outer loop
      vertex -0.00108119 -0.00994138 0.007
      vertex 1.83697e-18 -0.01 0.007
      vertex 0 0 0.007
    endloop
  endfacet
  facet normal 0 0 1
    outer loop
      vertex 1.83697e-18 -0.01 0.007
      vertex 0.00108119 -0.00994138 0.007
      vertex 0 0 0.007
    endloop
  endfacet
  facet normal 0 0 1
    outer loop
      vertex 0 0 0.007
      vertex 0.00108119 -0.00994138 0.007
      vertex 0.0021497 -0.00976621 0.007
    endloop
  endfacet
  facet normal 0 0 1
    outer loop
      vertex -0.00419889 -0.00907575 0.007
      vertex -0.00319302 -0.00947653 0.007
      vertex 0 0 0.007
    endloop
  endfacet
  facet normal 0 0 1
    outer loop
      vertex -0.00319302 -0.00947653 0.007
      vertex -0.0021497 -0.00976621 0.007
      vertex 0 0 0.007
    endloop
  endfacet
  facet normal 0 0 1
    outer loop
      vertex 0 0 0.007
      vertex -0.0021497 -0.00976621 0.007
      vertex -0.00108119 -0.00994138 0.007
    endloop
  endfacet
  facet normal 0 0 1
    outer loop
      vertex -0.00687699 -0.00725995 0.007
      vertex -0.00605174 -0.00796093 0.007
      vertex 0 0 0.007
    endloop
  endfacet
  facet normal 0 0 1
    outer loop
      vertex -0.00605174 -0.00796093 0.007
      vertex -0.00515554 -0.00856857 0.007
      vertex 0 0 0.007
    endloop
  endfacet
  facet normal 0 0 1
    outer loop
      vertex 0 0 0.007
      vertex -0.00515554 -0.00856857 0.007
      vertex -0.00419889 -0.00907575 0.007
    endloop
  endfacet
  facet normal 0 0 1
    outer loop
      vertex -0.00883512 -0.00468408 0.007
      vertex -0.00827689 -0.00561187 0.007
      vertex 0 0 0.007
    endloop
  endfacet
  facet normal 0 0 1
    outer loop
      vertex -0.00827689 -0.00561187 0.007
      vertex -0.00762162 -0.00647386 0.007
      vertex 0 0 0.007
    endloop
  endfacet
  facet normal 0 0 1
    outer loop
      vertex 0 0 0.007
      vertex -0.00762162 -0.00647386 0.007
      vertex -0.00687699 -0.00725995 0.007
    endloop
  endfacet
  facet normal 0 0 1
    outer loop
      vertex -0.00986827 -0.00161782 0.007
      vertex -0.0096355 -0.00267528 0.007
      vertex 0 0 0.007
    endloop
  endfacet
  facet normal 0 0 1
    outer loop
      vertex -0.0096355 -0.00267528 0.007
      vertex -0.00928977 -0.00370138 0.007
      vertex 0 0 0.007
    endloop
  endfacet
  facet normal 0 0 1
    outer loop
      vertex 0 0 0.007
      vertex -0.00928977 -0.00370138 0.007
      vertex -0.00883512 -0.00468408 0.007
    endloop
  endfacet
  facet normal 0 0 1
    outer loop
      vertex -0.00986827 0.00161782 0.007
      vertex -0.00998533 0.000541389 0.007
      vertex 0 0 0.007
    endloop
  endfacet
  facet normal 0 0 1
    outer loop
      vertex -0.00998533 0.000541389 0.007
      vertex -0.00998533 -0.000541389 0.007
      vertex 0 0 0.007
    endloop
  endfacet
  facet normal 0 0 1
    outer loop
      vertex 0 0 0.007
      vertex -0.00998533 -0.000541389 0.007
      vertex -0.00986827 -0.00161782 0.007
    endloop
  endfacet
  facet normal 0 0 1
    outer loop
      vertex -0.00883512 0.00468408 0.007
      vertex -0.00928977 0.00370138 0.007
      vertex 0 0 0.007
    endloop
  endfacet
  facet normal 0 0 1
    outer loop
      vertex -0.00928977 0.00370138 0.007
      vertex -0.0096355 0.00267528 0.007
      vertex 0 0 0.007
    endloop
  endfacet
  facet normal 0 0 1
    outer loop
      vertex 0 0 0.007
      vertex -0.0096355 0.00267528 0.007
      vertex -0.00986827 0.00161782 0.007
    endloop
  endfacet
  facet normal 0 0 1
    outer loop
      vertex -0.00687699 0.00725995 0.007
      vertex -0.00762162 0.00647386 0.007
      vertex 0 0 0.007
    endloop
  endfacet
  facet normal 0 0 1
    outer loop
      vertex -0.00762162 0.00647386 0.007
      vertex -0.00827689 0.00561187 0.007
      vertex 0 0 0.007
    endloop
  endfacet
  facet normal 0 0 1
    outer loop
      vertex 0 0 0.007
      vertex -0.00827689 0.00561187 0.007
      vertex -0.00883512 0.00468408 0.007
    endloop
  endfacet
  facet normal 0 0 1
    outer loop
      vertex -0.00419889 0.00907575 0.007
      vertex -0.00515554 0.00856857 0.007
      vertex 0 0 0.007
    endloop
  endfacet
  facet normal 0 0 1
    outer loop
      vertex -0.00515554 0.00856857 0.007
      vertex -0.00605174 0.00796093 0.007
      vertex 0 0 0.007
    endloop
  endfacet
  facet normal 0 0 1
    outer loop
      vertex 0 0 0.007
      vertex -0.00605174 0.00796093 0.007
      vertex -0.00687699 0.00725995 0.007
    endloop
  endfacet
  facet normal 0 0 1
    outer loop
      vertex -0.00108119 0.00994138 0.007
      vertex -0.0021497 0.00976621 0.007
      vertex 0 0 0.007
    endloop
  endfacet
  facet normal 0 0 1
    outer loop
      vertex -0.0021497 0.00976621 0.007
      vertex -0.00319302 0.00947653 0.007
      vertex 0 0 0.007
    endloop
  endfacet
  facet normal 0 0 1
    outer loop
      vertex 0 0 0.007
      vertex -0.00319302 0.00947653 0.007
      vertex -0.00419889 0.00907575 0.007
    endloop
  endfacet
  facet normal 0 -1 0
    outer loop
      vertex -0.000499251 -0.019753 0.0128407
      vertex -0.000499251 -0.019753 0.009
      vertex 2.78264e-18 -0.019753 0.012847
    endloop
  endfacet
  facet normal 0 -1 0
    outer loop
      vertex -0.000499251 -0.019753 0.009
      vertex 0.0005 -0.019753 0.009
      vertex 2.78264e-18 -0.019753 0.012847
    endloop
  endfacet
  facet normal 0 -1 0
    outer loop
      vertex 2.78264e-18 -0.019753 0.012847
      vertex 0.0005 -0.019753 0.009
      vertex 0.0005 -0.019753 0.0128407
    endloop
  endfacet
  facet normal 0 0 -1
    outer loop
      vertex -3.60046e-18 -0.0196 0
      vertex -0.00211913 -0.0194851 0
      vertex 0 0 0
    endloop
  endfacet
  facet normal 0 0 -1
    outer loop
      vertex 0.00625831 -0.018574 0
      vertex 0.00421342 -0.0191418 0
      vertex 0 0 0
    endloop
  endfacet
  facet normal 0 0 -1
    outer loop
      vertex 0.00421342 -0.0191418 0
      vertex 0.00211913 -0.0194851 0
      vertex 0 0 0
    endloop
  endfacet
  facet normal 0 0 -1
    outer loop
      vertex 0 0 0
      vertex 0.00211913 -0.0194851 0
      vertex -3.60046e-18 -0.0196 0
    endloop
  endfacet
  facet normal 0 0 -1
    outer loop
      vertex 0.0118614 -0.0156034 0
      vertex 0.0101049 -0.0167944 0
      vertex 0 0 0
    endloop
  endfacet
  facet normal 0 0 -1
    outer loop
      vertex 0.0101049 -0.0167944 0
      vertex 0.00822983 -0.0177885 0
      vertex 0 0 0
    endloop
  endfacet
  facet normal 0 0 -1
    outer loop
      vertex 0 0 0
      vertex 0.00822983 -0.0177885 0
      vertex 0.00625831 -0.018574 0
    endloop
  endfacet
  facet normal 0 0 -1
    outer loop
      vertex 0.0162227 -0.0109993 0
      vertex 0.0149384 -0.0126888 0
      vertex 0 0 0
    endloop
  endfacet
  facet normal 0 0 -1
    outer loop
      vertex 0.0149384 -0.0126888 0
      vertex 0.0134789 -0.0142295 0
      vertex 0 0 0
    endloop
  endfacet
  facet normal 0 0 -1
    outer loop
      vertex 0 0 0
      vertex 0.0134789 -0.0142295 0
      vertex 0.0118614 -0.0156034 0
    endloop
  endfacet
  facet normal 0 0 -1
    outer loop
      vertex 0.0188856 -0.00524356 0
      vertex 0.0182079 -0.00725471 0
      vertex 0 0 0
    endloop
  endfacet
  facet normal 0 0 -1
    outer loop
      vertex 0.0182079 -0.00725471 0
      vertex 0.0173168 -0.00918081 0
      vertex 0 0 0
    endloop
  endfacet
  facet normal 0 0 -1
    outer loop
      vertex 0 0 0
      vertex 0.0173168 -0.00918081 0
      vertex 0.0162227 -0.0109993 0
    endloop
  endfacet
  facet normal 0 0 -1
    outer loop
      vertex 0.0195713 0.00106112 0
      vertex 0.0195713 -0.00106112 0
      vertex 0 0 0
    endloop
  endfacet
  facet normal 0 0 -1
    outer loop
      vertex 0.0195713 -0.00106112 0
      vertex 0.0193418 -0.00317093 0
      vertex 0 0 0
    endloop
  endfacet
  facet normal 0 0 -1
    outer loop
      vertex 0 0 0
      vertex 0.0193418 -0.00317093 0
      vertex 0.0188856 -0.00524356 0
    endloop
  endfacet
  facet normal 0 0 -1
    outer loop
      vertex 0.0182079 0.00725471 0
      vertex 0.0188856 0.00524356 0
      vertex 0 0 0
    endloop
  endfacet
  facet normal 0 0 -1
    outer loop
      vertex 0.0188856 0.00524356 0
      vertex 0.0193418 0.00317093 0
      vertex 0 0 0
    endloop
  endfacet
  facet normal 0 0 -1
    outer loop
      vertex 0 0 0
      vertex 0.0193418 0.00317093 0
      vertex 0.0195713 0.00106112 0
    endloop
  endfacet
  facet normal 0 0 -1
    outer loop
      vertex 0.0149384 0.0126888 0
      vertex 0.0162227 0.0109993 0
      vertex 0 0 0
    endloop
  endfacet
  facet normal 0 0 -1
    outer loop
      vertex 0.0162227 0.0109993 0
      vertex 0.0173168 0.00918081 0
      vertex 0 0 0
    endloop
  endfacet
  facet normal 0 0 -1
    outer loop
      vertex 0 0 0
      vertex 0.0173168 0.00918081 0
      vertex 0.0182079 0.00725471 0
    endloop
  endfacet
  facet normal 0 0 -1
    outer loop
      vertex 0.0101049 0.0167944 0
      vertex 0.0118614 0.0156034 0
      vertex 0 0 0
    endloop
  endfacet
  facet normal 0 0 -1
    outer loop
      vertex 0.0118614 0.0156034 0
      vertex 0.0134789 0.0142295 0
      vertex 0 0 0
    endloop
  endfacet
  facet normal 0 0 -1
    outer loop
      vertex 0 0 0
      vertex 0.0134789 0.0142295 0
      vertex 0.0149384 0.0126888 0
    endloop
  endfacet
  facet normal 0 0 -1
    outer loop
      vertex 0.00421342 0.0191418 0
      vertex 0.00625831 0.018574 0
      vertex 0 0 0
    endloop
  endfacet
  facet normal 0 0 -1
    outer loop
      vertex 0.00625831 0.018574 0
      vertex 0.00822983 0.0177885 0
      vertex 0 0 0
    endloop
  endfacet
  facet normal 0 0 -1
    outer loop
      vertex 0 0 0
      vertex 0.00822983 0.0177885 0
      vertex 0.0101049 0.0167944 0
    endloop
  endfacet
  facet normal 0 0 -1
    outer loop
      vertex -0.00211913 0.0194851 0
      vertex -1.62081e-17 0.0196 0
      vertex 0 0 0
    endloop
  endfacet
  facet normal 0 0 -1
    outer loop
      vertex -1.62081e-17 0.0196 0
      vertex 0.00211913 0.0194851 0
      vertex 0 0 0
    endloop
  endfacet
  facet normal 0 0 -1
    outer loop
      vertex 0 0 0
      vertex 0.00211913 0.0194851 0
      vertex 0.00421342 0.0191418 0
    endloop
  endfacet
  facet normal 0 0 -1
    outer loop
      vertex -0.00822983 0.0177885 0
      vertex -0.00625831 0.018574 0
      vertex 0 0 0
    endloop
  endfacet
  facet normal 0 0 -1
    outer loop
      vertex -0.00625831 0.018574 0
      vertex -0.00421342 0.0191418 0
      vertex 0 0 0
    endloop
  endfacet
  facet normal 0 0 -1
    outer loop
      vertex 0 0 0
      vertex -0.00421342 0.0191418 0
      vertex -0.00211913 0.0194851 0
    endloop
  endfacet
  facet normal 0 0 -1
    outer loop
      vertex -0.0134789 0.0142295 0
      vertex -0.0118614 0.0156034 0
      vertex 0 0 0
    endloop
  endfacet
  facet normal 0 0 -1
    outer loop
      vertex -0.0118614 0.0156034 0
      vertex -0.0101049 0.0167944 0
      vertex 0 0 0
    endloop
  endfacet
  facet normal 0 0 -1
    outer loop
      vertex 0 0 0
      vertex -0.0101049 0.0167944 0
      vertex -0.00822983 0.0177885 0
    endloop
  endfacet
  facet normal 0 0 -1
    outer loop
      vertex -0.0173168 0.00918081 0
      vertex -0.0162227 0.0109993 0
      vertex 0 0 0
    endloop
  endfacet
  facet normal 0 0 -1
    outer loop
      vertex -0.0162227 0.0109993 0
      vertex -0.0149384 0.0126888 0
      vertex 0 0 0
    endloop
  endfacet
  facet normal 0 0 -1
    outer loop
      vertex 0 0 0
      vertex -0.0149384 0.0126888 0
      vertex -0.0134789 0.0142295 0
    endloop
  endfacet
  facet normal 0 0 -1
    outer loop
      vertex -0.0193418 0.00317093 0
      vertex -0.0188856 0.00524356 0
      vertex 0 0 0
    endloop
  endfacet
  facet normal 0 0 -1
    outer loop
      vertex -0.0188856 0.00524356 0
      vertex -0.0182079 0.00725471 0
      vertex 0 0 0
    endloop
  endfacet
  facet normal 0 0 -1
    outer loop
      vertex 0 0 0
      vertex -0.0182079 0.00725471 0
      vertex -0.0173168 0.00918081 0
    endloop
  endfacet
  facet normal 0 0 -1
    outer loop
      vertex -0.0193418 -0.00317093 0
      vertex -0.0195713 -0.00106112 0
      vertex 0 0 0
    endloop
  endfacet
  facet normal 0 0 -1
    outer loop
      vertex -0.0195713 -0.00106112 0
      vertex -0.0195713 0.00106112 0
      vertex 0 0 0
    endloop
  endfacet
  facet normal 0 0 -1
    outer loop
      vertex 0 0 0
      vertex -0.0195713 0.00106112 0
      vertex -0.0193418 0.00317093 0
    endloop
  endfacet
  facet normal 0 0 -1
    outer loop
      vertex -0.0173168 -0.00918081 0
      vertex -0.0182079 -0.00725471 0
      vertex 0 0 0
    endloop
  endfacet
  facet normal 0 0 -1
    outer loop
      vertex -0.0182079 -0.00725471 0
      vertex -0.0188856 -0.00524356 0
      vertex 0 0 0
    endloop
  endfacet
  facet normal 0 0 -1
    outer loop
      vertex 0 0 0
      vertex -0.0188856 -0.00524356 0
      vertex -0.0193418 -0.00317093 0
    endloop
  endfacet
  facet normal 0 0 -1
    outer loop
      vertex -0.0134789 -0.0142295 0
      vertex -0.0149384 -0.0126888 0
      vertex 0 0 0
    endloop
  endfacet
  facet normal 0 0 -1
    outer loop
      vertex -0.0149384 -0.0126888 0
      vertex -0.0162227 -0.0109993 0
      vertex 0 0 0
    endloop
  endfacet
  facet normal 0 0 -1
    outer loop
      vertex 0 0 0
      vertex -0.0162227 -0.0109993 0
      vertex -0.0173168 -0.00918081 0
    endloop
  endfacet
  facet normal 0 0 -1
    outer loop
      vertex -0.00822983 -0.0177885 0
      vertex -0.0101049 -0.0167944 0
      vertex 0 0 0
    endloop
  endfacet
  facet normal 0 0 -1
    outer loop
      vertex -0.0101049 -0.0167944 0
      vertex -0.0118614 -0.0156034 0
      vertex 0 0 0
    endloop
  endfacet
  facet normal 0 0 -1
    outer loop
      vertex 0 0 0
      vertex -0.0118614 -0.0156034 0
      vertex -0.0134789 -0.0142295 0
    endloop
  endfacet
  facet normal 0 0 -1
    outer loop
      vertex -0.00211913 -0.0194851 0
      vertex -0.00421342 -0.0191418 0
      vertex 0 0 0
    endloop
  endfacet
  facet normal 0 0 -1
    outer loop
      vertex -0.00421342 -0.0191418 0
      vertex -0.00625831 -0.018574 0
      vertex 0 0 0
    endloop
  endfacet
  facet normal 0 0 -1
    outer loop
      vertex 0 0 0
      vertex -0.00625831 -0.018574 0
      vertex -0.00822983 -0.0177885 0
    endloop
  endfacet
  facet normal 0.994138 -0.108119 0
    outer loop
      vertex -0.00986827 0.00161782 0.0126
      vertex -0.00998533 0.000541389 0.0126
      vertex -0.00998533 0.000541389 0.007
    endloop
  endfacet
  facet normal 0.999633 -0.0270788 0
    outer loop
      vertex -0.00998533 0.000541389 0.0126
      vertex -0.01 1.83697e-18 0.0126
      vertex -0.00998533 0.000541389 0.007
    endloop
  endfacet
  facet normal 0.999997 0 0.00261884
    outer loop
      vertex -0.00998533 0.000541389 0.007
      vertex -0.01 1.83697e-18 0.0126
      vertex -0.00998533 -0.000541389 0.007
    endloop
  endfacet
  facet normal 0.999633 0.0270788 0
    outer loop
      vertex -0.01 1.83697e-18 0.0126
      vertex -0.00998533 -0.000541389 0.0126
      vertex -0.00998533 -0.000541389 0.007
    endloop
  endfacet
  facet normal 0.994138 0.108119 0
    outer loop
      vertex -0.00998533 -0.000541389 0.007
      vertex -0.00998533 -0.000541389 0.0126
      vertex -0.00986827 -0.00161782 0.007
    endloop
  endfacet
  facet normal 0.994138 0.108119 0
    outer loop
      vertex -0.00998533 -0.000541389 0.0126
      vertex -0.00986827 -0.00161782 0.0126
      vertex -0.00986827 -0.00161782 0.007
    endloop
  endfacet
  facet normal 0.976621 0.214971 0
    outer loop
      vertex -0.00986827 -0.00161782 0.007
      vertex -0.00986827 -0.00161782 0.0126
      vertex -0.0096355 -0.00267528 0.007
    endloop
  endfacet
  facet normal 0.976621 0.214971 0
    outer loop
      vertex -0.00986827 -0.00161782 0.0126
      vertex -0.0096355 -0.00267528 0.0126
      vertex -0.0096355 -0.00267528 0.007
    endloop
  endfacet
  facet normal 0.947653 0.319301 0
    outer loop
      vertex -0.0096355 -0.00267528 0.007
      vertex -0.0096355 -0.00267528 0.0126
      vertex -0.00928977 -0.00370138 0.007
    endloop
  endfacet
  facet normal 0.947653 0.319301 0
    outer loop
      vertex -0.0096355 -0.00267528 0.0126
      vertex -0.00928977 -0.00370138 0.0126
      vertex -0.00928977 -0.00370138 0.007
    endloop
  endfacet
  facet normal 0.907575 0.41989 0
    outer loop
      vertex -0.00928977 -0.00370138 0.007
      vertex -0.00928977 -0.00370138 0.0126
      vertex -0.00883512 -0.00468408 0.007
    endloop
  endfacet
  facet normal 0.907575 0.41989 0
    outer loop
      vertex -0.00928977 -0.00370138 0.0126
      vertex -0.00883512 -0.00468408 0.0126
      vertex -0.00883512 -0.00468408 0.007
    endloop
  endfacet
  facet normal 0.856857 0.515554 0
    outer loop
      vertex -0.00883512 -0.00468408 0.007
      vertex -0.00883512 -0.00468408 0.0126
      vertex -0.00827689 -0.00561187 0.007
    endloop
  endfacet
  facet normal 0.856857 0.515554 0
    outer loop
      vertex -0.00883512 -0.00468408 0.0126
      vertex -0.00827689 -0.00561187 0.0126
      vertex -0.00827689 -0.00561187 0.007
    endloop
  endfacet
  facet normal 0.796093 0.605174 0
    outer loop
      vertex -0.00827689 -0.00561187 0.007
      vertex -0.00827689 -0.00561187 0.0126
      vertex -0.00762162 -0.00647386 0.007
    endloop
  endfacet
  facet normal 0.796093 0.605174 0
    outer loop
      vertex -0.00827689 -0.00561187 0.0126
      vertex -0.00762162 -0.00647386 0.0126
      vertex -0.00762162 -0.00647386 0.007
    endloop
  endfacet
  facet normal 0.725995 0.6877 0
    outer loop
      vertex -0.00762162 -0.00647386 0.007
      vertex -0.00762162 -0.00647386 0.0126
      vertex -0.00687699 -0.00725995 0.007
    endloop
  endfacet
  facet normal 0.725995 0.6877 0
    outer loop
      vertex -0.00762162 -0.00647386 0.0126
      vertex -0.00687699 -0.00725995 0.0126
      vertex -0.00687699 -0.00725995 0.007
    endloop
  endfacet
  facet normal 0.647386 0.762162 0
    outer loop
      vertex -0.00687699 -0.00725995 0.007
      vertex -0.00687699 -0.00725995 0.0126
      vertex -0.00605174 -0.00796093 0.007
    endloop
  endfacet
  facet normal 0.647386 0.762162 0
    outer loop
      vertex -0.00687699 -0.00725995 0.0126
      vertex -0.00605174 -0.00796093 0.0126
      vertex -0.00605174 -0.00796093 0.007
    endloop
  endfacet
  facet normal 0.561187 0.827689 0
    outer loop
      vertex -0.00605174 -0.00796093 0.007
      vertex -0.00605174 -0.00796093 0.0126
      vertex -0.00515554 -0.00856857 0.007
    endloop
  endfacet
  facet normal 0.561187 0.827689 0
    outer loop
      vertex -0.00605174 -0.00796093 0.0126
      vertex -0.00515554 -0.00856857 0.0126
      vertex -0.00515554 -0.00856857 0.007
    endloop
  endfacet
  facet normal 0.468408 0.883512 0
    outer loop
      vertex -0.00515554 -0.00856857 0.007
      vertex -0.00515554 -0.00856857 0.0126
      vertex -0.00419889 -0.00907575 0.007
    endloop
  endfacet
  facet normal 0.468408 0.883512 0
    outer loop
      vertex -0.00515554 -0.00856857 0.0126
      vertex -0.00419889 -0.00907575 0.0126
      vertex -0.00419889 -0.00907575 0.007
    endloop
  endfacet
  facet normal 0.370138 0.928977 0
    outer loop
      vertex -0.00419889 -0.00907575 0.007
      vertex -0.00419889 -0.00907575 0.0126
      vertex -0.00319302 -0.00947653 0.007
    endloop
  endfacet
  facet normal 0.370138 0.928977 0
    outer loop
      vertex -0.00419889 -0.00907575 0.0126
      vertex -0.00319302 -0.00947653 0.0126
      vertex -0.00319302 -0.00947653 0.007
    endloop
  endfacet
  facet normal 0.267528 0.96355 0
    outer loop
      vertex -0.00319302 -0.00947653 0.007
      vertex -0.00319302 -0.00947653 0.0126
      vertex -0.0021497 -0.00976621 0.007
    endloop
  endfacet
  facet normal 0.267528 0.96355 0
    outer loop
      vertex -0.00319302 -0.00947653 0.0126
      vertex -0.0021497 -0.00976621 0.0126
      vertex -0.0021497 -0.00976621 0.007
    endloop
  endfacet
  facet normal 0.161782 0.986826 0
    outer loop
      vertex -0.0021497 -0.00976621 0.007
      vertex -0.0021497 -0.00976621 0.0126
      vertex -0.00108119 -0.00994138 0.007
    endloop
  endfacet
  facet normal 0.161782 0.986826 0
    outer loop
      vertex -0.0021497 -0.00976621 0.0126
      vertex -0.00108119 -0.00994138 0.0126
      vertex -0.00108119 -0.00994138 0.007
    endloop
  endfacet
  facet normal 0.0541387 0.998533 0
    outer loop
      vertex -0.00108119 -0.00994138 0.007
      vertex -0.00108119 -0.00994138 0.0126
      vertex 1.83697e-18 -0.01 0.007
    endloop
  endfacet
  facet normal 0.0541387 0.998533 1.74616e-17
    outer loop
      vertex -0.00108119 -0.00994138 0.0126
      vertex -3.33601e-20 -0.01 0.0126
      vertex 1.83697e-18 -0.01 0.007
    endloop
  endfacet
  facet normal -0.0541387 0.998533 -1.80817e-17
    outer loop
      vertex 1.83697e-18 -0.01 0.007
      vertex -3.33601e-20 -0.01 0.0126
      vertex 0.00108119 -0.00994138 0.007
    endloop
  endfacet
  facet normal -0.0541387 0.998533 0
    outer loop
      vertex -3.33601e-20 -0.01 0.0126
      vertex 0.00108119 -0.00994138 0.0126
      vertex 0.00108119 -0.00994138 0.007
    endloop
  endfacet
  facet normal -0.161782 0.986826 0
    outer loop
      vertex 0.00108119 -0.00994138 0.007
      vertex 0.00108119 -0.00994138 0.0126
      vertex 0.0021497 -0.00976621 0.007
    endloop
  endfacet
  facet normal -0.161782 0.986826 0
    outer loop
      vertex 0.00108119 -0.00994138 0.0126
      vertex 0.0021497 -0.00976621 0.0126
      vertex 0.0021497 -0.00976621 0.007
    endloop
  endfacet
  facet normal -0.267528 0.96355 0
    outer loop
      vertex 0.0021497 -0.00976621 0.007
      vertex 0.0021497 -0.00976621 0.0126
      vertex 0.00319302 -0.00947653 0.007
    endloop
  endfacet
  facet normal -0.267528 0.96355 0
    outer loop
      vertex 0.0021497 -0.00976621 0.0126
      vertex 0.00319302 -0.00947653 0.0126
      vertex 0.00319302 -0.00947653 0.007
    endloop
  endfacet
  facet normal -0.370138 0.928977 0
    outer loop
      vertex 0.00319302 -0.00947653 0.007
      vertex 0.00319302 -0.00947653 0.0126
      vertex 0.00419889 -0.00907575 0.007
    endloop
  endfacet
  facet normal -0.370138 0.928977 0
    outer loop
      vertex 0.00319302 -0.00947653 0.0126
      vertex 0.00419889 -0.00907575 0.0126
      vertex 0.00419889 -0.00907575 0.007
    endloop
  endfacet
  facet normal -0.468408 0.883512 0
    outer loop
      vertex 0.00419889 -0.00907575 0.007
      vertex 0.00419889 -0.00907575 0.0126
      vertex 0.00515554 -0.00856857 0.007
    endloop
  endfacet
  facet normal -0.468408 0.883512 0
    outer loop
      vertex 0.00419889 -0.00907575 0.0126
      vertex 0.00515554 -0.00856857 0.0126
      vertex 0.00515554 -0.00856857 0.007
    endloop
  endfacet
  facet normal -0.561187 0.827689 0
    outer loop
      vertex 0.00515554 -0.00856857 0.007
      vertex 0.00515554 -0.00856857 0.0126
      vertex 0.00605174 -0.00796093 0.007
    endloop
  endfacet
  facet normal -0.561187 0.827689 0
    outer loop
      vertex 0.00515554 -0.00856857 0.0126
      vertex 0.00605174 -0.00796093 0.0126
      vertex 0.00605174 -0.00796093 0.007
    endloop
  endfacet
  facet normal -0.647386 0.762162 0
    outer loop
      vertex 0.00605174 -0.00796093 0.007
      vertex 0.00605174 -0.00796093 0.0126
      vertex 0.00687699 -0.00725995 0.007
    endloop
  endfacet
  facet normal -0.647386 0.762162 0
    outer loop
      vertex 0.00605174 -0.00796093 0.0126
      vertex 0.00687699 -0.00725995 0.0126
      vertex 0.00687699 -0.00725995 0.007
    endloop
  endfacet
  facet normal -0.725995 0.6877 0
    outer loop
      vertex 0.00687699 -0.00725995 0.007
      vertex 0.00687699 -0.00725995 0.0126
      vertex 0.00762162 -0.00647386 0.007
    endloop
  endfacet
  facet normal -0.725995 0.6877 0
    outer loop
      vertex 0.00687699 -0.00725995 0.0126
      vertex 0.00762162 -0.00647386 0.0126
      vertex 0.00762162 -0.00647386 0.007
    endloop
  endfacet
  facet normal -0.796093 0.605174 0
    outer loop
      vertex 0.00762162 -0.00647386 0.007
      vertex 0.00762162 -0.00647386 0.0126
      vertex 0.00827689 -0.00561187 0.007
    endloop
  endfacet
  facet normal -0.796093 0.605174 0
    outer loop
      vertex 0.00762162 -0.00647386 0.0126
      vertex 0.00827689 -0.00561187 0.0126
      vertex 0.00827689 -0.00561187 0.007
    endloop
  endfacet
  facet normal -0.856857 0.515554 0
    outer loop
      vertex 0.00827689 -0.00561187 0.007
      vertex 0.00827689 -0.00561187 0.0126
      vertex 0.00883512 -0.00468408 0.007
    endloop
  endfacet
  facet normal -0.856857 0.515554 0
    outer loop
      vertex 0.00827689 -0.00561187 0.0126
      vertex 0.00883512 -0.00468408 0.0126
      vertex 0.00883512 -0.00468408 0.007
    endloop
  endfacet
  facet normal -0.907575 0.41989 0
    outer loop
      vertex 0.00883512 -0.00468408 0.007
      vertex 0.00883512 -0.00468408 0.0126
      vertex 0.00928977 -0.00370138 0.007
    endloop
  endfacet
  facet normal -0.907575 0.41989 0
    outer loop
      vertex 0.00883512 -0.00468408 0.0126
      vertex 0.00928977 -0.00370138 0.0126
      vertex 0.00928977 -0.00370138 0.007
    endloop
  endfacet
  facet normal -0.947653 0.319301 0
    outer loop
      vertex 0.00928977 -0.00370138 0.007
      vertex 0.00928977 -0.00370138 0.0126
      vertex 0.0096355 -0.00267528 0.007
    endloop
  endfacet
  facet normal -0.947653 0.319301 0
    outer loop
      vertex 0.00928977 -0.00370138 0.0126
      vertex 0.0096355 -0.00267528 0.0126
      vertex 0.0096355 -0.00267528 0.007
    endloop
  endfacet
  facet normal -0.976621 0.214971 0
    outer loop
      vertex 0.0096355 -0.00267528 0.007
      vertex 0.0096355 -0.00267528 0.0126
      vertex 0.00986827 -0.00161782 0.007
    endloop
  endfacet
  facet normal -0.976621 0.214971 0
    outer loop
      vertex 0.0096355 -0.00267528 0.0126
      vertex 0.00986827 -0.00161782 0.0126
      vertex 0.00986827 -0.00161782 0.007
    endloop
  endfacet
  facet normal -0.994138 0.108119 0
    outer loop
      vertex 0.00986827 -0.00161782 0.007
      vertex 0.00986827 -0.00161782 0.0126
      vertex 0.00998533 -0.000541389 0.007
    endloop
  endfacet
  facet normal -0.994138 0.108119 0
    outer loop
      vertex 0.00986827 -0.00161782 0.0126
      vertex 0.00998533 -0.000541389 0.0126
      vertex 0.00998533 -0.000541389 0.007
    endloop
  endfacet
  facet normal -1 0 0
    outer loop
      vertex 0.00998533 -0.000541389 0.007
      vertex 0.00998533 -0.000541389 0.0126
      vertex 0.00998533 0.000541389 0.007
    endloop
  endfacet
  facet normal -1 0 0
    outer loop
      vertex 0.00998533 -0.000541389 0.0126
      vertex 0.00998533 0.000541389 0.0126
      vertex 0.00998533 0.000541389 0.007
    endloop
  endfacet
  facet normal -0.994138 -0.108119 0
    outer loop
      vertex 0.00998533 0.000541389 0.007
      vertex 0.00998533 0.000541389 0.0126
      vertex 0.00986827 0.00161782 0.007
    endloop
  endfacet
  facet normal -0.994138 -0.108119 0
    outer loop
      vertex 0.00998533 0.000541389 0.0126
      vertex 0.00986827 0.00161782 0.0126
      vertex 0.00986827 0.00161782 0.007
    endloop
  endfacet
  facet normal -0.976621 -0.214971 0
    outer loop
      vertex 0.00986827 0.00161782 0.007
      vertex 0.00986827 0.00161782 0.0126
      vertex 0.0096355 0.00267528 0.007
    endloop
  endfacet
  facet normal -0.976621 -0.214971 0
    outer loop
      vertex 0.00986827 0.00161782 0.0126
      vertex 0.0096355 0.00267528 0.0126
      vertex 0.0096355 0.00267528 0.007
    endloop
  endfacet
  facet normal -0.947653 -0.319301 0
    outer loop
      vertex 0.0096355 0.00267528 0.007
      vertex 0.0096355 0.00267528 0.0126
      vertex 0.00928977 0.00370138 0.007
    endloop
  endfacet
  facet normal -0.947653 -0.319301 0
    outer loop
      vertex 0.0096355 0.00267528 0.0126
      vertex 0.00928977 0.00370138 0.0126
      vertex 0.00928977 0.00370138 0.007
    endloop
  endfacet
  facet normal -0.907575 -0.41989 0
    outer loop
      vertex 0.00928977 0.00370138 0.007
      vertex 0.00928977 0.00370138 0.0126
      vertex 0.00883512 0.00468408 0.007
    endloop
  endfacet
  facet normal -0.907575 -0.41989 0
    outer loop
      vertex 0.00928977 0.00370138 0.0126
      vertex 0.00883512 0.00468408 0.0126
      vertex 0.00883512 0.00468408 0.007
    endloop
  endfacet
  facet normal -0.856857 -0.515554 0
    outer loop
      vertex 0.00883512 0.00468408 0.007
      vertex 0.00883512 0.00468408 0.0126
      vertex 0.00827689 0.00561187 0.007
    endloop
  endfacet
  facet normal -0.856857 -0.515554 0
    outer loop
      vertex 0.00883512 0.00468408 0.0126
      vertex 0.00827689 0.00561187 0.0126
      vertex 0.00827689 0.00561187 0.007
    endloop
  endfacet
  facet normal -0.796093 -0.605174 0
    outer loop
      vertex 0.00827689 0.00561187 0.007
      vertex 0.00827689 0.00561187 0.0126
      vertex 0.00762162 0.00647386 0.007
    endloop
  endfacet
  facet normal -0.796093 -0.605174 0
    outer loop
      vertex 0.00827689 0.00561187 0.0126
      vertex 0.00762162 0.00647386 0.0126
      vertex 0.00762162 0.00647386 0.007
    endloop
  endfacet
  facet normal -0.725995 -0.6877 0
    outer loop
      vertex 0.00762162 0.00647386 0.007
      vertex 0.00762162 0.00647386 0.0126
      vertex 0.00687699 0.00725995 0.007
    endloop
  endfacet
  facet normal -0.725995 -0.6877 0
    outer loop
      vertex 0.00762162 0.00647386 0.0126
      vertex 0.00687699 0.00725995 0.0126
      vertex 0.00687699 0.00725995 0.007
    endloop
  endfacet
  facet normal -0.647386 -0.762162 0
    outer loop
      vertex 0.00687699 0.00725995 0.007
      vertex 0.00687699 0.00725995 0.0126
      vertex 0.00605174 0.00796093 0.007
    endloop
  endfacet
  facet normal -0.647386 -0.762162 0
    outer loop
      vertex 0.00687699 0.00725995 0.0126
      vertex 0.00605174 0.00796093 0.0126
      vertex 0.00605174 0.00796093 0.007
    endloop
  endfacet
  facet normal -0.561187 -0.827689 0
    outer loop
      vertex 0.00605174 0.00796093 0.007
      vertex 0.00605174 0.00796093 0.0126
      vertex 0.00515554 0.00856857 0.007
    endloop
  endfacet
  facet normal -0.561187 -0.827689 0
    outer loop
      vertex 0.00605174 0.00796093 0.0126
      vertex 0.00515554 0.00856857 0.0126
      vertex 0.00515554 0.00856857 0.007
    endloop
  endfacet
  facet normal -0.468408 -0.883512 0
    outer loop
      vertex 0.00515554 0.00856857 0.007
      vertex 0.00515554 0.00856857 0.0126
      vertex 0.00419889 0.00907575 0.007
    endloop
  endfacet
  facet normal -0.468408 -0.883512 0
    outer loop
      vertex 0.00515554 0.00856857 0.0126
      vertex 0.00419889 0.00907575 0.0126
      vertex 0.00419889 0.00907575 0.007
    endloop
  endfacet
  facet normal -0.370138 -0.928977 0
    outer loop
      vertex 0.00419889 0.00907575 0.007
      vertex 0.00419889 0.00907575 0.0126
      vertex 0.00319302 0.00947653 0.007
    endloop
  endfacet
  facet normal -0.370138 -0.928977 0
    outer loop
      vertex 0.00419889 0.00907575 0.0126
      vertex 0.00319302 0.00947653 0.0126
      vertex 0.00319302 0.00947653 0.007
    endloop
  endfacet
  facet normal -0.267528 -0.96355 0
    outer loop
      vertex 0.00319302 0.00947653 0.007
      vertex 0.00319302 0.00947653 0.0126
      vertex 0.0021497 0.00976621 0.007
    endloop
  endfacet
  facet normal -0.267528 -0.96355 0
    outer loop
      vertex 0.00319302 0.00947653 0.0126
      vertex 0.0021497 0.00976621 0.0126
      vertex 0.0021497 0.00976621 0.007
    endloop
  endfacet
  facet normal -0.161782 -0.986826 0
    outer loop
      vertex 0.0021497 0.00976621 0.007
      vertex 0.0021497 0.00976621 0.0126
      vertex 0.00108119 0.00994138 0.007
    endloop
  endfacet
  facet normal -0.161782 -0.986826 0
    outer loop
      vertex 0.0021497 0.00976621 0.0126
      vertex 0.00108119 0.00994138 0.0126
      vertex 0.00108119 0.00994138 0.007
    endloop
  endfacet
  facet normal -0.0541387 -0.998533 0
    outer loop
      vertex 0.00108119 0.00994138 0.007
      vertex 0.00108119 0.00994138 0.0126
      vertex -3.06162e-18 0.01 0.007
    endloop
  endfacet
  facet normal -0.0541387 -0.998533 3.92885e-17
    outer loop
      vertex 0.00108119 0.00994138 0.0126
      vertex 1.19129e-18 0.01 0.0126
      vertex -3.06162e-18 0.01 0.007
    endloop
  endfacet
  facet normal 0.0541387 -0.998533 -4.11155e-17
    outer loop
      vertex -3.06162e-18 0.01 0.007
      vertex 1.19129e-18 0.01 0.0126
      vertex -0.00108119 0.00994138 0.007
    endloop
  endfacet
  facet normal 0.0541387 -0.998533 0
    outer loop
      vertex 1.19129e-18 0.01 0.0126
      vertex -0.00108119 0.00994138 0.0126
      vertex -0.00108119 0.00994138 0.007
    endloop
  endfacet
  facet normal 0.161782 -0.986826 0
    outer loop
      vertex -0.00108119 0.00994138 0.007
      vertex -0.00108119 0.00994138 0.0126
      vertex -0.0021497 0.00976621 0.007
    endloop
  endfacet
  facet normal 0.161782 -0.986826 0
    outer loop
      vertex -0.00108119 0.00994138 0.0126
      vertex -0.0021497 0.00976621 0.0126
      vertex -0.0021497 0.00976621 0.007
    endloop
  endfacet
  facet normal 0.267528 -0.96355 0
    outer loop
      vertex -0.0021497 0.00976621 0.007
      vertex -0.0021497 0.00976621 0.0126
      vertex -0.00319302 0.00947653 0.007
    endloop
  endfacet
  facet normal 0.267528 -0.96355 0
    outer loop
      vertex -0.0021497 0.00976621 0.0126
      vertex -0.00319302 0.00947653 0.0126
      vertex -0.00319302 0.00947653 0.007
    endloop
  endfacet
  facet normal 0.370138 -0.928977 0
    outer loop
      vertex -0.00319302 0.00947653 0.007
      vertex -0.00319302 0.00947653 0.0126
      vertex -0.00419889 0.00907575 0.007
    endloop
  endfacet
  facet normal 0.370138 -0.928977 0
    outer loop
      vertex -0.00319302 0.00947653 0.0126
      vertex -0.00419889 0.00907575 0.0126
      vertex -0.00419889 0.00907575 0.007
    endloop
  endfacet
  facet normal 0.468408 -0.883512 0
    outer loop
      vertex -0.00419889 0.00907575 0.007
      vertex -0.00419889 0.00907575 0.0126
      vertex -0.00515554 0.00856857 0.007
    endloop
  endfacet
  facet normal 0.468408 -0.883512 0
    outer loop
      vertex -0.00419889 0.00907575 0.0126
      vertex -0.00515554 0.00856857 0.0126
      vertex -0.00515554 0.00856857 0.007
    endloop
  endfacet
  facet normal 0.561187 -0.827689 0
    outer loop
      vertex -0.00515554 0.00856857 0.007
      vertex -0.00515554 0.00856857 0.0126
      vertex -0.00605174 0.00796093 0.007
    endloop
  endfacet
  facet normal 0.561187 -0.827689 0
    outer loop
      vertex -0.00515554 0.00856857 0.0126
      vertex -0.00605174 0.00796093 0.0126
      vertex -0.00605174 0.00796093 0.007
    endloop
  endfacet
  facet normal 0.647386 -0.762162 0
    outer loop
      vertex -0.00605174 0.00796093 0.007
      vertex -0.00605174 0.00796093 0.0126
      vertex -0.00687699 0.00725995 0.007
    endloop
  endfacet
  facet normal 0.647386 -0.762162 0
    outer loop
      vertex -0.00605174 0.00796093 0.0126
      vertex -0.00687699 0.00725995 0.0126
      vertex -0.00687699 0.00725995 0.007
    endloop
  endfacet
  facet normal 0.725995 -0.6877 0
    outer loop
      vertex -0.00687699 0.00725995 0.007
      vertex -0.00687699 0.00725995 0.0126
      vertex -0.00762162 0.00647386 0.007
    endloop
  endfacet
  facet normal 0.725995 -0.6877 0
    outer loop
      vertex -0.00687699 0.00725995 0.0126
      vertex -0.00762162 0.00647386 0.0126
      vertex -0.00762162 0.00647386 0.007
    endloop
  endfacet
  facet normal 0.796093 -0.605174 0
    outer loop
      vertex -0.00762162 0.00647386 0.007
      vertex -0.00762162 0.00647386 0.0126
      vertex -0.00827689 0.00561187 0.007
    endloop
  endfacet
  facet normal 0.796093 -0.605174 0
    outer loop
      vertex -0.00762162 0.00647386 0.0126
      vertex -0.00827689 0.00561187 0.0126
      vertex -0.00827689 0.00561187 0.007
    endloop
  endfacet
  facet normal 0.856857 -0.515554 0
    outer loop
      vertex -0.00827689 0.00561187 0.007
      vertex -0.00827689 0.00561187 0.0126
      vertex -0.00883512 0.00468408 0.007
    endloop
  endfacet
  facet normal 0.856857 -0.515554 0
    outer loop
      vertex -0.00827689 0.00561187 0.0126
      vertex -0.00883512 0.00468408 0.0126
      vertex -0.00883512 0.00468408 0.007
    endloop
  endfacet
  facet normal 0.907575 -0.41989 0
    outer loop
      vertex -0.00883512 0.00468408 0.007
      vertex -0.00883512 0.00468408 0.0126
      vertex -0.00928977 0.00370138 0.007
    endloop
  endfacet
  facet normal 0.907575 -0.41989 0
    outer loop
      vertex -0.00883512 0.00468408 0.0126
      vertex -0.00928977 0.00370138 0.0126
      vertex -0.00928977 0.00370138 0.007
    endloop
  endfacet
  facet normal 0.947653 -0.319301 0
    outer loop
      vertex -0.00928977 0.00370138 0.007
      vertex -0.00928977 0.00370138 0.0126
      vertex -0.0096355 0.00267528 0.007
    endloop
  endfacet
  facet normal 0.947653 -0.319301 0
    outer loop
      vertex -0.00928977 0.00370138 0.0126
      vertex -0.0096355 0.00267528 0.0126
      vertex -0.0096355 0.00267528 0.007
    endloop
  endfacet
  facet normal 0.976621 -0.214971 0
    outer loop
      vertex -0.0096355 0.00267528 0.007
      vertex -0.0096355 0.00267528 0.0126
      vertex -0.00986827 0.00161782 0.007
    endloop
  endfacet
  facet normal 0.976621 -0.214971 0
    outer loop
      vertex -0.0096355 0.00267528 0.0126
      vertex -0.00986827 0.00161782 0.0126
      vertex -0.00986827 0.00161782 0.007
    endloop
  endfacet
  facet normal 0.994138 -0.108119 0
    outer loop
      vertex -0.00986827 0.00161782 0.007
      vertex -0.00986827 0.00161782 0.0126
      vertex -0.00998533 0.000541389 0.007
    endloop
  endfacet
  facet normal -0.137936 0.4968 0.856833
    outer loop
      vertex -0.01575 -9.64409e-19 0.00449785
      vertex -0.0152126 -0.00244155 0.006
      vertex -0.0149517 -0.00236913 0.006
    endloop
  endfacet
  facet normal -0.0834139 0.508801 0.856833
    outer loop
      vertex -0.0154797 -0.00248534 0.006
      vertex -0.0152126 -0.00244155 0.006
      vertex -0.01575 -9.64409e-19 0.00449785
    endloop
  endfacet
  facet normal -0.0279136 0.514837 0.856833
    outer loop
      vertex -0.01575 -0.0025 0.006
      vertex -0.0154797 -0.00248534 0.006
      vertex -0.01575 -9.64409e-19 0.00449785
    endloop
  endfacet
  facet normal -0.289345 0.426751 0.856833
    outer loop
      vertex -0.01575 -9.64409e-19 0.00449785
      vertex -0.0144611 -0.00214214 0.006
      vertex -0.0142371 -0.00199023 0.006
    endloop
  endfacet
  facet normal -0.241508 0.455533 0.856833
    outer loop
      vertex -0.0147003 -0.00226894 0.006
      vertex -0.0144611 -0.00214214 0.006
      vertex -0.01575 -9.64409e-19 0.00449785
    endloop
  endfacet
  facet normal -0.190841 0.478974 0.856833
    outer loop
      vertex -0.0149517 -0.00236913 0.006
      vertex -0.0147003 -0.00226894 0.006
      vertex -0.01575 -9.64409e-19 0.00449785
    endloop
  endfacet
  facet normal -0.41046 0.312024 0.856833
    outer loop
      vertex -0.01575 -9.64409e-19 0.00449785
      vertex -0.0138446 -0.00161847 0.006
      vertex -0.0136808 -0.00140297 0.006
    endloop
  endfacet
  facet normal -0.374319 0.354574 0.856833
    outer loop
      vertex -0.0140308 -0.00181499 0.006
      vertex -0.0138446 -0.00161847 0.006
      vertex -0.01575 -9.64409e-19 0.00449785
    endloop
  endfacet
  facet normal -0.333788 0.392966 0.856833
    outer loop
      vertex -0.0142371 -0.00199023 0.006
      vertex -0.0140308 -0.00181499 0.006
      vertex -0.01575 -9.64409e-19 0.00449785
    endloop
  endfacet
  facet normal -0.488604 0.16463 0.856833
    outer loop
      vertex -0.01575 -9.64409e-19 0.00449785
      vertex -0.0134276 -0.000925345 0.006
      vertex -0.0133411 -0.000668821 0.006
    endloop
  endfacet
  facet normal -0.46794 0.216492 0.856833
    outer loop
      vertex -0.0135412 -0.00117102 0.006
      vertex -0.0134276 -0.000925345 0.006
      vertex -0.01575 -9.64409e-19 0.00449785
    endloop
  endfacet
  facet normal -0.44179 0.265817 0.856833
    outer loop
      vertex -0.0136808 -0.00140297 0.006
      vertex -0.0135412 -0.00117102 0.006
      vertex -0.01575 -9.64409e-19 0.00449785
    endloop
  endfacet
  facet normal -0.515594 0 0.856833
    outer loop
      vertex -0.01575 -9.64409e-19 0.00449785
      vertex -0.0132537 -0.000135347 0.006
      vertex -0.0132537 0.000135347 0.006
    endloop
  endfacet
  facet normal -0.512571 0.0557447 0.856833
    outer loop
      vertex -0.0132829 -0.000404455 0.006
      vertex -0.0132537 -0.000135347 0.006
      vertex -0.01575 -9.64409e-19 0.00449785
    endloop
  endfacet
  facet normal -0.503539 0.110838 0.856833
    outer loop
      vertex -0.0133411 -0.000668821 0.006
      vertex -0.0132829 -0.000404455 0.006
      vertex -0.01575 -9.64409e-19 0.00449785
    endloop
  endfacet
  facet normal -0.488604 -0.16463 0.856833
    outer loop
      vertex -0.01575 -9.64409e-19 0.00449785
      vertex -0.0133411 0.000668821 0.006
      vertex -0.0134276 0.000925345 0.006
    endloop
  endfacet
  facet normal -0.503539 -0.110838 0.856833
    outer loop
      vertex -0.0132829 0.000404455 0.006
      vertex -0.0133411 0.000668821 0.006
      vertex -0.01575 -9.64409e-19 0.00449785
    endloop
  endfacet
  facet normal -0.512571 -0.0557447 0.856833
    outer loop
      vertex -0.0132537 0.000135347 0.006
      vertex -0.0132829 0.000404455 0.006
      vertex -0.01575 -9.64409e-19 0.00449785
    endloop
  endfacet
  facet normal -0.41046 -0.312024 0.856833
    outer loop
      vertex -0.01575 -9.64409e-19 0.00449785
      vertex -0.0136808 0.00140297 0.006
      vertex -0.0138446 0.00161847 0.006
    endloop
  endfacet
  facet normal -0.44179 -0.265817 0.856833
    outer loop
      vertex -0.0135412 0.00117102 0.006
      vertex -0.0136808 0.00140297 0.006
      vertex -0.01575 -9.64409e-19 0.00449785
    endloop
  endfacet
  facet normal -0.46794 -0.216492 0.856833
    outer loop
      vertex -0.0134276 0.000925345 0.006
      vertex -0.0135412 0.00117102 0.006
      vertex -0.01575 -9.64409e-19 0.00449785
    endloop
  endfacet
  facet normal -0.289345 -0.426751 0.856833
    outer loop
      vertex -0.01575 -9.64409e-19 0.00449785
      vertex -0.0142371 0.00199023 0.006
      vertex -0.0144611 0.00214214 0.006
    endloop
  endfacet
  facet normal -0.333788 -0.392966 0.856833
    outer loop
      vertex -0.0140308 0.00181499 0.006
      vertex -0.0142371 0.00199023 0.006
      vertex -0.01575 -9.64409e-19 0.00449785
    endloop
  endfacet
  facet normal -0.374319 -0.354574 0.856833
    outer loop
      vertex -0.0138446 0.00161847 0.006
      vertex -0.0140308 0.00181499 0.006
      vertex -0.01575 -9.64409e-19 0.00449785
    endloop
  endfacet
  facet normal -0.137936 -0.4968 0.856833
    outer loop
      vertex -0.01575 -9.64409e-19 0.00449785
      vertex -0.0149517 0.00236913 0.006
      vertex -0.0152126 0.00244155 0.006
    endloop
  endfacet
  facet normal -0.190841 -0.478974 0.856833
    outer loop
      vertex -0.0147003 0.00226894 0.006
      vertex -0.0149517 0.00236913 0.006
      vertex -0.01575 -9.64409e-19 0.00449785
    endloop
  endfacet
  facet normal -0.241508 -0.455533 0.856833
    outer loop
      vertex -0.0144611 0.00214214 0.006
      vertex -0.0147003 0.00226894 0.006
      vertex -0.01575 -9.64409e-19 0.00449785
    endloop
  endfacet
  facet normal 0.0279136 -0.514837 0.856833
    outer loop
      vertex -0.01575 -9.64409e-19 0.00449785
      vertex -0.01575 0.0025 0.006
      vertex -0.0160203 0.00248534 0.006
    endloop
  endfacet
  facet normal -0.0279136 -0.514837 0.856833
    outer loop
      vertex -0.0154797 0.00248534 0.006
      vertex -0.01575 0.0025 0.006
      vertex -0.01575 -9.64409e-19 0.00449785
    endloop
  endfacet
  facet normal -0.0834139 -0.508801 0.856833
    outer loop
      vertex -0.0152126 0.00244155 0.006
      vertex -0.0154797 0.00248534 0.006
      vertex -0.01575 -9.64409e-19 0.00449785
    endloop
  endfacet
  facet normal 0.190841 -0.478974 0.856833
    outer loop
      vertex -0.01575 -9.64409e-19 0.00449785
      vertex -0.0165483 0.00236913 0.006
      vertex -0.0167997 0.00226894 0.006
    endloop
  endfacet
  facet normal 0.137936 -0.4968 0.856833
    outer loop
      vertex -0.0162874 0.00244155 0.006
      vertex -0.0165483 0.00236913 0.006
      vertex -0.01575 -9.64409e-19 0.00449785
    endloop
  endfacet
  facet normal 0.0834142 -0.508801 0.856833
    outer loop
      vertex -0.0160203 0.00248534 0.006
      vertex -0.0162874 0.00244155 0.006
      vertex -0.01575 -9.64409e-19 0.00449785
    endloop
  endfacet
  facet normal 0.333789 -0.392965 0.856833
    outer loop
      vertex -0.01575 -9.64409e-19 0.00449785
      vertex -0.0172629 0.00199023 0.006
      vertex -0.0174692 0.00181499 0.006
    endloop
  endfacet
  facet normal 0.289345 -0.426751 0.856833
    outer loop
      vertex -0.0170389 0.00214214 0.006
      vertex -0.0172629 0.00199023 0.006
      vertex -0.01575 -9.64409e-19 0.00449785
    endloop
  endfacet
  facet normal 0.241507 -0.455534 0.856833
    outer loop
      vertex -0.0167997 0.00226894 0.006
      vertex -0.0170389 0.00214214 0.006
      vertex -0.01575 -9.64409e-19 0.00449785
    endloop
  endfacet
  facet normal 0.441789 -0.265818 0.856833
    outer loop
      vertex -0.01575 -9.64409e-19 0.00449785
      vertex -0.0178192 0.00140297 0.006
      vertex -0.0179588 0.00117102 0.006
    endloop
  endfacet
  facet normal 0.41046 -0.312024 0.856833
    outer loop
      vertex -0.0176554 0.00161847 0.006
      vertex -0.0178192 0.00140297 0.006
      vertex -0.01575 -9.64409e-19 0.00449785
    endloop
  endfacet
  facet normal 0.374319 -0.354574 0.856833
    outer loop
      vertex -0.0174692 0.00181499 0.006
      vertex -0.0176554 0.00161847 0.006
      vertex -0.01575 -9.64409e-19 0.00449785
    endloop
  endfacet
  facet normal 0.503539 -0.110837 0.856833
    outer loop
      vertex -0.01575 -9.64409e-19 0.00449785
      vertex -0.0181589 0.000668821 0.006
      vertex -0.0182171 0.000404455 0.006
    endloop
  endfacet
  facet normal 0.488603 -0.164632 0.856833
    outer loop
      vertex -0.0180724 0.000925345 0.006
      vertex -0.0181589 0.000668821 0.006
      vertex -0.01575 -9.64409e-19 0.00449785
    endloop
  endfacet
  facet normal 0.467941 -0.21649 0.856833
    outer loop
      vertex -0.0179588 0.00117102 0.006
      vertex -0.0180724 0.000925345 0.006
      vertex -0.01575 -9.64409e-19 0.00449785
    endloop
  endfacet
  facet normal 0.512571 0.0557464 0.856833
    outer loop
      vertex -0.01575 -9.64409e-19 0.00449785
      vertex -0.0182463 -0.000135347 0.006
      vertex -0.0182171 -0.000404455 0.006
    endloop
  endfacet
  facet normal 0.515594 0 0.856833
    outer loop
      vertex -0.0182463 0.000135347 0.006
      vertex -0.0182463 -0.000135347 0.006
      vertex -0.01575 -9.64409e-19 0.00449785
    endloop
  endfacet
  facet normal 0.512571 -0.0557464 0.856833
    outer loop
      vertex -0.0182171 0.000404455 0.006
      vertex -0.0182463 0.000135347 0.006
      vertex -0.01575 -9.64409e-19 0.00449785
    endloop
  endfacet
  facet normal 0.467941 0.21649 0.856833
    outer loop
      vertex -0.01575 -9.64409e-19 0.00449785
      vertex -0.0180724 -0.000925345 0.006
      vertex -0.0179588 -0.00117102 0.006
    endloop
  endfacet
  facet normal 0.488603 0.164632 0.856833
    outer loop
      vertex -0.0181589 -0.000668821 0.006
      vertex -0.0180724 -0.000925345 0.006
      vertex -0.01575 -9.64409e-19 0.00449785
    endloop
  endfacet
  facet normal 0.503539 0.110837 0.856833
    outer loop
      vertex -0.0182171 -0.000404455 0.006
      vertex -0.0181589 -0.000668821 0.006
      vertex -0.01575 -9.64409e-19 0.00449785
    endloop
  endfacet
  facet normal 0.374319 0.354574 0.856833
    outer loop
      vertex -0.01575 -9.64409e-19 0.00449785
      vertex -0.0176554 -0.00161847 0.006
      vertex -0.0174692 -0.00181499 0.006
    endloop
  endfacet
  facet normal 0.41046 0.312024 0.856833
    outer loop
      vertex -0.0178192 -0.00140297 0.006
      vertex -0.0176554 -0.00161847 0.006
      vertex -0.01575 -9.64409e-19 0.00449785
    endloop
  endfacet
  facet normal 0.441789 0.265818 0.856833
    outer loop
      vertex -0.0179588 -0.00117102 0.006
      vertex -0.0178192 -0.00140297 0.006
      vertex -0.01575 -9.64409e-19 0.00449785
    endloop
  endfacet
  facet normal 0.241507 0.455534 0.856833
    outer loop
      vertex -0.01575 -9.64409e-19 0.00449785
      vertex -0.0170389 -0.00214214 0.006
      vertex -0.0167997 -0.00226894 0.006
    endloop
  endfacet
  facet normal 0.289345 0.426751 0.856833
    outer loop
      vertex -0.0172629 -0.00199023 0.006
      vertex -0.0170389 -0.00214214 0.006
      vertex -0.01575 -9.64409e-19 0.00449785
    endloop
  endfacet
  facet normal 0.333789 0.392965 0.856833
    outer loop
      vertex -0.0174692 -0.00181499 0.006
      vertex -0.0172629 -0.00199023 0.006
      vertex -0.01575 -9.64409e-19 0.00449785
    endloop
  endfacet
  facet normal 0.0834142 0.508801 0.856833
    outer loop
      vertex -0.01575 -9.64409e-19 0.00449785
      vertex -0.0162874 -0.00244155 0.006
      vertex -0.0160203 -0.00248534 0.006
    endloop
  endfacet
  facet normal 0.137936 0.4968 0.856833
    outer loop
      vertex -0.0165483 -0.00236913 0.006
      vertex -0.0162874 -0.00244155 0.006
      vertex -0.01575 -9.64409e-19 0.00449785
    endloop
  endfacet
  facet normal 0.190841 0.478974 0.856833
    outer loop
      vertex -0.0167997 -0.00226894 0.006
      vertex -0.0165483 -0.00236913 0.006
      vertex -0.01575 -9.64409e-19 0.00449785
    endloop
  endfacet
  facet normal 0.0279136 0.514837 0.856833
    outer loop
      vertex -0.0160203 -0.00248534 0.006
      vertex -0.01575 -0.0025 0.006
      vertex -0.01575 -9.64409e-19 0.00449785
    endloop
  endfacet
  facet normal -0.137935 0.4968 0.856833
    outer loop
      vertex -0.0111369 -0.0111369 0.00133819
      vertex -0.0106855 -0.0131878 0.0026
      vertex -0.0104664 -0.013127 0.0026
    endloop
  endfacet
  facet normal -0.0834135 0.508801 0.856833
    outer loop
      vertex -0.0109099 -0.0132246 0.0026
      vertex -0.0106855 -0.0131878 0.0026
      vertex -0.0111369 -0.0111369 0.00133819
    endloop
  endfacet
  facet normal -0.0279135 0.514837 0.856833
    outer loop
      vertex -0.0111369 -0.0132369 0.0026
      vertex -0.0109099 -0.0132246 0.0026
      vertex -0.0111369 -0.0111369 0.00133819
    endloop
  endfacet
  facet normal -0.289345 0.42675 0.856833
    outer loop
      vertex -0.0111369 -0.0111369 0.00133819
      vertex -0.0100543 -0.0129363 0.0026
      vertex -0.00986607 -0.0128087 0.0026
    endloop
  endfacet
  facet normal -0.241508 0.455533 0.856833
    outer loop
      vertex -0.0102552 -0.0130428 0.0026
      vertex -0.0100543 -0.0129363 0.0026
      vertex -0.0111369 -0.0111369 0.00133819
    endloop
  endfacet
  facet normal -0.190841 0.478974 0.856833
    outer loop
      vertex -0.0104664 -0.013127 0.0026
      vertex -0.0102552 -0.0130428 0.0026
      vertex -0.0111369 -0.0111369 0.00133819
    endloop
  endfacet
  facet normal -0.41046 0.312024 0.856833
    outer loop
      vertex -0.0111369 -0.0111369 0.00133819
      vertex -0.00953639 -0.0124964 0.0026
      vertex -0.00939878 -0.0123154 0.0026
    endloop
  endfacet
  facet normal -0.374318 0.354574 0.856833
    outer loop
      vertex -0.00969276 -0.0126615 0.0026
      vertex -0.00953639 -0.0124964 0.0026
      vertex -0.0111369 -0.0111369 0.00133819
    endloop
  endfacet
  facet normal -0.333788 0.392966 0.856833
    outer loop
      vertex -0.00986607 -0.0128087 0.0026
      vertex -0.00969276 -0.0126615 0.0026
      vertex -0.0111369 -0.0111369 0.00133819
    endloop
  endfacet
  facet normal -0.488604 0.164631 0.856833
    outer loop
      vertex -0.0111369 -0.0111369 0.00133819
      vertex -0.00918608 -0.0119142 0.0026
      vertex -0.00911348 -0.0116987 0.0026
    endloop
  endfacet
  facet normal -0.467941 0.216491 0.856833
    outer loop
      vertex -0.00928156 -0.0121206 0.0026
      vertex -0.00918608 -0.0119142 0.0026
      vertex -0.0111369 -0.0111369 0.00133819
    endloop
  endfacet
  facet normal -0.44179 0.265816 0.856833
    outer loop
      vertex -0.00939878 -0.0123154 0.0026
      vertex -0.00928156 -0.0121206 0.0026
      vertex -0.0111369 -0.0111369 0.00133819
    endloop
  endfacet
  facet normal -0.515594 0 0.856833
    outer loop
      vertex -0.0111369 -0.0111369 0.00133819
      vertex -0.00904001 -0.0112506 0.0026
      vertex -0.00904001 -0.0110232 0.0026
    endloop
  endfacet
  facet normal -0.512571 0.0557447 0.856833
    outer loop
      vertex -0.0090646 -0.0114767 0.0026
      vertex -0.00904001 -0.0112506 0.0026
      vertex -0.0111369 -0.0111369 0.00133819
    endloop
  endfacet
  facet normal -0.503539 0.110837 0.856833
    outer loop
      vertex -0.00911348 -0.0116987 0.0026
      vertex -0.0090646 -0.0114767 0.0026
      vertex -0.0111369 -0.0111369 0.00133819
    endloop
  endfacet
  facet normal -0.488604 -0.164631 0.856833
    outer loop
      vertex -0.0111369 -0.0111369 0.00133819
      vertex -0.00911348 -0.0105751 0.0026
      vertex -0.00918608 -0.0103596 0.0026
    endloop
  endfacet
  facet normal -0.503539 -0.110837 0.856833
    outer loop
      vertex -0.0090646 -0.0107972 0.0026
      vertex -0.00911348 -0.0105751 0.0026
      vertex -0.0111369 -0.0111369 0.00133819
    endloop
  endfacet
  facet normal -0.512571 -0.0557447 0.856833
    outer loop
      vertex -0.00904001 -0.0110232 0.0026
      vertex -0.0090646 -0.0107972 0.0026
      vertex -0.0111369 -0.0111369 0.00133819
    endloop
  endfacet
  facet normal -0.41046 -0.312024 0.856833
    outer loop
      vertex -0.0111369 -0.0111369 0.00133819
      vertex -0.00939878 -0.00995844 0.0026
      vertex -0.00953639 -0.00977742 0.0026
    endloop
  endfacet
  facet normal -0.44179 -0.265816 0.856833
    outer loop
      vertex -0.00928156 -0.0101533 0.0026
      vertex -0.00939878 -0.00995844 0.0026
      vertex -0.0111369 -0.0111369 0.00133819
    endloop
  endfacet
  facet normal -0.467941 -0.216491 0.856833
    outer loop
      vertex -0.00918608 -0.0103596 0.0026
      vertex -0.00928156 -0.0101533 0.0026
      vertex -0.0111369 -0.0111369 0.00133819
    endloop
  endfacet
  facet normal -0.289345 -0.426751 0.856833
    outer loop
      vertex -0.0111369 -0.0111369 0.00133819
      vertex -0.00986607 -0.00946514 0.0026
      vertex -0.0100543 -0.00933753 0.0026
    endloop
  endfacet
  facet normal -0.333788 -0.392966 0.856833
    outer loop
      vertex -0.00969276 -0.00961234 0.0026
      vertex -0.00986607 -0.00946514 0.0026
      vertex -0.0111369 -0.0111369 0.00133819
    endloop
  endfacet
  facet normal -0.374318 -0.354575 0.856833
    outer loop
      vertex -0.00953639 -0.00977742 0.0026
      vertex -0.00969276 -0.00961234 0.0026
      vertex -0.0111369 -0.0111369 0.00133819
    endloop
  endfacet
  facet normal -0.137935 -0.4968 0.856833
    outer loop
      vertex -0.0111369 -0.0111369 0.00133819
      vertex -0.0104664 -0.00914686 0.0026
      vertex -0.0106855 -0.00908603 0.0026
    endloop
  endfacet
  facet normal -0.190841 -0.478974 0.856833
    outer loop
      vertex -0.0102552 -0.00923102 0.0026
      vertex -0.0104664 -0.00914686 0.0026
      vertex -0.0111369 -0.0111369 0.00133819
    endloop
  endfacet
  facet normal -0.241508 -0.455533 0.856833
    outer loop
      vertex -0.0100543 -0.00933753 0.0026
      vertex -0.0102552 -0.00923102 0.0026
      vertex -0.0111369 -0.0111369 0.00133819
    endloop
  endfacet
  facet normal 0.0279135 -0.514838 0.856833
    outer loop
      vertex -0.0111369 -0.0111369 0.00133819
      vertex -0.0111369 -0.00903693 0.0026
      vertex -0.011364 -0.00904924 0.0026
    endloop
  endfacet
  facet normal -0.0279135 -0.514838 0.856833
    outer loop
      vertex -0.0109099 -0.00904924 0.0026
      vertex -0.0111369 -0.00903693 0.0026
      vertex -0.0111369 -0.0111369 0.00133819
    endloop
  endfacet
  facet normal -0.0834135 -0.508802 0.856833
    outer loop
      vertex -0.0106855 -0.00908603 0.0026
      vertex -0.0109099 -0.00904924 0.0026
      vertex -0.0111369 -0.0111369 0.00133819
    endloop
  endfacet
  facet normal 0.190841 -0.478974 0.856833
    outer loop
      vertex -0.0111369 -0.0111369 0.00133819
      vertex -0.0118075 -0.00914686 0.0026
      vertex -0.0120187 -0.00923102 0.0026
    endloop
  endfacet
  facet normal 0.137935 -0.4968 0.856833
    outer loop
      vertex -0.0115884 -0.00908603 0.0026
      vertex -0.0118075 -0.00914686 0.0026
      vertex -0.0111369 -0.0111369 0.00133819
    endloop
  endfacet
  facet normal 0.0834132 -0.508802 0.856833
    outer loop
      vertex -0.011364 -0.00904924 0.0026
      vertex -0.0115884 -0.00908603 0.0026
      vertex -0.0111369 -0.0111369 0.00133819
    endloop
  endfacet
  facet normal 0.333788 -0.392966 0.856833
    outer loop
      vertex -0.0111369 -0.0111369 0.00133819
      vertex -0.0124078 -0.00946514 0.0026
      vertex -0.0125811 -0.00961234 0.0026
    endloop
  endfacet
  facet normal 0.289345 -0.42675 0.856833
    outer loop
      vertex -0.0122196 -0.00933753 0.0026
      vertex -0.0124078 -0.00946514 0.0026
      vertex -0.0111369 -0.0111369 0.00133819
    endloop
  endfacet
  facet normal 0.241508 -0.455533 0.856833
    outer loop
      vertex -0.0120187 -0.00923102 0.0026
      vertex -0.0122196 -0.00933753 0.0026
      vertex -0.0111369 -0.0111369 0.00133819
    endloop
  endfacet
  facet normal 0.441789 -0.265817 0.856833
    outer loop
      vertex -0.0111369 -0.0111369 0.00133819
      vertex -0.0128751 -0.00995844 0.0026
      vertex -0.0129923 -0.0101533 0.0026
    endloop
  endfacet
  facet normal 0.410461 -0.312023 0.856833
    outer loop
      vertex -0.0127375 -0.00977742 0.0026
      vertex -0.0128751 -0.00995844 0.0026
      vertex -0.0111369 -0.0111369 0.00133819
    endloop
  endfacet
  facet normal 0.374318 -0.354574 0.856833
    outer loop
      vertex -0.0125811 -0.00961234 0.0026
      vertex -0.0127375 -0.00977742 0.0026
      vertex -0.0111369 -0.0111369 0.00133819
    endloop
  endfacet
  facet normal 0.503539 -0.110837 0.856833
    outer loop
      vertex -0.0111369 -0.0111369 0.00133819
      vertex -0.0131604 -0.0105751 0.0026
      vertex -0.0132093 -0.0107972 0.0026
    endloop
  endfacet
  facet normal 0.488604 -0.16463 0.856833
    outer loop
      vertex -0.0130878 -0.0103596 0.0026
      vertex -0.0131604 -0.0105751 0.0026
      vertex -0.0111369 -0.0111369 0.00133819
    endloop
  endfacet
  facet normal 0.46794 -0.216491 0.856833
    outer loop
      vertex -0.0129923 -0.0101533 0.0026
      vertex -0.0130878 -0.0103596 0.0026
      vertex -0.0111369 -0.0111369 0.00133819
    endloop
  endfacet
  facet normal 0.512571 0.0557446 0.856833
    outer loop
      vertex -0.0111369 -0.0111369 0.00133819
      vertex -0.0132339 -0.0112506 0.0026
      vertex -0.0132093 -0.0114767 0.0026
    endloop
  endfacet
  facet normal 0.515594 0 0.856833
    outer loop
      vertex -0.0132339 -0.0110232 0.0026
      vertex -0.0132339 -0.0112506 0.0026
      vertex -0.0111369 -0.0111369 0.00133819
    endloop
  endfacet
  facet normal 0.512571 -0.0557446 0.856833
    outer loop
      vertex -0.0132093 -0.0107972 0.0026
      vertex -0.0132339 -0.0110232 0.0026
      vertex -0.0111369 -0.0111369 0.00133819
    endloop
  endfacet
  facet normal 0.46794 0.216491 0.856833
    outer loop
      vertex -0.0111369 -0.0111369 0.00133819
      vertex -0.0130878 -0.0119142 0.0026
      vertex -0.0129923 -0.0121206 0.0026
    endloop
  endfacet
  facet normal 0.488603 0.16463 0.856833
    outer loop
      vertex -0.0131604 -0.0116987 0.0026
      vertex -0.0130878 -0.0119142 0.0026
      vertex -0.0111369 -0.0111369 0.00133819
    endloop
  endfacet
  facet normal 0.503539 0.110837 0.856833
    outer loop
      vertex -0.0132093 -0.0114767 0.0026
      vertex -0.0131604 -0.0116987 0.0026
      vertex -0.0111369 -0.0111369 0.00133819
    endloop
  endfacet
  facet normal 0.374317 0.354574 0.856833
    outer loop
      vertex -0.0111369 -0.0111369 0.00133819
      vertex -0.0127375 -0.0124964 0.0026
      vertex -0.0125811 -0.0126615 0.0026
    endloop
  endfacet
  facet normal 0.410461 0.312023 0.856833
    outer loop
      vertex -0.0128751 -0.0123154 0.0026
      vertex -0.0127375 -0.0124964 0.0026
      vertex -0.0111369 -0.0111369 0.00133819
    endloop
  endfacet
  facet normal 0.441789 0.265817 0.856833
    outer loop
      vertex -0.0129923 -0.0121206 0.0026
      vertex -0.0128751 -0.0123154 0.0026
      vertex -0.0111369 -0.0111369 0.00133819
    endloop
  endfacet
  facet normal 0.241508 0.455533 0.856833
    outer loop
      vertex -0.0111369 -0.0111369 0.00133819
      vertex -0.0122196 -0.0129363 0.0026
      vertex -0.0120187 -0.0130428 0.0026
    endloop
  endfacet
  facet normal 0.289345 0.42675 0.856833
    outer loop
      vertex -0.0124078 -0.0128087 0.0026
      vertex -0.0122196 -0.0129363 0.0026
      vertex -0.0111369 -0.0111369 0.00133819
    endloop
  endfacet
  facet normal 0.333788 0.392966 0.856833
    outer loop
      vertex -0.0125811 -0.0126615 0.0026
      vertex -0.0124078 -0.0128087 0.0026
      vertex -0.0111369 -0.0111369 0.00133819
    endloop
  endfacet
  facet normal 0.0834131 0.508801 0.856833
    outer loop
      vertex -0.0111369 -0.0111369 0.00133819
      vertex -0.0115884 -0.0131878 0.0026
      vertex -0.011364 -0.0132246 0.0026
    endloop
  endfacet
  facet normal 0.137935 0.4968 0.856833
    outer loop
      vertex -0.0118075 -0.013127 0.0026
      vertex -0.0115884 -0.0131878 0.0026
      vertex -0.0111369 -0.0111369 0.00133819
    endloop
  endfacet
  facet normal 0.190841 0.478974 0.856833
    outer loop
      vertex -0.0120187 -0.0130428 0.0026
      vertex -0.0118075 -0.013127 0.0026
      vertex -0.0111369 -0.0111369 0.00133819
    endloop
  endfacet
  facet normal 0.0279135 0.514837 0.856833
    outer loop
      vertex -0.011364 -0.0132246 0.0026
      vertex -0.0111369 -0.0132369 0.0026
      vertex -0.0111369 -0.0111369 0.00133819
    endloop
  endfacet
  facet normal -0.137935 0.4968 0.856833
    outer loop
      vertex -0.0111369 0.0111369 0.00133819
      vertex -0.0106855 0.00908603 0.0026
      vertex -0.0104664 0.00914686 0.0026
    endloop
  endfacet
  facet normal -0.0834135 0.508802 0.856833
    outer loop
      vertex -0.0109099 0.00904924 0.0026
      vertex -0.0106855 0.00908603 0.0026
      vertex -0.0111369 0.0111369 0.00133819
    endloop
  endfacet
  facet normal -0.0279135 0.514838 0.856833
    outer loop
      vertex -0.0111369 0.00903693 0.0026
      vertex -0.0109099 0.00904924 0.0026
      vertex -0.0111369 0.0111369 0.00133819
    endloop
  endfacet
  facet normal -0.289345 0.426751 0.856833
    outer loop
      vertex -0.0111369 0.0111369 0.00133819
      vertex -0.0100543 0.00933753 0.0026
      vertex -0.00986607 0.00946514 0.0026
    endloop
  endfacet
  facet normal -0.241508 0.455533 0.856833
    outer loop
      vertex -0.0102552 0.00923102 0.0026
      vertex -0.0100543 0.00933753 0.0026
      vertex -0.0111369 0.0111369 0.00133819
    endloop
  endfacet
  facet normal -0.190841 0.478974 0.856833
    outer loop
      vertex -0.0104664 0.00914686 0.0026
      vertex -0.0102552 0.00923102 0.0026
      vertex -0.0111369 0.0111369 0.00133819
    endloop
  endfacet
  facet normal -0.41046 0.312024 0.856833
    outer loop
      vertex -0.0111369 0.0111369 0.00133819
      vertex -0.00953639 0.00977742 0.0026
      vertex -0.00939878 0.00995844 0.0026
    endloop
  endfacet
  facet normal -0.374318 0.354575 0.856833
    outer loop
      vertex -0.00969276 0.00961234 0.0026
      vertex -0.00953639 0.00977742 0.0026
      vertex -0.0111369 0.0111369 0.00133819
    endloop
  endfacet
  facet normal -0.333788 0.392966 0.856833
    outer loop
      vertex -0.00986607 0.00946514 0.0026
      vertex -0.00969276 0.00961234 0.0026
      vertex -0.0111369 0.0111369 0.00133819
    endloop
  endfacet
  facet normal -0.488604 0.164631 0.856833
    outer loop
      vertex -0.0111369 0.0111369 0.00133819
      vertex -0.00918608 0.0103596 0.0026
      vertex -0.00911348 0.0105751 0.0026
    endloop
  endfacet
  facet normal -0.467941 0.216491 0.856833
    outer loop
      vertex -0.00928156 0.0101533 0.0026
      vertex -0.00918608 0.0103596 0.0026
      vertex -0.0111369 0.0111369 0.00133819
    endloop
  endfacet
  facet normal -0.44179 0.265816 0.856833
    outer loop
      vertex -0.00939878 0.00995844 0.0026
      vertex -0.00928156 0.0101533 0.0026
      vertex -0.0111369 0.0111369 0.00133819
    endloop
  endfacet
  facet normal -0.515594 0 0.856833
    outer loop
      vertex -0.0111369 0.0111369 0.00133819
      vertex -0.00904001 0.0110232 0.0026
      vertex -0.00904001 0.0112506 0.0026
    endloop
  endfacet
  facet normal -0.512571 0.0557447 0.856833
    outer loop
      vertex -0.0090646 0.0107972 0.0026
      vertex -0.00904001 0.0110232 0.0026
      vertex -0.0111369 0.0111369 0.00133819
    endloop
  endfacet
  facet normal -0.503539 0.110837 0.856833
    outer loop
      vertex -0.00911348 0.0105751 0.0026
      vertex -0.0090646 0.0107972 0.0026
      vertex -0.0111369 0.0111369 0.00133819
    endloop
  endfacet
  facet normal -0.488604 -0.164631 0.856833
    outer loop
      vertex -0.0111369 0.0111369 0.00133819
      vertex -0.00911348 0.0116987 0.0026
      vertex -0.00918608 0.0119142 0.0026
    endloop
  endfacet
  facet normal -0.503539 -0.110837 0.856833
    outer loop
      vertex -0.0090646 0.0114767 0.0026
      vertex -0.00911348 0.0116987 0.0026
      vertex -0.0111369 0.0111369 0.00133819
    endloop
  endfacet
  facet normal -0.512571 -0.0557447 0.856833
    outer loop
      vertex -0.00904001 0.0112506 0.0026
      vertex -0.0090646 0.0114767 0.0026
      vertex -0.0111369 0.0111369 0.00133819
    endloop
  endfacet
  facet normal -0.41046 -0.312024 0.856833
    outer loop
      vertex -0.0111369 0.0111369 0.00133819
      vertex -0.00939878 0.0123154 0.0026
      vertex -0.00953639 0.0124964 0.0026
    endloop
  endfacet
  facet normal -0.44179 -0.265816 0.856833
    outer loop
      vertex -0.00928156 0.0121206 0.0026
      vertex -0.00939878 0.0123154 0.0026
      vertex -0.0111369 0.0111369 0.00133819
    endloop
  endfacet
  facet normal -0.467941 -0.216491 0.856833
    outer loop
      vertex -0.00918608 0.0119142 0.0026
      vertex -0.00928156 0.0121206 0.0026
      vertex -0.0111369 0.0111369 0.00133819
    endloop
  endfacet
  facet normal -0.289345 -0.42675 0.856833
    outer loop
      vertex -0.0111369 0.0111369 0.00133819
      vertex -0.00986607 0.0128087 0.0026
      vertex -0.0100543 0.0129363 0.0026
    endloop
  endfacet
  facet normal -0.333788 -0.392966 0.856833
    outer loop
      vertex -0.00969276 0.0126615 0.0026
      vertex -0.00986607 0.0128087 0.0026
      vertex -0.0111369 0.0111369 0.00133819
    endloop
  endfacet
  facet normal -0.374318 -0.354574 0.856833
    outer loop
      vertex -0.00953639 0.0124964 0.0026
      vertex -0.00969276 0.0126615 0.0026
      vertex -0.0111369 0.0111369 0.00133819
    endloop
  endfacet
  facet normal -0.137935 -0.4968 0.856833
    outer loop
      vertex -0.0111369 0.0111369 0.00133819
      vertex -0.0104664 0.013127 0.0026
      vertex -0.0106855 0.0131878 0.0026
    endloop
  endfacet
  facet normal -0.190841 -0.478974 0.856833
    outer loop
      vertex -0.0102552 0.0130428 0.0026
      vertex -0.0104664 0.013127 0.0026
      vertex -0.0111369 0.0111369 0.00133819
    endloop
  endfacet
  facet normal -0.241508 -0.455533 0.856833
    outer loop
      vertex -0.0100543 0.0129363 0.0026
      vertex -0.0102552 0.0130428 0.0026
      vertex -0.0111369 0.0111369 0.00133819
    endloop
  endfacet
  facet normal 0.0279135 -0.514837 0.856833
    outer loop
      vertex -0.0111369 0.0111369 0.00133819
      vertex -0.0111369 0.0132369 0.0026
      vertex -0.011364 0.0132246 0.0026
    endloop
  endfacet
  facet normal -0.0279135 -0.514837 0.856833
    outer loop
      vertex -0.0109099 0.0132246 0.0026
      vertex -0.0111369 0.0132369 0.0026
      vertex -0.0111369 0.0111369 0.00133819
    endloop
  endfacet
  facet normal -0.0834135 -0.508801 0.856833
    outer loop
      vertex -0.0106855 0.0131878 0.0026
      vertex -0.0109099 0.0132246 0.0026
      vertex -0.0111369 0.0111369 0.00133819
    endloop
  endfacet
  facet normal 0.190841 -0.478974 0.856833
    outer loop
      vertex -0.0111369 0.0111369 0.00133819
      vertex -0.0118075 0.013127 0.0026
      vertex -0.0120187 0.0130428 0.0026
    endloop
  endfacet
  facet normal 0.137935 -0.4968 0.856833
    outer loop
      vertex -0.0115884 0.0131878 0.0026
      vertex -0.0118075 0.013127 0.0026
      vertex -0.0111369 0.0111369 0.00133819
    endloop
  endfacet
  facet normal 0.0834131 -0.508801 0.856833
    outer loop
      vertex -0.011364 0.0132246 0.0026
      vertex -0.0115884 0.0131878 0.0026
      vertex -0.0111369 0.0111369 0.00133819
    endloop
  endfacet
  facet normal 0.333788 -0.392966 0.856833
    outer loop
      vertex -0.0111369 0.0111369 0.00133819
      vertex -0.0124078 0.0128087 0.0026
      vertex -0.0125811 0.0126615 0.0026
    endloop
  endfacet
  facet normal 0.289345 -0.42675 0.856833
    outer loop
      vertex -0.0122196 0.0129363 0.0026
      vertex -0.0124078 0.0128087 0.0026
      vertex -0.0111369 0.0111369 0.00133819
    endloop
  endfacet
  facet normal 0.241508 -0.455533 0.856833
    outer loop
      vertex -0.0120187 0.0130428 0.0026
      vertex -0.0122196 0.0129363 0.0026
      vertex -0.0111369 0.0111369 0.00133819
    endloop
  endfacet
  facet normal 0.441789 -0.265817 0.856833
    outer loop
      vertex -0.0111369 0.0111369 0.00133819
      vertex -0.0128751 0.0123154 0.0026
      vertex -0.0129923 0.0121206 0.0026
    endloop
  endfacet
  facet normal 0.410461 -0.312023 0.856833
    outer loop
      vertex -0.0127375 0.0124964 0.0026
      vertex -0.0128751 0.0123154 0.0026
      vertex -0.0111369 0.0111369 0.00133819
    endloop
  endfacet
  facet normal 0.374317 -0.354574 0.856833
    outer loop
      vertex -0.0125811 0.0126615 0.0026
      vertex -0.0127375 0.0124964 0.0026
      vertex -0.0111369 0.0111369 0.00133819
    endloop
  endfacet
  facet normal 0.503539 -0.110837 0.856833
    outer loop
      vertex -0.0111369 0.0111369 0.00133819
      vertex -0.0131604 0.0116987 0.0026
      vertex -0.0132093 0.0114767 0.0026
    endloop
  endfacet
  facet normal 0.488603 -0.16463 0.856833
    outer loop
      vertex -0.0130878 0.0119142 0.0026
      vertex -0.0131604 0.0116987 0.0026
      vertex -0.0111369 0.0111369 0.00133819
    endloop
  endfacet
  facet normal 0.46794 -0.216491 0.856833
    outer loop
      vertex -0.0129923 0.0121206 0.0026
      vertex -0.0130878 0.0119142 0.0026
      vertex -0.0111369 0.0111369 0.00133819
    endloop
  endfacet
  facet normal 0.512571 0.0557446 0.856833
    outer loop
      vertex -0.0111369 0.0111369 0.00133819
      vertex -0.0132339 0.0110232 0.0026
      vertex -0.0132093 0.0107972 0.0026
    endloop
  endfacet
  facet normal 0.515594 0 0.856833
    outer loop
      vertex -0.0132339 0.0112506 0.0026
      vertex -0.0132339 0.0110232 0.0026
      vertex -0.0111369 0.0111369 0.00133819
    endloop
  endfacet
  facet normal 0.512571 -0.0557446 0.856833
    outer loop
      vertex -0.0132093 0.0114767 0.0026
      vertex -0.0132339 0.0112506 0.0026
      vertex -0.0111369 0.0111369 0.00133819
    endloop
  endfacet
  facet normal 0.46794 0.216491 0.856833
    outer loop
      vertex -0.0111369 0.0111369 0.00133819
      vertex -0.0130878 0.0103596 0.0026
      vertex -0.0129923 0.0101533 0.0026
    endloop
  endfacet
  facet normal 0.488604 0.16463 0.856833
    outer loop
      vertex -0.0131604 0.0105751 0.0026
      vertex -0.0130878 0.0103596 0.0026
      vertex -0.0111369 0.0111369 0.00133819
    endloop
  endfacet
  facet normal 0.503539 0.110837 0.856833
    outer loop
      vertex -0.0132093 0.0107972 0.0026
      vertex -0.0131604 0.0105751 0.0026
      vertex -0.0111369 0.0111369 0.00133819
    endloop
  endfacet
  facet normal 0.374318 0.354574 0.856833
    outer loop
      vertex -0.0111369 0.0111369 0.00133819
      vertex -0.0127375 0.00977742 0.0026
      vertex -0.0125811 0.00961234 0.0026
    endloop
  endfacet
  facet normal 0.410461 0.312023 0.856833
    outer loop
      vertex -0.0128751 0.00995844 0.0026
      vertex -0.0127375 0.00977742 0.0026
      vertex -0.0111369 0.0111369 0.00133819
    endloop
  endfacet
  facet normal 0.441789 0.265817 0.856833
    outer loop
      vertex -0.0129923 0.0101533 0.0026
      vertex -0.0128751 0.00995844 0.0026
      vertex -0.0111369 0.0111369 0.00133819
    endloop
  endfacet
  facet normal 0.241508 0.455533 0.856833
    outer loop
      vertex -0.0111369 0.0111369 0.00133819
      vertex -0.0122196 0.00933753 0.0026
      vertex -0.0120187 0.00923102 0.0026
    endloop
  endfacet
  facet normal 0.289345 0.42675 0.856833
    outer loop
      vertex -0.0124078 0.00946514 0.0026
      vertex -0.0122196 0.00933753 0.0026
      vertex -0.0111369 0.0111369 0.00133819
    endloop
  endfacet
  facet normal 0.333788 0.392966 0.856833
    outer loop
      vertex -0.0125811 0.00961234 0.0026
      vertex -0.0124078 0.00946514 0.0026
      vertex -0.0111369 0.0111369 0.00133819
    endloop
  endfacet
  facet normal 0.0834132 0.508802 0.856833
    outer loop
      vertex -0.0111369 0.0111369 0.00133819
      vertex -0.0115884 0.00908603 0.0026
      vertex -0.011364 0.00904924 0.0026
    endloop
  endfacet
  facet normal 0.137935 0.4968 0.856833
    outer loop
      vertex -0.0118075 0.00914686 0.0026
      vertex -0.0115884 0.00908603 0.0026
      vertex -0.0111369 0.0111369 0.00133819
    endloop
  endfacet
  facet normal 0.190841 0.478974 0.856833
    outer loop
      vertex -0.0120187 0.00923102 0.0026
      vertex -0.0118075 0.00914686 0.0026
      vertex -0.0111369 0.0111369 0.00133819
    endloop
  endfacet
  facet normal 0.0279135 0.514838 0.856833
    outer loop
      vertex -0.011364 0.00904924 0.0026
      vertex -0.0111369 0.00903693 0.0026
      vertex -0.0111369 0.0111369 0.00133819
    endloop
  endfacet
  facet normal -0.137935 0.4968 0.856833
    outer loop
      vertex 0.0111369 0.0111369 0.00133819
      vertex 0.0115884 0.00908603 0.0026
      vertex 0.0118075 0.00914686 0.0026
    endloop
  endfacet
  facet normal -0.0834132 0.508802 0.856833
    outer loop
      vertex 0.011364 0.00904924 0.0026
      vertex 0.0115884 0.00908603 0.0026
      vertex 0.0111369 0.0111369 0.00133819
    endloop
  endfacet
  facet normal -0.0279135 0.514838 0.856833
    outer loop
      vertex 0.0111369 0.00903693 0.0026
      vertex 0.011364 0.00904924 0.0026
      vertex 0.0111369 0.0111369 0.00133819
    endloop
  endfacet
  facet normal -0.289345 0.42675 0.856833
    outer loop
      vertex 0.0111369 0.0111369 0.00133819
      vertex 0.0122196 0.00933753 0.0026
      vertex 0.0124078 0.00946514 0.0026
    endloop
  endfacet
  facet normal -0.241508 0.455533 0.856833
    outer loop
      vertex 0.0120187 0.00923102 0.0026
      vertex 0.0122196 0.00933753 0.0026
      vertex 0.0111369 0.0111369 0.00133819
    endloop
  endfacet
  facet normal -0.190841 0.478974 0.856833
    outer loop
      vertex 0.0118075 0.00914686 0.0026
      vertex 0.0120187 0.00923102 0.0026
      vertex 0.0111369 0.0111369 0.00133819
    endloop
  endfacet
  facet normal -0.410461 0.312023 0.856833
    outer loop
      vertex 0.0111369 0.0111369 0.00133819
      vertex 0.0127375 0.00977742 0.0026
      vertex 0.0128751 0.00995844 0.0026
    endloop
  endfacet
  facet normal -0.374318 0.354574 0.856833
    outer loop
      vertex 0.0125811 0.00961234 0.0026
      vertex 0.0127375 0.00977742 0.0026
      vertex 0.0111369 0.0111369 0.00133819
    endloop
  endfacet
  facet normal -0.333788 0.392966 0.856833
    outer loop
      vertex 0.0124078 0.00946514 0.0026
      vertex 0.0125811 0.00961234 0.0026
      vertex 0.0111369 0.0111369 0.00133819
    endloop
  endfacet
  facet normal -0.488604 0.16463 0.856833
    outer loop
      vertex 0.0111369 0.0111369 0.00133819
      vertex 0.0130878 0.0103596 0.0026
      vertex 0.0131604 0.0105751 0.0026
    endloop
  endfacet
  facet normal -0.46794 0.216491 0.856833
    outer loop
      vertex 0.0129923 0.0101533 0.0026
      vertex 0.0130878 0.0103596 0.0026
      vertex 0.0111369 0.0111369 0.00133819
    endloop
  endfacet
  facet normal -0.441789 0.265817 0.856833
    outer loop
      vertex 0.0128751 0.00995844 0.0026
      vertex 0.0129923 0.0101533 0.0026
      vertex 0.0111369 0.0111369 0.00133819
    endloop
  endfacet
  facet normal -0.515594 0 0.856833
    outer loop
      vertex 0.0111369 0.0111369 0.00133819
      vertex 0.0132339 0.0110232 0.0026
      vertex 0.0132339 0.0112506 0.0026
    endloop
  endfacet
  facet normal -0.512571 0.0557446 0.856833
    outer loop
      vertex 0.0132093 0.0107972 0.0026
      vertex 0.0132339 0.0110232 0.0026
      vertex 0.0111369 0.0111369 0.00133819
    endloop
  endfacet
  facet normal -0.503539 0.110837 0.856833
    outer loop
      vertex 0.0131604 0.0105751 0.0026
      vertex 0.0132093 0.0107972 0.0026
      vertex 0.0111369 0.0111369 0.00133819
    endloop
  endfacet
  facet normal -0.488603 -0.16463 0.856833
    outer loop
      vertex 0.0111369 0.0111369 0.00133819
      vertex 0.0131604 0.0116987 0.0026
      vertex 0.0130878 0.0119142 0.0026
    endloop
  endfacet
  facet normal -0.503539 -0.110837 0.856833
    outer loop
      vertex 0.0132093 0.0114767 0.0026
      vertex 0.0131604 0.0116987 0.0026
      vertex 0.0111369 0.0111369 0.00133819
    endloop
  endfacet
  facet normal -0.512571 -0.0557446 0.856833
    outer loop
      vertex 0.0132339 0.0112506 0.0026
      vertex 0.0132093 0.0114767 0.0026
      vertex 0.0111369 0.0111369 0.00133819
    endloop
  endfacet
  facet normal -0.410461 -0.312023 0.856833
    outer loop
      vertex 0.0111369 0.0111369 0.00133819
      vertex 0.0128751 0.0123154 0.0026
      vertex 0.0127375 0.0124964 0.0026
    endloop
  endfacet
  facet normal -0.441789 -0.265817 0.856833
    outer loop
      vertex 0.0129923 0.0121206 0.0026
      vertex 0.0128751 0.0123154 0.0026
      vertex 0.0111369 0.0111369 0.00133819
    endloop
  endfacet
  facet normal -0.46794 -0.216491 0.856833
    outer loop
      vertex 0.0130878 0.0119142 0.0026
      vertex 0.0129923 0.0121206 0.0026
      vertex 0.0111369 0.0111369 0.00133819
    endloop
  endfacet
  facet normal -0.289345 -0.42675 0.856833
    outer loop
      vertex 0.0111369 0.0111369 0.00133819
      vertex 0.0124078 0.0128087 0.0026
      vertex 0.0122196 0.0129363 0.0026
    endloop
  endfacet
  facet normal -0.333788 -0.392966 0.856833
    outer loop
      vertex 0.0125811 0.0126615 0.0026
      vertex 0.0124078 0.0128087 0.0026
      vertex 0.0111369 0.0111369 0.00133819
    endloop
  endfacet
  facet normal -0.374317 -0.354574 0.856833
    outer loop
      vertex 0.0127375 0.0124964 0.0026
      vertex 0.0125811 0.0126615 0.0026
      vertex 0.0111369 0.0111369 0.00133819
    endloop
  endfacet
  facet normal -0.137935 -0.4968 0.856833
    outer loop
      vertex 0.0111369 0.0111369 0.00133819
      vertex 0.0118075 0.013127 0.0026
      vertex 0.0115884 0.0131878 0.0026
    endloop
  endfacet
  facet normal -0.190841 -0.478974 0.856833
    outer loop
      vertex 0.0120187 0.0130428 0.0026
      vertex 0.0118075 0.013127 0.0026
      vertex 0.0111369 0.0111369 0.00133819
    endloop
  endfacet
  facet normal -0.241508 -0.455533 0.856833
    outer loop
      vertex 0.0122196 0.0129363 0.0026
      vertex 0.0120187 0.0130428 0.0026
      vertex 0.0111369 0.0111369 0.00133819
    endloop
  endfacet
  facet normal 0.0279135 -0.514837 0.856833
    outer loop
      vertex 0.0111369 0.0111369 0.00133819
      vertex 0.0111369 0.0132369 0.0026
      vertex 0.0109099 0.0132246 0.0026
    endloop
  endfacet
  facet normal -0.0279135 -0.514837 0.856833
    outer loop
      vertex 0.011364 0.0132246 0.0026
      vertex 0.0111369 0.0132369 0.0026
      vertex 0.0111369 0.0111369 0.00133819
    endloop
  endfacet
  facet normal -0.0834131 -0.508801 0.856833
    outer loop
      vertex 0.0115884 0.0131878 0.0026
      vertex 0.011364 0.0132246 0.0026
      vertex 0.0111369 0.0111369 0.00133819
    endloop
  endfacet
  facet normal 0.190841 -0.478974 0.856833
    outer loop
      vertex 0.0111369 0.0111369 0.00133819
      vertex 0.0104664 0.013127 0.0026
      vertex 0.0102552 0.0130428 0.0026
    endloop
  endfacet
  facet normal 0.137935 -0.4968 0.856833
    outer loop
      vertex 0.0106855 0.0131878 0.0026
      vertex 0.0104664 0.013127 0.0026
      vertex 0.0111369 0.0111369 0.00133819
    endloop
  endfacet
  facet normal 0.0834135 -0.508801 0.856833
    outer loop
      vertex 0.0109099 0.0132246 0.0026
      vertex 0.0106855 0.0131878 0.0026
      vertex 0.0111369 0.0111369 0.00133819
    endloop
  endfacet
  facet normal 0.333788 -0.392966 0.856833
    outer loop
      vertex 0.0111369 0.0111369 0.00133819
      vertex 0.00986607 0.0128087 0.0026
      vertex 0.00969276 0.0126615 0.0026
    endloop
  endfacet
  facet normal 0.289345 -0.42675 0.856833
    outer loop
      vertex 0.0100543 0.0129363 0.0026
      vertex 0.00986607 0.0128087 0.0026
      vertex 0.0111369 0.0111369 0.00133819
    endloop
  endfacet
  facet normal 0.241508 -0.455533 0.856833
    outer loop
      vertex 0.0102552 0.0130428 0.0026
      vertex 0.0100543 0.0129363 0.0026
      vertex 0.0111369 0.0111369 0.00133819
    endloop
  endfacet
  facet normal 0.44179 -0.265816 0.856833
    outer loop
      vertex 0.0111369 0.0111369 0.00133819
      vertex 0.00939878 0.0123154 0.0026
      vertex 0.00928156 0.0121206 0.0026
    endloop
  endfacet
  facet normal 0.41046 -0.312024 0.856833
    outer loop
      vertex 0.00953639 0.0124964 0.0026
      vertex 0.00939878 0.0123154 0.0026
      vertex 0.0111369 0.0111369 0.00133819
    endloop
  endfacet
  facet normal 0.374318 -0.354574 0.856833
    outer loop
      vertex 0.00969276 0.0126615 0.0026
      vertex 0.00953639 0.0124964 0.0026
      vertex 0.0111369 0.0111369 0.00133819
    endloop
  endfacet
  facet normal 0.503539 -0.110837 0.856833
    outer loop
      vertex 0.0111369 0.0111369 0.00133819
      vertex 0.00911348 0.0116987 0.0026
      vertex 0.0090646 0.0114767 0.0026
    endloop
  endfacet
  facet normal 0.488604 -0.164631 0.856833
    outer loop
      vertex 0.00918608 0.0119142 0.0026
      vertex 0.00911348 0.0116987 0.0026
      vertex 0.0111369 0.0111369 0.00133819
    endloop
  endfacet
  facet normal 0.467941 -0.216491 0.856833
    outer loop
      vertex 0.00928156 0.0121206 0.0026
      vertex 0.00918608 0.0119142 0.0026
      vertex 0.0111369 0.0111369 0.00133819
    endloop
  endfacet
  facet normal 0.512571 0.0557447 0.856833
    outer loop
      vertex 0.0111369 0.0111369 0.00133819
      vertex 0.00904001 0.0110232 0.0026
      vertex 0.0090646 0.0107972 0.0026
    endloop
  endfacet
  facet normal 0.515594 0 0.856833
    outer loop
      vertex 0.00904001 0.0112506 0.0026
      vertex 0.00904001 0.0110232 0.0026
      vertex 0.0111369 0.0111369 0.00133819
    endloop
  endfacet
  facet normal 0.512571 -0.0557447 0.856833
    outer loop
      vertex 0.0090646 0.0114767 0.0026
      vertex 0.00904001 0.0112506 0.0026
      vertex 0.0111369 0.0111369 0.00133819
    endloop
  endfacet
  facet normal 0.467941 0.216491 0.856833
    outer loop
      vertex 0.0111369 0.0111369 0.00133819
      vertex 0.00918608 0.0103596 0.0026
      vertex 0.00928156 0.0101533 0.0026
    endloop
  endfacet
  facet normal 0.488604 0.164631 0.856833
    outer loop
      vertex 0.00911348 0.0105751 0.0026
      vertex 0.00918608 0.0103596 0.0026
      vertex 0.0111369 0.0111369 0.00133819
    endloop
  endfacet
  facet normal 0.503539 0.110837 0.856833
    outer loop
      vertex 0.0090646 0.0107972 0.0026
      vertex 0.00911348 0.0105751 0.0026
      vertex 0.0111369 0.0111369 0.00133819
    endloop
  endfacet
  facet normal 0.374318 0.354575 0.856833
    outer loop
      vertex 0.0111369 0.0111369 0.00133819
      vertex 0.00953639 0.00977742 0.0026
      vertex 0.00969276 0.00961234 0.0026
    endloop
  endfacet
  facet normal 0.41046 0.312024 0.856833
    outer loop
      vertex 0.00939878 0.00995844 0.0026
      vertex 0.00953639 0.00977742 0.0026
      vertex 0.0111369 0.0111369 0.00133819
    endloop
  endfacet
  facet normal 0.44179 0.265816 0.856833
    outer loop
      vertex 0.00928156 0.0101533 0.0026
      vertex 0.00939878 0.00995844 0.0026
      vertex 0.0111369 0.0111369 0.00133819
    endloop
  endfacet
  facet normal 0.241508 0.455533 0.856833
    outer loop
      vertex 0.0111369 0.0111369 0.00133819
      vertex 0.0100543 0.00933753 0.0026
      vertex 0.0102552 0.00923102 0.0026
    endloop
  endfacet
  facet normal 0.289345 0.426751 0.856833
    outer loop
      vertex 0.00986607 0.00946514 0.0026
      vertex 0.0100543 0.00933753 0.0026
      vertex 0.0111369 0.0111369 0.00133819
    endloop
  endfacet
  facet normal 0.333788 0.392966 0.856833
    outer loop
      vertex 0.00969276 0.00961234 0.0026
      vertex 0.00986607 0.00946514 0.0026
      vertex 0.0111369 0.0111369 0.00133819
    endloop
  endfacet
  facet normal 0.0834135 0.508802 0.856833
    outer loop
      vertex 0.0111369 0.0111369 0.00133819
      vertex 0.0106855 0.00908603 0.0026
      vertex 0.0109099 0.00904924 0.0026
    endloop
  endfacet
  facet normal 0.137935 0.4968 0.856833
    outer loop
      vertex 0.0104664 0.00914686 0.0026
      vertex 0.0106855 0.00908603 0.0026
      vertex 0.0111369 0.0111369 0.00133819
    endloop
  endfacet
  facet normal 0.190841 0.478974 0.856833
    outer loop
      vertex 0.0102552 0.00923102 0.0026
      vertex 0.0104664 0.00914686 0.0026
      vertex 0.0111369 0.0111369 0.00133819
    endloop
  endfacet
  facet normal 0.0279135 0.514838 0.856833
    outer loop
      vertex 0.0109099 0.00904924 0.0026
      vertex 0.0111369 0.00903693 0.0026
      vertex 0.0111369 0.0111369 0.00133819
    endloop
  endfacet
  facet normal -0.137935 0.4968 0.856833
    outer loop
      vertex 0.0111369 -0.0111369 0.00133819
      vertex 0.0115884 -0.0131878 0.0026
      vertex 0.0118075 -0.013127 0.0026
    endloop
  endfacet
  facet normal -0.0834131 0.508801 0.856833
    outer loop
      vertex 0.011364 -0.0132246 0.0026
      vertex 0.0115884 -0.0131878 0.0026
      vertex 0.0111369 -0.0111369 0.00133819
    endloop
  endfacet
  facet normal -0.0279135 0.514837 0.856833
    outer loop
      vertex 0.0111369 -0.0132369 0.0026
      vertex 0.011364 -0.0132246 0.0026
      vertex 0.0111369 -0.0111369 0.00133819
    endloop
  endfacet
  facet normal -0.289345 0.42675 0.856833
    outer loop
      vertex 0.0111369 -0.0111369 0.00133819
      vertex 0.0122196 -0.0129363 0.0026
      vertex 0.0124078 -0.0128087 0.0026
    endloop
  endfacet
  facet normal -0.241508 0.455533 0.856833
    outer loop
      vertex 0.0120187 -0.0130428 0.0026
      vertex 0.0122196 -0.0129363 0.0026
      vertex 0.0111369 -0.0111369 0.00133819
    endloop
  endfacet
  facet normal -0.190841 0.478974 0.856833
    outer loop
      vertex 0.0118075 -0.013127 0.0026
      vertex 0.0120187 -0.0130428 0.0026
      vertex 0.0111369 -0.0111369 0.00133819
    endloop
  endfacet
  facet normal -0.410461 0.312023 0.856833
    outer loop
      vertex 0.0111369 -0.0111369 0.00133819
      vertex 0.0127375 -0.0124964 0.0026
      vertex 0.0128751 -0.0123154 0.0026
    endloop
  endfacet
  facet normal -0.374317 0.354574 0.856833
    outer loop
      vertex 0.0125811 -0.0126615 0.0026
      vertex 0.0127375 -0.0124964 0.0026
      vertex 0.0111369 -0.0111369 0.00133819
    endloop
  endfacet
  facet normal -0.333788 0.392966 0.856833
    outer loop
      vertex 0.0124078 -0.0128087 0.0026
      vertex 0.0125811 -0.0126615 0.0026
      vertex 0.0111369 -0.0111369 0.00133819
    endloop
  endfacet
  facet normal -0.488603 0.16463 0.856833
    outer loop
      vertex 0.0111369 -0.0111369 0.00133819
      vertex 0.0130878 -0.0119142 0.0026
      vertex 0.0131604 -0.0116987 0.0026
    endloop
  endfacet
  facet normal -0.46794 0.216491 0.856833
    outer loop
      vertex 0.0129923 -0.0121206 0.0026
      vertex 0.0130878 -0.0119142 0.0026
      vertex 0.0111369 -0.0111369 0.00133819
    endloop
  endfacet
  facet normal -0.441789 0.265817 0.856833
    outer loop
      vertex 0.0128751 -0.0123154 0.0026
      vertex 0.0129923 -0.0121206 0.0026
      vertex 0.0111369 -0.0111369 0.00133819
    endloop
  endfacet
  facet normal -0.515594 0 0.856833
    outer loop
      vertex 0.0111369 -0.0111369 0.00133819
      vertex 0.0132339 -0.0112506 0.0026
      vertex 0.0132339 -0.0110232 0.0026
    endloop
  endfacet
  facet normal -0.512571 0.0557446 0.856833
    outer loop
      vertex 0.0132093 -0.0114767 0.0026
      vertex 0.0132339 -0.0112506 0.0026
      vertex 0.0111369 -0.0111369 0.00133819
    endloop
  endfacet
  facet normal -0.503539 0.110837 0.856833
    outer loop
      vertex 0.0131604 -0.0116987 0.0026
      vertex 0.0132093 -0.0114767 0.0026
      vertex 0.0111369 -0.0111369 0.00133819
    endloop
  endfacet
  facet normal -0.488604 -0.16463 0.856833
    outer loop
      vertex 0.0111369 -0.0111369 0.00133819
      vertex 0.0131604 -0.0105751 0.0026
      vertex 0.0130878 -0.0103596 0.0026
    endloop
  endfacet
  facet normal -0.503539 -0.110837 0.856833
    outer loop
      vertex 0.0132093 -0.0107972 0.0026
      vertex 0.0131604 -0.0105751 0.0026
      vertex 0.0111369 -0.0111369 0.00133819
    endloop
  endfacet
  facet normal -0.512571 -0.0557446 0.856833
    outer loop
      vertex 0.0132339 -0.0110232 0.0026
      vertex 0.0132093 -0.0107972 0.0026
      vertex 0.0111369 -0.0111369 0.00133819
    endloop
  endfacet
  facet normal -0.410461 -0.312023 0.856833
    outer loop
      vertex 0.0111369 -0.0111369 0.00133819
      vertex 0.0128751 -0.00995844 0.0026
      vertex 0.0127375 -0.00977742 0.0026
    endloop
  endfacet
  facet normal -0.441789 -0.265817 0.856833
    outer loop
      vertex 0.0129923 -0.0101533 0.0026
      vertex 0.0128751 -0.00995844 0.0026
      vertex 0.0111369 -0.0111369 0.00133819
    endloop
  endfacet
  facet normal -0.46794 -0.216491 0.856833
    outer loop
      vertex 0.0130878 -0.0103596 0.0026
      vertex 0.0129923 -0.0101533 0.0026
      vertex 0.0111369 -0.0111369 0.00133819
    endloop
  endfacet
  facet normal -0.289345 -0.42675 0.856833
    outer loop
      vertex 0.0111369 -0.0111369 0.00133819
      vertex 0.0124078 -0.00946514 0.0026
      vertex 0.0122196 -0.00933753 0.0026
    endloop
  endfacet
  facet normal -0.333788 -0.392966 0.856833
    outer loop
      vertex 0.0125811 -0.00961234 0.0026
      vertex 0.0124078 -0.00946514 0.0026
      vertex 0.0111369 -0.0111369 0.00133819
    endloop
  endfacet
  facet normal -0.374318 -0.354574 0.856833
    outer loop
      vertex 0.0127375 -0.00977742 0.0026
      vertex 0.0125811 -0.00961234 0.0026
      vertex 0.0111369 -0.0111369 0.00133819
    endloop
  endfacet
  facet normal -0.137935 -0.4968 0.856833
    outer loop
      vertex 0.0111369 -0.0111369 0.00133819
      vertex 0.0118075 -0.00914686 0.0026
      vertex 0.0115884 -0.00908603 0.0026
    endloop
  endfacet
  facet normal -0.190841 -0.478974 0.856833
    outer loop
      vertex 0.0120187 -0.00923102 0.0026
      vertex 0.0118075 -0.00914686 0.0026
      vertex 0.0111369 -0.0111369 0.00133819
    endloop
  endfacet
  facet normal -0.241508 -0.455533 0.856833
    outer loop
      vertex 0.0122196 -0.00933753 0.0026
      vertex 0.0120187 -0.00923102 0.0026
      vertex 0.0111369 -0.0111369 0.00133819
    endloop
  endfacet
  facet normal 0.0279135 -0.514838 0.856833
    outer loop
      vertex 0.0111369 -0.0111369 0.00133819
      vertex 0.0111369 -0.00903693 0.0026
      vertex 0.0109099 -0.00904924 0.0026
    endloop
  endfacet
  facet normal -0.0279135 -0.514838 0.856833
    outer loop
      vertex 0.011364 -0.00904924 0.0026
      vertex 0.0111369 -0.00903693 0.0026
      vertex 0.0111369 -0.0111369 0.00133819
    endloop
  endfacet
  facet normal -0.0834132 -0.508802 0.856833
    outer loop
      vertex 0.0115884 -0.00908603 0.0026
      vertex 0.011364 -0.00904924 0.0026
      vertex 0.0111369 -0.0111369 0.00133819
    endloop
  endfacet
  facet normal 0.190841 -0.478974 0.856833
    outer loop
      vertex 0.0111369 -0.0111369 0.00133819
      vertex 0.0104664 -0.00914686 0.0026
      vertex 0.0102552 -0.00923102 0.0026
    endloop
  endfacet
  facet normal 0.137935 -0.4968 0.856833
    outer loop
      vertex 0.0106855 -0.00908603 0.0026
      vertex 0.0104664 -0.00914686 0.0026
      vertex 0.0111369 -0.0111369 0.00133819
    endloop
  endfacet
  facet normal 0.0834135 -0.508802 0.856833
    outer loop
      vertex 0.0109099 -0.00904924 0.0026
      vertex 0.0106855 -0.00908603 0.0026
      vertex 0.0111369 -0.0111369 0.00133819
    endloop
  endfacet
  facet normal 0.333788 -0.392966 0.856833
    outer loop
      vertex 0.0111369 -0.0111369 0.00133819
      vertex 0.00986607 -0.00946514 0.0026
      vertex 0.00969276 -0.00961234 0.0026
    endloop
  endfacet
  facet normal 0.289345 -0.426751 0.856833
    outer loop
      vertex 0.0100543 -0.00933753 0.0026
      vertex 0.00986607 -0.00946514 0.0026
      vertex 0.0111369 -0.0111369 0.00133819
    endloop
  endfacet
  facet normal 0.241508 -0.455533 0.856833
    outer loop
      vertex 0.0102552 -0.00923102 0.0026
      vertex 0.0100543 -0.00933753 0.0026
      vertex 0.0111369 -0.0111369 0.00133819
    endloop
  endfacet
  facet normal 0.44179 -0.265816 0.856833
    outer loop
      vertex 0.0111369 -0.0111369 0.00133819
      vertex 0.00939878 -0.00995844 0.0026
      vertex 0.00928156 -0.0101533 0.0026
    endloop
  endfacet
  facet normal 0.41046 -0.312024 0.856833
    outer loop
      vertex 0.00953639 -0.00977742 0.0026
      vertex 0.00939878 -0.00995844 0.0026
      vertex 0.0111369 -0.0111369 0.00133819
    endloop
  endfacet
  facet normal 0.374318 -0.354575 0.856833
    outer loop
      vertex 0.00969276 -0.00961234 0.0026
      vertex 0.00953639 -0.00977742 0.0026
      vertex 0.0111369 -0.0111369 0.00133819
    endloop
  endfacet
  facet normal 0.503539 -0.110837 0.856833
    outer loop
      vertex 0.0111369 -0.0111369 0.00133819
      vertex 0.00911348 -0.0105751 0.0026
      vertex 0.0090646 -0.0107972 0.0026
    endloop
  endfacet
  facet normal 0.488604 -0.164631 0.856833
    outer loop
      vertex 0.00918608 -0.0103596 0.0026
      vertex 0.00911348 -0.0105751 0.0026
      vertex 0.0111369 -0.0111369 0.00133819
    endloop
  endfacet
  facet normal 0.467941 -0.216491 0.856833
    outer loop
      vertex 0.00928156 -0.0101533 0.0026
      vertex 0.00918608 -0.0103596 0.0026
      vertex 0.0111369 -0.0111369 0.00133819
    endloop
  endfacet
  facet normal 0.512571 0.0557447 0.856833
    outer loop
      vertex 0.0111369 -0.0111369 0.00133819
      vertex 0.00904001 -0.0112506 0.0026
      vertex 0.0090646 -0.0114767 0.0026
    endloop
  endfacet
  facet normal 0.515594 0 0.856833
    outer loop
      vertex 0.00904001 -0.0110232 0.0026
      vertex 0.00904001 -0.0112506 0.0026
      vertex 0.0111369 -0.0111369 0.00133819
    endloop
  endfacet
  facet normal 0.512571 -0.0557447 0.856833
    outer loop
      vertex 0.0090646 -0.0107972 0.0026
      vertex 0.00904001 -0.0110232 0.0026
      vertex 0.0111369 -0.0111369 0.00133819
    endloop
  endfacet
  facet normal 0.467941 0.216491 0.856833
    outer loop
      vertex 0.0111369 -0.0111369 0.00133819
      vertex 0.00918608 -0.0119142 0.0026
      vertex 0.00928156 -0.0121206 0.0026
    endloop
  endfacet
  facet normal 0.488604 0.164631 0.856833
    outer loop
      vertex 0.00911348 -0.0116987 0.0026
      vertex 0.00918608 -0.0119142 0.0026
      vertex 0.0111369 -0.0111369 0.00133819
    endloop
  endfacet
  facet normal 0.503539 0.110837 0.856833
    outer loop
      vertex 0.0090646 -0.0114767 0.0026
      vertex 0.00911348 -0.0116987 0.0026
      vertex 0.0111369 -0.0111369 0.00133819
    endloop
  endfacet
  facet normal 0.374318 0.354574 0.856833
    outer loop
      vertex 0.0111369 -0.0111369 0.00133819
      vertex 0.00953639 -0.0124964 0.0026
      vertex 0.00969276 -0.0126615 0.0026
    endloop
  endfacet
  facet normal 0.41046 0.312024 0.856833
    outer loop
      vertex 0.00939878 -0.0123154 0.0026
      vertex 0.00953639 -0.0124964 0.0026
      vertex 0.0111369 -0.0111369 0.00133819
    endloop
  endfacet
  facet normal 0.44179 0.265816 0.856833
    outer loop
      vertex 0.00928156 -0.0121206 0.0026
      vertex 0.00939878 -0.0123154 0.0026
      vertex 0.0111369 -0.0111369 0.00133819
    endloop
  endfacet
  facet normal 0.241508 0.455533 0.856833
    outer loop
      vertex 0.0111369 -0.0111369 0.00133819
      vertex 0.0100543 -0.0129363 0.0026
      vertex 0.0102552 -0.0130428 0.0026
    endloop
  endfacet
  facet normal 0.289345 0.42675 0.856833
    outer loop
      vertex 0.00986607 -0.0128087 0.0026
      vertex 0.0100543 -0.0129363 0.0026
      vertex 0.0111369 -0.0111369 0.00133819
    endloop
  endfacet
  facet normal 0.333788 0.392966 0.856833
    outer loop
      vertex 0.00969276 -0.0126615 0.0026
      vertex 0.00986607 -0.0128087 0.0026
      vertex 0.0111369 -0.0111369 0.00133819
    endloop
  endfacet
  facet normal 0.0834135 0.508801 0.856833
    outer loop
      vertex 0.0111369 -0.0111369 0.00133819
      vertex 0.0106855 -0.0131878 0.0026
      vertex 0.0109099 -0.0132246 0.0026
    endloop
  endfacet
  facet normal 0.137935 0.4968 0.856833
    outer loop
      vertex 0.0104664 -0.013127 0.0026
      vertex 0.0106855 -0.0131878 0.0026
      vertex 0.0111369 -0.0111369 0.00133819
    endloop
  endfacet
  facet normal 0.190841 0.478974 0.856833
    outer loop
      vertex 0.0102552 -0.0130428 0.0026
      vertex 0.0104664 -0.013127 0.0026
      vertex 0.0111369 -0.0111369 0.00133819
    endloop
  endfacet
  facet normal 0.0279135 0.514837 0.856833
    outer loop
      vertex 0.0109099 -0.0132246 0.0026
      vertex 0.0111369 -0.0132369 0.0026
      vertex 0.0111369 -0.0111369 0.00133819
    endloop
  endfacet
  facet normal 0.703477 0.0765079 0.706588
    outer loop
      vertex -0.00998533 -0.000541389 0.0126
      vertex -0.0103847 -0.000563045 0.013
      vertex -0.00986827 -0.00161782 0.0126
    endloop
  endfacet
  facet normal 0.703477 0.0765079 0.706588
    outer loop
      vertex -0.0103847 -0.000563045 0.013
      vertex -0.010263 -0.00168253 0.013
      vertex -0.00986827 -0.00161782 0.0126
    endloop
  endfacet
  facet normal 0.691082 0.152119 0.706588
    outer loop
      vertex -0.00986827 -0.00161782 0.0126
      vertex -0.010263 -0.00168253 0.013
      vertex -0.0096355 -0.00267528 0.0126
    endloop
  endfacet
  facet normal 0.691081 0.152119 0.706588
    outer loop
      vertex -0.010263 -0.00168253 0.013
      vertex -0.0100209 -0.00278229 0.013
      vertex -0.0096355 -0.00267528 0.0126
    endloop
  endfacet
  facet normal 0.670584 0.225945 0.706588
    outer loop
      vertex -0.0096355 -0.00267528 0.0126
      vertex -0.0100209 -0.00278229 0.013
      vertex -0.00928977 -0.00370138 0.0126
    endloop
  endfacet
  facet normal 0.670584 0.225946 0.706587
    outer loop
      vertex -0.0100209 -0.00278229 0.013
      vertex -0.00966136 -0.00384944 0.013
      vertex -0.00928977 -0.00370138 0.0126
    endloop
  endfacet
  facet normal 0.642224 0.297125 0.706587
    outer loop
      vertex -0.00928977 -0.00370138 0.0126
      vertex -0.00966136 -0.00384944 0.013
      vertex -0.00883512 -0.00468408 0.0126
    endloop
  endfacet
  facet normal 0.642224 0.297124 0.706588
    outer loop
      vertex -0.00966136 -0.00384944 0.013
      vertex -0.00918853 -0.00487145 0.013
      vertex -0.00883512 -0.00468408 0.0126
    endloop
  endfacet
  facet normal 0.606334 0.364819 0.706588
    outer loop
      vertex -0.00883512 -0.00468408 0.0126
      vertex -0.00918853 -0.00487145 0.013
      vertex -0.00827689 -0.00561187 0.0126
    endloop
  endfacet
  facet normal 0.606334 0.364819 0.706588
    outer loop
      vertex -0.00918853 -0.00487145 0.013
      vertex -0.00860797 -0.00583635 0.013
      vertex -0.00827689 -0.00561187 0.0126
    endloop
  endfacet
  facet normal 0.563336 0.428237 0.706588
    outer loop
      vertex -0.00827689 -0.00561187 0.0126
      vertex -0.00860797 -0.00583635 0.013
      vertex -0.00762162 -0.00647386 0.0126
    endloop
  endfacet
  facet normal 0.563336 0.428237 0.706587
    outer loop
      vertex -0.00860797 -0.00583635 0.013
      vertex -0.00792649 -0.00673282 0.013
      vertex -0.00762162 -0.00647386 0.0126
    endloop
  endfacet
  facet normal 0.513733 0.486634 0.706587
    outer loop
      vertex -0.00762162 -0.00647386 0.0126
      vertex -0.00792649 -0.00673282 0.013
      vertex -0.00687699 -0.00725995 0.0126
    endloop
  endfacet
  facet normal 0.513733 0.486634 0.706588
    outer loop
      vertex -0.00792649 -0.00673282 0.013
      vertex -0.00715207 -0.00755035 0.013
      vertex -0.00687699 -0.00725995 0.0126
    endloop
  endfacet
  facet normal 0.458107 0.539325 0.706588
    outer loop
      vertex -0.00687699 -0.00725995 0.0126
      vertex -0.00715207 -0.00755035 0.013
      vertex -0.00605174 -0.00796093 0.0126
    endloop
  endfacet
  facet normal 0.458107 0.539325 0.706588
    outer loop
      vertex -0.00715207 -0.00755035 0.013
      vertex -0.00629381 -0.00827937 0.013
      vertex -0.00605174 -0.00796093 0.0126
    endloop
  endfacet
  facet normal 0.39711 0.585693 0.706588
    outer loop
      vertex -0.00605174 -0.00796093 0.0126
      vertex -0.00629381 -0.00827937 0.013
      vertex -0.00515554 -0.00856857 0.0126
    endloop
  endfacet
  facet normal 0.39711 0.585694 0.706587
    outer loop
      vertex -0.00629381 -0.00827937 0.013
      vertex -0.00536176 -0.00891131 0.013
      vertex -0.00515554 -0.00856857 0.0126
    endloop
  endfacet
  facet normal 0.331458 0.625196 0.706587
    outer loop
      vertex -0.00515554 -0.00856857 0.0126
      vertex -0.00536176 -0.00891131 0.013
      vertex -0.00419889 -0.00907575 0.0126
    endloop
  endfacet
  facet normal 0.331458 0.625195 0.706588
    outer loop
      vertex -0.00536176 -0.00891131 0.013
      vertex -0.00436685 -0.00943878 0.013
      vertex -0.00419889 -0.00907575 0.0126
    endloop
  endfacet
  facet normal 0.261919 0.657368 0.706588
    outer loop
      vertex -0.00419889 -0.00907575 0.0126
      vertex -0.00436685 -0.00943878 0.013
      vertex -0.00319302 -0.00947653 0.0126
    endloop
  endfacet
  facet normal 0.261919 0.657368 0.706588
    outer loop
      vertex -0.00436685 -0.00943878 0.013
      vertex -0.00332074 -0.00985559 0.013
      vertex -0.00319302 -0.00947653 0.0126
    endloop
  endfacet
  facet normal 0.18931 0.681833 0.706588
    outer loop
      vertex -0.00319302 -0.00947653 0.0126
      vertex -0.00332074 -0.00985559 0.013
      vertex -0.0021497 -0.00976621 0.0126
    endloop
  endfacet
  facet normal 0.18931 0.681832 0.706588
    outer loop
      vertex -0.00332074 -0.00985559 0.013
      vertex -0.00223569 -0.0101569 0.013
      vertex -0.0021497 -0.00976621 0.0126
    endloop
  endfacet
  facet normal 0.114481 0.698303 0.706588
    outer loop
      vertex -0.0021497 -0.00976621 0.0126
      vertex -0.00223569 -0.0101569 0.013
      vertex -0.00108119 -0.00994138 0.0126
    endloop
  endfacet
  facet normal 0.114481 0.698304 0.706587
    outer loop
      vertex -0.00223569 -0.0101569 0.013
      vertex -0.00112444 -0.010339 0.013
      vertex -0.00108119 -0.00994138 0.0126
    endloop
  endfacet
  facet normal 0.03831 0.706588 0.706587
    outer loop
      vertex -0.00108119 -0.00994138 0.0126
      vertex -0.00112444 -0.010339 0.013
      vertex -3.33601e-20 -0.01 0.0126
    endloop
  endfacet
  facet normal 0.0383101 0.706588 0.706588
    outer loop
      vertex -0.00112444 -0.010339 0.013
      vertex -2.30926e-18 -0.0104 0.013
      vertex -3.33601e-20 -0.01 0.0126
    endloop
  endfacet
  facet normal -0.0383099 0.706588 0.706588
    outer loop
      vertex -3.33601e-20 -0.01 0.0126
      vertex -2.30926e-18 -0.0104 0.013
      vertex 0.00108119 -0.00994138 0.0126
    endloop
  endfacet
  facet normal -0.0383101 0.706588 0.706587
    outer loop
      vertex -2.30926e-18 -0.0104 0.013
      vertex 0.00112444 -0.010339 0.013
      vertex 0.00108119 -0.00994138 0.0126
    endloop
  endfacet
  facet normal -0.114481 0.698304 0.706587
    outer loop
      vertex 0.00108119 -0.00994138 0.0126
      vertex 0.00112444 -0.010339 0.013
      vertex 0.0021497 -0.00976621 0.0126
    endloop
  endfacet
  facet normal -0.114481 0.698303 0.706588
    outer loop
      vertex 0.00112444 -0.010339 0.013
      vertex 0.00223569 -0.0101569 0.013
      vertex 0.0021497 -0.00976621 0.0126
    endloop
  endfacet
  facet normal -0.18931 0.681832 0.706588
    outer loop
      vertex 0.0021497 -0.00976621 0.0126
      vertex 0.00223569 -0.0101569 0.013
      vertex 0.00319302 -0.00947653 0.0126
    endloop
  endfacet
  facet normal -0.18931 0.681833 0.706588
    outer loop
      vertex 0.00223569 -0.0101569 0.013
      vertex 0.00332074 -0.00985559 0.013
      vertex 0.00319302 -0.00947653 0.0126
    endloop
  endfacet
  facet normal -0.261919 0.657368 0.706588
    outer loop
      vertex 0.00319302 -0.00947653 0.0126
      vertex 0.00332074 -0.00985559 0.013
      vertex 0.00419889 -0.00907575 0.0126
    endloop
  endfacet
  facet normal -0.261919 0.657368 0.706588
    outer loop
      vertex 0.00332074 -0.00985559 0.013
      vertex 0.00436685 -0.00943878 0.013
      vertex 0.00419889 -0.00907575 0.0126
    endloop
  endfacet
  facet normal -0.331458 0.625196 0.706588
    outer loop
      vertex 0.00419889 -0.00907575 0.0126
      vertex 0.00436685 -0.00943878 0.013
      vertex 0.00515554 -0.00856857 0.0126
    endloop
  endfacet
  facet normal -0.331458 0.625196 0.706587
    outer loop
      vertex 0.00436685 -0.00943878 0.013
      vertex 0.00536176 -0.00891131 0.013
      vertex 0.00515554 -0.00856857 0.0126
    endloop
  endfacet
  facet normal -0.397111 0.585694 0.706587
    outer loop
      vertex 0.00515554 -0.00856857 0.0126
      vertex 0.00536176 -0.00891131 0.013
      vertex 0.00605174 -0.00796093 0.0126
    endloop
  endfacet
  facet normal -0.39711 0.585694 0.706588
    outer loop
      vertex 0.00536176 -0.00891131 0.013
      vertex 0.00629381 -0.00827937 0.013
      vertex 0.00605174 -0.00796093 0.0126
    endloop
  endfacet
  facet normal -0.458107 0.539325 0.706588
    outer loop
      vertex 0.00605174 -0.00796093 0.0126
      vertex 0.00629381 -0.00827937 0.013
      vertex 0.00687699 -0.00725995 0.0126
    endloop
  endfacet
  facet normal -0.458107 0.539325 0.706588
    outer loop
      vertex 0.00629381 -0.00827937 0.013
      vertex 0.00715207 -0.00755035 0.013
      vertex 0.00687699 -0.00725995 0.0126
    endloop
  endfacet
  facet normal -0.513733 0.486634 0.706588
    outer loop
      vertex 0.00687699 -0.00725995 0.0126
      vertex 0.00715207 -0.00755035 0.013
      vertex 0.00762162 -0.00647386 0.0126
    endloop
  endfacet
  facet normal -0.513733 0.486634 0.706587
    outer loop
      vertex 0.00715207 -0.00755035 0.013
      vertex 0.00792649 -0.00673282 0.013
      vertex 0.00762162 -0.00647386 0.0126
    endloop
  endfacet
  facet normal -0.563336 0.428237 0.706587
    outer loop
      vertex 0.00762162 -0.00647386 0.0126
      vertex 0.00792649 -0.00673282 0.013
      vertex 0.00827689 -0.00561187 0.0126
    endloop
  endfacet
  facet normal -0.563336 0.428237 0.706588
    outer loop
      vertex 0.00792649 -0.00673282 0.013
      vertex 0.00860797 -0.00583635 0.013
      vertex 0.00827689 -0.00561187 0.0126
    endloop
  endfacet
  facet normal -0.606334 0.364819 0.706588
    outer loop
      vertex 0.00827689 -0.00561187 0.0126
      vertex 0.00860797 -0.00583635 0.013
      vertex 0.00883512 -0.00468408 0.0126
    endloop
  endfacet
  facet normal -0.606334 0.364819 0.706588
    outer loop
      vertex 0.00860797 -0.00583635 0.013
      vertex 0.00918853 -0.00487145 0.013
      vertex 0.00883512 -0.00468408 0.0126
    endloop
  endfacet
  facet normal -0.642223 0.297125 0.706588
    outer loop
      vertex 0.00883512 -0.00468408 0.0126
      vertex 0.00918853 -0.00487145 0.013
      vertex 0.00928977 -0.00370138 0.0126
    endloop
  endfacet
  facet normal -0.642224 0.297124 0.706587
    outer loop
      vertex 0.00918853 -0.00487145 0.013
      vertex 0.00966136 -0.00384944 0.013
      vertex 0.00928977 -0.00370138 0.0126
    endloop
  endfacet
  facet normal -0.670584 0.225946 0.706587
    outer loop
      vertex 0.00928977 -0.00370138 0.0126
      vertex 0.00966136 -0.00384944 0.013
      vertex 0.0096355 -0.00267528 0.0126
    endloop
  endfacet
  facet normal -0.670583 0.225946 0.706588
    outer loop
      vertex 0.00966136 -0.00384944 0.013
      vertex 0.0100209 -0.00278229 0.013
      vertex 0.0096355 -0.00267528 0.0126
    endloop
  endfacet
  facet normal -0.691081 0.152119 0.706588
    outer loop
      vertex 0.0096355 -0.00267528 0.0126
      vertex 0.0100209 -0.00278229 0.013
      vertex 0.00986827 -0.00161782 0.0126
    endloop
  endfacet
  facet normal -0.691082 0.152119 0.706588
    outer loop
      vertex 0.0100209 -0.00278229 0.013
      vertex 0.010263 -0.00168253 0.013
      vertex 0.00986827 -0.00161782 0.0126
    endloop
  endfacet
  facet normal -0.703477 0.0765079 0.706588
    outer loop
      vertex 0.00986827 -0.00161782 0.0126
      vertex 0.010263 -0.00168253 0.013
      vertex 0.00998533 -0.000541389 0.0126
    endloop
  endfacet
  facet normal -0.703477 0.0765079 0.706588
    outer loop
      vertex 0.010263 -0.00168253 0.013
      vertex 0.0103847 -0.000563045 0.013
      vertex 0.00998533 -0.000541389 0.0126
    endloop
  endfacet
  facet normal -0.707626 0 0.706588
    outer loop
      vertex 0.00998533 -0.000541389 0.0126
      vertex 0.0103847 -0.000563045 0.013
      vertex 0.00998533 0.000541389 0.0126
    endloop
  endfacet
  facet normal -0.707626 0 0.706588
    outer loop
      vertex 0.0103847 -0.000563045 0.013
      vertex 0.0103847 0.000563045 0.013
      vertex 0.00998533 0.000541389 0.0126
    endloop
  endfacet
  facet normal -0.703477 -0.0765079 0.706588
    outer loop
      vertex 0.00998533 0.000541389 0.0126
      vertex 0.0103847 0.000563045 0.013
      vertex 0.00986827 0.00161782 0.0126
    endloop
  endfacet
  facet normal -0.703477 -0.0765079 0.706588
    outer loop
      vertex 0.0103847 0.000563045 0.013
      vertex 0.010263 0.00168253 0.013
      vertex 0.00986827 0.00161782 0.0126
    endloop
  endfacet
  facet normal -0.691082 -0.152119 0.706588
    outer loop
      vertex 0.00986827 0.00161782 0.0126
      vertex 0.010263 0.00168253 0.013
      vertex 0.0096355 0.00267528 0.0126
    endloop
  endfacet
  facet normal -0.691081 -0.152119 0.706588
    outer loop
      vertex 0.010263 0.00168253 0.013
      vertex 0.0100209 0.00278229 0.013
      vertex 0.0096355 0.00267528 0.0126
    endloop
  endfacet
  facet normal -0.670584 -0.225945 0.706588
    outer loop
      vertex 0.0096355 0.00267528 0.0126
      vertex 0.0100209 0.00278229 0.013
      vertex 0.00928977 0.00370138 0.0126
    endloop
  endfacet
  facet normal -0.670584 -0.225946 0.706587
    outer loop
      vertex 0.0100209 0.00278229 0.013
      vertex 0.00966136 0.00384944 0.013
      vertex 0.00928977 0.00370138 0.0126
    endloop
  endfacet
  facet normal -0.642224 -0.297125 0.706587
    outer loop
      vertex 0.00928977 0.00370138 0.0126
      vertex 0.00966136 0.00384944 0.013
      vertex 0.00883512 0.00468408 0.0126
    endloop
  endfacet
  facet normal -0.642224 -0.297124 0.706588
    outer loop
      vertex 0.00966136 0.00384944 0.013
      vertex 0.00918853 0.00487145 0.013
      vertex 0.00883512 0.00468408 0.0126
    endloop
  endfacet
  facet normal -0.606334 -0.364819 0.706588
    outer loop
      vertex 0.00883512 0.00468408 0.0126
      vertex 0.00918853 0.00487145 0.013
      vertex 0.00827689 0.00561187 0.0126
    endloop
  endfacet
  facet normal -0.606334 -0.364819 0.706588
    outer loop
      vertex 0.00918853 0.00487145 0.013
      vertex 0.00860797 0.00583635 0.013
      vertex 0.00827689 0.00561187 0.0126
    endloop
  endfacet
  facet normal -0.563336 -0.428237 0.706588
    outer loop
      vertex 0.00827689 0.00561187 0.0126
      vertex 0.00860797 0.00583635 0.013
      vertex 0.00762162 0.00647386 0.0126
    endloop
  endfacet
  facet normal -0.563336 -0.428237 0.706587
    outer loop
      vertex 0.00860797 0.00583635 0.013
      vertex 0.00792649 0.00673282 0.013
      vertex 0.00762162 0.00647386 0.0126
    endloop
  endfacet
  facet normal -0.513733 -0.486634 0.706587
    outer loop
      vertex 0.00762162 0.00647386 0.0126
      vertex 0.00792649 0.00673282 0.013
      vertex 0.00687699 0.00725995 0.0126
    endloop
  endfacet
  facet normal -0.513733 -0.486634 0.706588
    outer loop
      vertex 0.00792649 0.00673282 0.013
      vertex 0.00715207 0.00755035 0.013
      vertex 0.00687699 0.00725995 0.0126
    endloop
  endfacet
  facet normal -0.458107 -0.539325 0.706588
    outer loop
      vertex 0.00687699 0.00725995 0.0126
      vertex 0.00715207 0.00755035 0.013
      vertex 0.00605174 0.00796093 0.0126
    endloop
  endfacet
  facet normal -0.458107 -0.539325 0.706588
    outer loop
      vertex 0.00715207 0.00755035 0.013
      vertex 0.00629381 0.00827937 0.013
      vertex 0.00605174 0.00796093 0.0126
    endloop
  endfacet
  facet normal -0.39711 -0.585693 0.706588
    outer loop
      vertex 0.00605174 0.00796093 0.0126
      vertex 0.00629381 0.00827937 0.013
      vertex 0.00515554 0.00856857 0.0126
    endloop
  endfacet
  facet normal -0.39711 -0.585694 0.706587
    outer loop
      vertex 0.00629381 0.00827937 0.013
      vertex 0.00536176 0.00891131 0.013
      vertex 0.00515554 0.00856857 0.0126
    endloop
  endfacet
  facet normal -0.331458 -0.625196 0.706587
    outer loop
      vertex 0.00515554 0.00856857 0.0126
      vertex 0.00536176 0.00891131 0.013
      vertex 0.00419889 0.00907575 0.0126
    endloop
  endfacet
  facet normal -0.331458 -0.625195 0.706588
    outer loop
      vertex 0.00536176 0.00891131 0.013
      vertex 0.00436685 0.00943878 0.013
      vertex 0.00419889 0.00907575 0.0126
    endloop
  endfacet
  facet normal -0.261919 -0.657368 0.706588
    outer loop
      vertex 0.00419889 0.00907575 0.0126
      vertex 0.00436685 0.00943878 0.013
      vertex 0.00319302 0.00947653 0.0126
    endloop
  endfacet
  facet normal -0.261919 -0.657368 0.706588
    outer loop
      vertex 0.00436685 0.00943878 0.013
      vertex 0.00332074 0.00985559 0.013
      vertex 0.00319302 0.00947653 0.0126
    endloop
  endfacet
  facet normal -0.18931 -0.681833 0.706588
    outer loop
      vertex 0.00319302 0.00947653 0.0126
      vertex 0.00332074 0.00985559 0.013
      vertex 0.0021497 0.00976621 0.0126
    endloop
  endfacet
  facet normal -0.18931 -0.681832 0.706588
    outer loop
      vertex 0.00332074 0.00985559 0.013
      vertex 0.00223569 0.0101569 0.013
      vertex 0.0021497 0.00976621 0.0126
    endloop
  endfacet
  facet normal -0.114481 -0.698303 0.706588
    outer loop
      vertex 0.0021497 0.00976621 0.0126
      vertex 0.00223569 0.0101569 0.013
      vertex 0.00108119 0.00994138 0.0126
    endloop
  endfacet
  facet normal -0.114481 -0.698304 0.706587
    outer loop
      vertex 0.00223569 0.0101569 0.013
      vertex 0.00112444 0.010339 0.013
      vertex 0.00108119 0.00994138 0.0126
    endloop
  endfacet
  facet normal -0.03831 -0.706588 0.706587
    outer loop
      vertex 0.00108119 0.00994138 0.0126
      vertex 0.00112444 0.010339 0.013
      vertex 1.19129e-18 0.01 0.0126
    endloop
  endfacet
  facet normal -0.0383101 -0.706588 0.706588
    outer loop
      vertex 0.00112444 0.010339 0.013
      vertex 1.27363e-18 0.0104 0.013
      vertex 1.19129e-18 0.01 0.0126
    endloop
  endfacet
  facet normal 0.0383099 -0.706588 0.706588
    outer loop
      vertex 1.19129e-18 0.01 0.0126
      vertex 1.27363e-18 0.0104 0.013
      vertex -0.00108119 0.00994138 0.0126
    endloop
  endfacet
  facet normal 0.0383101 -0.706588 0.706587
    outer loop
      vertex 1.27363e-18 0.0104 0.013
      vertex -0.00112444 0.010339 0.013
      vertex -0.00108119 0.00994138 0.0126
    endloop
  endfacet
  facet normal 0.114481 -0.698304 0.706587
    outer loop
      vertex -0.00108119 0.00994138 0.0126
      vertex -0.00112444 0.010339 0.013
      vertex -0.0021497 0.00976621 0.0126
    endloop
  endfacet
  facet normal 0.114481 -0.698303 0.706588
    outer loop
      vertex -0.00112444 0.010339 0.013
      vertex -0.00223569 0.0101569 0.013
      vertex -0.0021497 0.00976621 0.0126
    endloop
  endfacet
  facet normal 0.18931 -0.681832 0.706588
    outer loop
      vertex -0.0021497 0.00976621 0.0126
      vertex -0.00223569 0.0101569 0.013
      vertex -0.00319302 0.00947653 0.0126
    endloop
  endfacet
  facet normal 0.18931 -0.681833 0.706588
    outer loop
      vertex -0.00223569 0.0101569 0.013
      vertex -0.00332074 0.00985559 0.013
      vertex -0.00319302 0.00947653 0.0126
    endloop
  endfacet
  facet normal 0.261919 -0.657368 0.706588
    outer loop
      vertex -0.00319302 0.00947653 0.0126
      vertex -0.00332074 0.00985559 0.013
      vertex -0.00419889 0.00907575 0.0126
    endloop
  endfacet
  facet normal 0.261919 -0.657368 0.706588
    outer loop
      vertex -0.00332074 0.00985559 0.013
      vertex -0.00436685 0.00943878 0.013
      vertex -0.00419889 0.00907575 0.0126
    endloop
  endfacet
  facet normal 0.331458 -0.625196 0.706588
    outer loop
      vertex -0.00419889 0.00907575 0.0126
      vertex -0.00436685 0.00943878 0.013
      vertex -0.00515554 0.00856857 0.0126
    endloop
  endfacet
  facet normal 0.331458 -0.625196 0.706587
    outer loop
      vertex -0.00436685 0.00943878 0.013
      vertex -0.00536176 0.00891131 0.013
      vertex -0.00515554 0.00856857 0.0126
    endloop
  endfacet
  facet normal 0.397111 -0.585694 0.706587
    outer loop
      vertex -0.00515554 0.00856857 0.0126
      vertex -0.00536176 0.00891131 0.013
      vertex -0.00605174 0.00796093 0.0126
    endloop
  endfacet
  facet normal 0.39711 -0.585694 0.706588
    outer loop
      vertex -0.00536176 0.00891131 0.013
      vertex -0.00629381 0.00827937 0.013
      vertex -0.00605174 0.00796093 0.0126
    endloop
  endfacet
  facet normal 0.458107 -0.539325 0.706588
    outer loop
      vertex -0.00605174 0.00796093 0.0126
      vertex -0.00629381 0.00827937 0.013
      vertex -0.00687699 0.00725995 0.0126
    endloop
  endfacet
  facet normal 0.458107 -0.539325 0.706588
    outer loop
      vertex -0.00629381 0.00827937 0.013
      vertex -0.00715207 0.00755035 0.013
      vertex -0.00687699 0.00725995 0.0126
    endloop
  endfacet
  facet normal 0.513733 -0.486634 0.706588
    outer loop
      vertex -0.00687699 0.00725995 0.0126
      vertex -0.00715207 0.00755035 0.013
      vertex -0.00762162 0.00647386 0.0126
    endloop
  endfacet
  facet normal 0.513733 -0.486634 0.706587
    outer loop
      vertex -0.00715207 0.00755035 0.013
      vertex -0.00792649 0.00673282 0.013
      vertex -0.00762162 0.00647386 0.0126
    endloop
  endfacet
  facet normal 0.563336 -0.428237 0.706587
    outer loop
      vertex -0.00762162 0.00647386 0.0126
      vertex -0.00792649 0.00673282 0.013
      vertex -0.00827689 0.00561187 0.0126
    endloop
  endfacet
  facet normal 0.563336 -0.428237 0.706588
    outer loop
      vertex -0.00792649 0.00673282 0.013
      vertex -0.00860797 0.00583635 0.013
      vertex -0.00827689 0.00561187 0.0126
    endloop
  endfacet
  facet normal 0.606334 -0.364819 0.706588
    outer loop
      vertex -0.00827689 0.00561187 0.0126
      vertex -0.00860797 0.00583635 0.013
      vertex -0.00883512 0.00468408 0.0126
    endloop
  endfacet
  facet normal 0.606334 -0.364819 0.706588
    outer loop
      vertex -0.00860797 0.00583635 0.013
      vertex -0.00918853 0.00487145 0.013
      vertex -0.00883512 0.00468408 0.0126
    endloop
  endfacet
  facet normal 0.642223 -0.297125 0.706588
    outer loop
      vertex -0.00883512 0.00468408 0.0126
      vertex -0.00918853 0.00487145 0.013
      vertex -0.00928977 0.00370138 0.0126
    endloop
  endfacet
  facet normal 0.642224 -0.297124 0.706587
    outer loop
      vertex -0.00918853 0.00487145 0.013
      vertex -0.00966136 0.00384944 0.013
      vertex -0.00928977 0.00370138 0.0126
    endloop
  endfacet
  facet normal 0.670584 -0.225946 0.706587
    outer loop
      vertex -0.00928977 0.00370138 0.0126
      vertex -0.00966136 0.00384944 0.013
      vertex -0.0096355 0.00267528 0.0126
    endloop
  endfacet
  facet normal 0.670583 -0.225946 0.706588
    outer loop
      vertex -0.00966136 0.00384944 0.013
      vertex -0.0100209 0.00278229 0.013
      vertex -0.0096355 0.00267528 0.0126
    endloop
  endfacet
  facet normal 0.691081 -0.152119 0.706588
    outer loop
      vertex -0.0096355 0.00267528 0.0126
      vertex -0.0100209 0.00278229 0.013
      vertex -0.00986827 0.00161782 0.0126
    endloop
  endfacet
  facet normal 0.691082 -0.152119 0.706588
    outer loop
      vertex -0.0100209 0.00278229 0.013
      vertex -0.010263 0.00168253 0.013
      vertex -0.00986827 0.00161782 0.0126
    endloop
  endfacet
  facet normal 0.703477 -0.0765079 0.706588
    outer loop
      vertex -0.00986827 0.00161782 0.0126
      vertex -0.010263 0.00168253 0.013
      vertex -0.00998533 0.000541389 0.0126
    endloop
  endfacet
  facet normal 0.703477 -0.0765079 0.706588
    outer loop
      vertex -0.010263 0.00168253 0.013
      vertex -0.0103847 0.000563045 0.013
      vertex -0.00998533 0.000541389 0.0126
    endloop
  endfacet
  facet normal 0.706977 -0.0191511 0.706977
    outer loop
      vertex -0.00998533 0.000541389 0.0126
      vertex -0.0103847 0.000563045 0.013
      vertex -0.01 1.83697e-18 0.0126
    endloop
  endfacet
  facet normal 0.706977 -0.0191512 0.706977
    outer loop
      vertex -0.0103847 0.000563045 0.013
      vertex -0.0104 1.91045e-18 0.013
      vertex -0.01 1.83697e-18 0.0126
    endloop
  endfacet
  facet normal 0.706977 0.0191511 0.706977
    outer loop
      vertex -0.01 1.83697e-18 0.0126
      vertex -0.0104 1.91045e-18 0.013
      vertex -0.00998533 -0.000541389 0.0126
    endloop
  endfacet
  facet normal 0.706977 0.0191512 0.706977
    outer loop
      vertex -0.0104 1.91045e-18 0.013
      vertex -0.0103847 -0.000563045 0.013
      vertex -0.00998533 -0.000541389 0.0126
    endloop
  endfacet
  facet normal -0.0541387 0.998533 0
    outer loop
      vertex -0.01575 -0.0025 0.006
      vertex -0.01575 -0.0025 0.013
      vertex -0.0154797 -0.00248534 0.006
    endloop
  endfacet
  facet normal -0.0541387 0.998533 0
    outer loop
      vertex -0.01575 -0.0025 0.013
      vertex -0.0154797 -0.00248534 0.013
      vertex -0.0154797 -0.00248534 0.006
    endloop
  endfacet
  facet normal -0.161782 0.986826 0
    outer loop
      vertex -0.0154797 -0.00248534 0.006
      vertex -0.0154797 -0.00248534 0.013
      vertex -0.0152126 -0.00244155 0.006
    endloop
  endfacet
  facet normal -0.161782 0.986826 0
    outer loop
      vertex -0.0154797 -0.00248534 0.013
      vertex -0.0152126 -0.00244155 0.013
      vertex -0.0152126 -0.00244155 0.006
    endloop
  endfacet
  facet normal -0.267528 0.96355 0
    outer loop
      vertex -0.0152126 -0.00244155 0.006
      vertex -0.0152126 -0.00244155 0.013
      vertex -0.0149517 -0.00236913 0.006
    endloop
  endfacet
  facet normal -0.267528 0.96355 0
    outer loop
      vertex -0.0152126 -0.00244155 0.013
      vertex -0.0149517 -0.00236913 0.013
      vertex -0.0149517 -0.00236913 0.006
    endloop
  endfacet
  facet normal -0.370139 0.928977 0
    outer loop
      vertex -0.0149517 -0.00236913 0.006
      vertex -0.0149517 -0.00236913 0.013
      vertex -0.0147003 -0.00226894 0.006
    endloop
  endfacet
  facet normal -0.370139 0.928977 0
    outer loop
      vertex -0.0149517 -0.00236913 0.013
      vertex -0.0147003 -0.00226894 0.013
      vertex -0.0147003 -0.00226894 0.006
    endloop
  endfacet
  facet normal -0.468407 0.883513 0
    outer loop
      vertex -0.0147003 -0.00226894 0.006
      vertex -0.0147003 -0.00226894 0.013
      vertex -0.0144611 -0.00214214 0.006
    endloop
  endfacet
  facet normal -0.468407 0.883513 0
    outer loop
      vertex -0.0147003 -0.00226894 0.013
      vertex -0.0144611 -0.00214214 0.013
      vertex -0.0144611 -0.00214214 0.006
    endloop
  endfacet
  facet normal -0.561189 0.827688 0
    outer loop
      vertex -0.0144611 -0.00214214 0.006
      vertex -0.0144611 -0.00214214 0.013
      vertex -0.0142371 -0.00199023 0.006
    endloop
  endfacet
  facet normal -0.561189 0.827688 0
    outer loop
      vertex -0.0144611 -0.00214214 0.013
      vertex -0.0142371 -0.00199023 0.013
      vertex -0.0142371 -0.00199023 0.006
    endloop
  endfacet
  facet normal -0.647386 0.762162 0
    outer loop
      vertex -0.0142371 -0.00199023 0.006
      vertex -0.0142371 -0.00199023 0.013
      vertex -0.0140308 -0.00181499 0.006
    endloop
  endfacet
  facet normal -0.647386 0.762162 0
    outer loop
      vertex -0.0142371 -0.00199023 0.013
      vertex -0.0140308 -0.00181499 0.013
      vertex -0.0140308 -0.00181499 0.006
    endloop
  endfacet
  facet normal -0.725995 0.6877 0
    outer loop
      vertex -0.0140308 -0.00181499 0.006
      vertex -0.0140308 -0.00181499 0.013
      vertex -0.0138446 -0.00161847 0.006
    endloop
  endfacet
  facet normal -0.725995 0.6877 0
    outer loop
      vertex -0.0140308 -0.00181499 0.013
      vertex -0.0138446 -0.00161847 0.013
      vertex -0.0138446 -0.00161847 0.006
    endloop
  endfacet
  facet normal -0.796092 0.605175 0
    outer loop
      vertex -0.0138446 -0.00161847 0.006
      vertex -0.0138446 -0.00161847 0.013
      vertex -0.0136808 -0.00140297 0.006
    endloop
  endfacet
  facet normal -0.796092 0.605175 0
    outer loop
      vertex -0.0138446 -0.00161847 0.013
      vertex -0.0136808 -0.00140297 0.013
      vertex -0.0136808 -0.00140297 0.006
    endloop
  endfacet
  facet normal -0.856857 0.515554 0
    outer loop
      vertex -0.0136808 -0.00140297 0.006
      vertex -0.0136808 -0.00140297 0.013
      vertex -0.0135412 -0.00117102 0.006
    endloop
  endfacet
  facet normal -0.856857 0.515554 0
    outer loop
      vertex -0.0136808 -0.00140297 0.013
      vertex -0.0135412 -0.00117102 0.013
      vertex -0.0135412 -0.00117102 0.006
    endloop
  endfacet
  facet normal -0.907576 0.419888 0
    outer loop
      vertex -0.0135412 -0.00117102 0.006
      vertex -0.0135412 -0.00117102 0.013
      vertex -0.0134276 -0.000925345 0.006
    endloop
  endfacet
  facet normal -0.907576 0.419888 0
    outer loop
      vertex -0.0135412 -0.00117102 0.013
      vertex -0.0134276 -0.000925345 0.013
      vertex -0.0134276 -0.000925345 0.006
    endloop
  endfacet
  facet normal -0.947653 0.319302 0
    outer loop
      vertex -0.0134276 -0.000925345 0.006
      vertex -0.0134276 -0.000925345 0.013
      vertex -0.0133411 -0.000668821 0.006
    endloop
  endfacet
  facet normal -0.947653 0.319302 0
    outer loop
      vertex -0.0134276 -0.000925345 0.013
      vertex -0.0133411 -0.000668821 0.013
      vertex -0.0133411 -0.000668821 0.006
    endloop
  endfacet
  facet normal -0.97662 0.214972 0
    outer loop
      vertex -0.0133411 -0.000668821 0.006
      vertex -0.0133411 -0.000668821 0.013
      vertex -0.0132829 -0.000404455 0.006
    endloop
  endfacet
  facet normal -0.97662 0.214972 0
    outer loop
      vertex -0.0133411 -0.000668821 0.013
      vertex -0.0132829 -0.000404455 0.013
      vertex -0.0132829 -0.000404455 0.006
    endloop
  endfacet
  facet normal -0.994138 0.108117 0
    outer loop
      vertex -0.0132829 -0.000404455 0.006
      vertex -0.0132829 -0.000404455 0.013
      vertex -0.0132537 -0.000135347 0.006
    endloop
  endfacet
  facet normal -0.994138 0.108117 0
    outer loop
      vertex -0.0132829 -0.000404455 0.013
      vertex -0.0132537 -0.000135347 0.013
      vertex -0.0132537 -0.000135347 0.006
    endloop
  endfacet
  facet normal -1 0 0
    outer loop
      vertex -0.0132537 -0.000135347 0.006
      vertex -0.0132537 -0.000135347 0.013
      vertex -0.0132537 0.000135347 0.006
    endloop
  endfacet
  facet normal -1 0 0
    outer loop
      vertex -0.0132537 -0.000135347 0.013
      vertex -0.0132537 0.000135347 0.013
      vertex -0.0132537 0.000135347 0.006
    endloop
  endfacet
  facet normal -0.994138 -0.108117 0
    outer loop
      vertex -0.0132537 0.000135347 0.006
      vertex -0.0132537 0.000135347 0.013
      vertex -0.0132829 0.000404455 0.006
    endloop
  endfacet
  facet normal -0.994138 -0.108117 0
    outer loop
      vertex -0.0132537 0.000135347 0.013
      vertex -0.0132829 0.000404455 0.013
      vertex -0.0132829 0.000404455 0.006
    endloop
  endfacet
  facet normal -0.97662 -0.214972 0
    outer loop
      vertex -0.0132829 0.000404455 0.006
      vertex -0.0132829 0.000404455 0.013
      vertex -0.0133411 0.000668821 0.006
    endloop
  endfacet
  facet normal -0.97662 -0.214972 0
    outer loop
      vertex -0.0132829 0.000404455 0.013
      vertex -0.0133411 0.000668821 0.013
      vertex -0.0133411 0.000668821 0.006
    endloop
  endfacet
  facet normal -0.947653 -0.319302 0
    outer loop
      vertex -0.0133411 0.000668821 0.006
      vertex -0.0133411 0.000668821 0.013
      vertex -0.0134276 0.000925345 0.006
    endloop
  endfacet
  facet normal -0.947653 -0.319302 0
    outer loop
      vertex -0.0133411 0.000668821 0.013
      vertex -0.0134276 0.000925345 0.013
      vertex -0.0134276 0.000925345 0.006
    endloop
  endfacet
  facet normal -0.907576 -0.419888 0
    outer loop
      vertex -0.0134276 0.000925345 0.006
      vertex -0.0134276 0.000925345 0.013
      vertex -0.0135412 0.00117102 0.006
    endloop
  endfacet
  facet normal -0.907576 -0.419888 0
    outer loop
      vertex -0.0134276 0.000925345 0.013
      vertex -0.0135412 0.00117102 0.013
      vertex -0.0135412 0.00117102 0.006
    endloop
  endfacet
  facet normal -0.856857 -0.515554 0
    outer loop
      vertex -0.0135412 0.00117102 0.006
      vertex -0.0135412 0.00117102 0.013
      vertex -0.0136808 0.00140297 0.006
    endloop
  endfacet
  facet normal -0.856857 -0.515554 0
    outer loop
      vertex -0.0135412 0.00117102 0.013
      vertex -0.0136808 0.00140297 0.013
      vertex -0.0136808 0.00140297 0.006
    endloop
  endfacet
  facet normal -0.796092 -0.605175 0
    outer loop
      vertex -0.0136808 0.00140297 0.006
      vertex -0.0136808 0.00140297 0.013
      vertex -0.0138446 0.00161847 0.006
    endloop
  endfacet
  facet normal -0.796092 -0.605175 0
    outer loop
      vertex -0.0136808 0.00140297 0.013
      vertex -0.0138446 0.00161847 0.013
      vertex -0.0138446 0.00161847 0.006
    endloop
  endfacet
  facet normal -0.725995 -0.6877 0
    outer loop
      vertex -0.0138446 0.00161847 0.006
      vertex -0.0138446 0.00161847 0.013
      vertex -0.0140308 0.00181499 0.006
    endloop
  endfacet
  facet normal -0.725995 -0.6877 0
    outer loop
      vertex -0.0138446 0.00161847 0.013
      vertex -0.0140308 0.00181499 0.013
      vertex -0.0140308 0.00181499 0.006
    endloop
  endfacet
  facet normal -0.647386 -0.762162 0
    outer loop
      vertex -0.0140308 0.00181499 0.006
      vertex -0.0140308 0.00181499 0.013
      vertex -0.0142371 0.00199023 0.006
    endloop
  endfacet
  facet normal -0.647386 -0.762162 0
    outer loop
      vertex -0.0140308 0.00181499 0.013
      vertex -0.0142371 0.00199023 0.013
      vertex -0.0142371 0.00199023 0.006
    endloop
  endfacet
  facet normal -0.561189 -0.827688 0
    outer loop
      vertex -0.0142371 0.00199023 0.006
      vertex -0.0142371 0.00199023 0.013
      vertex -0.0144611 0.00214214 0.006
    endloop
  endfacet
  facet normal -0.561189 -0.827688 0
    outer loop
      vertex -0.0142371 0.00199023 0.013
      vertex -0.0144611 0.00214214 0.013
      vertex -0.0144611 0.00214214 0.006
    endloop
  endfacet
  facet normal -0.468407 -0.883513 0
    outer loop
      vertex -0.0144611 0.00214214 0.006
      vertex -0.0144611 0.00214214 0.013
      vertex -0.0147003 0.00226894 0.006
    endloop
  endfacet
  facet normal -0.468407 -0.883513 0
    outer loop
      vertex -0.0144611 0.00214214 0.013
      vertex -0.0147003 0.00226894 0.013
      vertex -0.0147003 0.00226894 0.006
    endloop
  endfacet
  facet normal -0.370139 -0.928977 0
    outer loop
      vertex -0.0147003 0.00226894 0.006
      vertex -0.0147003 0.00226894 0.013
      vertex -0.0149517 0.00236913 0.006
    endloop
  endfacet
  facet normal -0.370139 -0.928977 0
    outer loop
      vertex -0.0147003 0.00226894 0.013
      vertex -0.0149517 0.00236913 0.013
      vertex -0.0149517 0.00236913 0.006
    endloop
  endfacet
  facet normal -0.267528 -0.96355 0
    outer loop
      vertex -0.0149517 0.00236913 0.006
      vertex -0.0149517 0.00236913 0.013
      vertex -0.0152126 0.00244155 0.006
    endloop
  endfacet
  facet normal -0.267528 -0.96355 0
    outer loop
      vertex -0.0149517 0.00236913 0.013
      vertex -0.0152126 0.00244155 0.013
      vertex -0.0152126 0.00244155 0.006
    endloop
  endfacet
  facet normal -0.161782 -0.986826 0
    outer loop
      vertex -0.0152126 0.00244155 0.006
      vertex -0.0152126 0.00244155 0.013
      vertex -0.0154797 0.00248534 0.006
    endloop
  endfacet
  facet normal -0.161782 -0.986826 0
    outer loop
      vertex -0.0152126 0.00244155 0.013
      vertex -0.0154797 0.00248534 0.013
      vertex -0.0154797 0.00248534 0.006
    endloop
  endfacet
  facet normal -0.0541387 -0.998533 0
    outer loop
      vertex -0.0154797 0.00248534 0.006
      vertex -0.0154797 0.00248534 0.013
      vertex -0.01575 0.0025 0.006
    endloop
  endfacet
  facet normal -0.0541387 -0.998533 0
    outer loop
      vertex -0.0154797 0.00248534 0.013
      vertex -0.01575 0.0025 0.013
      vertex -0.01575 0.0025 0.006
    endloop
  endfacet
  facet normal 0.0541387 -0.998533 0
    outer loop
      vertex -0.01575 0.0025 0.006
      vertex -0.01575 0.0025 0.013
      vertex -0.0160203 0.00248534 0.006
    endloop
  endfacet
  facet normal 0.0541387 -0.998533 0
    outer loop
      vertex -0.01575 0.0025 0.013
      vertex -0.0160203 0.00248534 0.013
      vertex -0.0160203 0.00248534 0.006
    endloop
  endfacet
  facet normal 0.161783 -0.986826 0
    outer loop
      vertex -0.0160203 0.00248534 0.006
      vertex -0.0160203 0.00248534 0.013
      vertex -0.0162874 0.00244155 0.006
    endloop
  endfacet
  facet normal 0.161783 -0.986826 0
    outer loop
      vertex -0.0160203 0.00248534 0.013
      vertex -0.0162874 0.00244155 0.013
      vertex -0.0162874 0.00244155 0.006
    endloop
  endfacet
  facet normal 0.267528 -0.96355 0
    outer loop
      vertex -0.0162874 0.00244155 0.006
      vertex -0.0162874 0.00244155 0.013
      vertex -0.0165483 0.00236913 0.006
    endloop
  endfacet
  facet normal 0.267528 -0.96355 0
    outer loop
      vertex -0.0162874 0.00244155 0.013
      vertex -0.0165483 0.00236913 0.013
      vertex -0.0165483 0.00236913 0.006
    endloop
  endfacet
  facet normal 0.370139 -0.928977 0
    outer loop
      vertex -0.0165483 0.00236913 0.006
      vertex -0.0165483 0.00236913 0.013
      vertex -0.0167997 0.00226894 0.006
    endloop
  endfacet
  facet normal 0.370139 -0.928977 0
    outer loop
      vertex -0.0165483 0.00236913 0.013
      vertex -0.0167997 0.00226894 0.013
      vertex -0.0167997 0.00226894 0.006
    endloop
  endfacet
  facet normal 0.468406 -0.883513 0
    outer loop
      vertex -0.0167997 0.00226894 0.006
      vertex -0.0167997 0.00226894 0.013
      vertex -0.0170389 0.00214214 0.006
    endloop
  endfacet
  facet normal 0.468406 -0.883513 0
    outer loop
      vertex -0.0167997 0.00226894 0.013
      vertex -0.0170389 0.00214214 0.013
      vertex -0.0170389 0.00214214 0.006
    endloop
  endfacet
  facet normal 0.561189 -0.827688 0
    outer loop
      vertex -0.0170389 0.00214214 0.006
      vertex -0.0170389 0.00214214 0.013
      vertex -0.0172629 0.00199023 0.006
    endloop
  endfacet
  facet normal 0.561189 -0.827688 0
    outer loop
      vertex -0.0170389 0.00214214 0.013
      vertex -0.0172629 0.00199023 0.013
      vertex -0.0172629 0.00199023 0.006
    endloop
  endfacet
  facet normal 0.647388 -0.762161 0
    outer loop
      vertex -0.0172629 0.00199023 0.006
      vertex -0.0172629 0.00199023 0.013
      vertex -0.0174692 0.00181499 0.006
    endloop
  endfacet
  facet normal 0.647388 -0.762161 0
    outer loop
      vertex -0.0172629 0.00199023 0.013
      vertex -0.0174692 0.00181499 0.013
      vertex -0.0174692 0.00181499 0.006
    endloop
  endfacet
  facet normal 0.725995 -0.6877 0
    outer loop
      vertex -0.0174692 0.00181499 0.006
      vertex -0.0174692 0.00181499 0.013
      vertex -0.0176554 0.00161847 0.006
    endloop
  endfacet
  facet normal 0.725995 -0.6877 0
    outer loop
      vertex -0.0174692 0.00181499 0.013
      vertex -0.0176554 0.00161847 0.013
      vertex -0.0176554 0.00161847 0.006
    endloop
  endfacet
  facet normal 0.796092 -0.605175 0
    outer loop
      vertex -0.0176554 0.00161847 0.006
      vertex -0.0176554 0.00161847 0.013
      vertex -0.0178192 0.00140297 0.006
    endloop
  endfacet
  facet normal 0.796092 -0.605175 0
    outer loop
      vertex -0.0176554 0.00161847 0.013
      vertex -0.0178192 0.00140297 0.013
      vertex -0.0178192 0.00140297 0.006
    endloop
  endfacet
  facet normal 0.856855 -0.515557 0
    outer loop
      vertex -0.0178192 0.00140297 0.006
      vertex -0.0178192 0.00140297 0.013
      vertex -0.0179588 0.00117102 0.006
    endloop
  endfacet
  facet normal 0.856855 -0.515557 0
    outer loop
      vertex -0.0178192 0.00140297 0.013
      vertex -0.0179588 0.00117102 0.013
      vertex -0.0179588 0.00117102 0.006
    endloop
  endfacet
  facet normal 0.907577 -0.419885 0
    outer loop
      vertex -0.0179588 0.00117102 0.006
      vertex -0.0179588 0.00117102 0.013
      vertex -0.0180724 0.000925345 0.006
    endloop
  endfacet
  facet normal 0.907577 -0.419885 0
    outer loop
      vertex -0.0179588 0.00117102 0.013
      vertex -0.0180724 0.000925345 0.013
      vertex -0.0180724 0.000925345 0.006
    endloop
  endfacet
  facet normal 0.947652 -0.319305 0
    outer loop
      vertex -0.0180724 0.000925345 0.006
      vertex -0.0180724 0.000925345 0.013
      vertex -0.0181589 0.000668821 0.006
    endloop
  endfacet
  facet normal 0.947652 -0.319305 0
    outer loop
      vertex -0.0180724 0.000925345 0.013
      vertex -0.0181589 0.000668821 0.013
      vertex -0.0181589 0.000668821 0.006
    endloop
  endfacet
  facet normal 0.976621 -0.214969 0
    outer loop
      vertex -0.0181589 0.000668821 0.006
      vertex -0.0181589 0.000668821 0.013
      vertex -0.0182171 0.000404455 0.006
    endloop
  endfacet
  facet normal 0.976621 -0.214969 0
    outer loop
      vertex -0.0181589 0.000668821 0.013
      vertex -0.0182171 0.000404455 0.013
      vertex -0.0182171 0.000404455 0.006
    endloop
  endfacet
  facet normal 0.994138 -0.108121 0
    outer loop
      vertex -0.0182171 0.000404455 0.006
      vertex -0.0182171 0.000404455 0.013
      vertex -0.0182463 0.000135347 0.006
    endloop
  endfacet
  facet normal 0.994138 -0.108121 0
    outer loop
      vertex -0.0182171 0.000404455 0.013
      vertex -0.0182463 0.000135347 0.013
      vertex -0.0182463 0.000135347 0.006
    endloop
  endfacet
  facet normal 1 0 0
    outer loop
      vertex -0.0182463 0.000135347 0.006
      vertex -0.0182463 0.000135347 0.013
      vertex -0.0182463 -0.000135347 0.006
    endloop
  endfacet
  facet normal 1 0 0
    outer loop
      vertex -0.0182463 0.000135347 0.013
      vertex -0.0182463 -0.000135347 0.013
      vertex -0.0182463 -0.000135347 0.006
    endloop
  endfacet
  facet normal 0.994138 0.108121 0
    outer loop
      vertex -0.0182463 -0.000135347 0.006
      vertex -0.0182463 -0.000135347 0.013
      vertex -0.0182171 -0.000404455 0.006
    endloop
  endfacet
  facet normal 0.994138 0.108121 0
    outer loop
      vertex -0.0182463 -0.000135347 0.013
      vertex -0.0182171 -0.000404455 0.013
      vertex -0.0182171 -0.000404455 0.006
    endloop
  endfacet
  facet normal 0.976621 0.214969 0
    outer loop
      vertex -0.0182171 -0.000404455 0.006
      vertex -0.0182171 -0.000404455 0.013
      vertex -0.0181589 -0.000668821 0.006
    endloop
  endfacet
  facet normal 0.976621 0.214969 0
    outer loop
      vertex -0.0182171 -0.000404455 0.013
      vertex -0.0181589 -0.000668821 0.013
      vertex -0.0181589 -0.000668821 0.006
    endloop
  endfacet
  facet normal 0.947652 0.319305 0
    outer loop
      vertex -0.0181589 -0.000668821 0.006
      vertex -0.0181589 -0.000668821 0.013
      vertex -0.0180724 -0.000925345 0.006
    endloop
  endfacet
  facet normal 0.947652 0.319305 0
    outer loop
      vertex -0.0181589 -0.000668821 0.013
      vertex -0.0180724 -0.000925345 0.013
      vertex -0.0180724 -0.000925345 0.006
    endloop
  endfacet
  facet normal 0.907577 0.419885 0
    outer loop
      vertex -0.0180724 -0.000925345 0.006
      vertex -0.0180724 -0.000925345 0.013
      vertex -0.0179588 -0.00117102 0.006
    endloop
  endfacet
  facet normal 0.907577 0.419885 0
    outer loop
      vertex -0.0180724 -0.000925345 0.013
      vertex -0.0179588 -0.00117102 0.013
      vertex -0.0179588 -0.00117102 0.006
    endloop
  endfacet
  facet normal 0.856855 0.515557 0
    outer loop
      vertex -0.0179588 -0.00117102 0.006
      vertex -0.0179588 -0.00117102 0.013
      vertex -0.0178192 -0.00140297 0.006
    endloop
  endfacet
  facet normal 0.856855 0.515557 0
    outer loop
      vertex -0.0179588 -0.00117102 0.013
      vertex -0.0178192 -0.00140297 0.013
      vertex -0.0178192 -0.00140297 0.006
    endloop
  endfacet
  facet normal 0.796092 0.605175 0
    outer loop
      vertex -0.0178192 -0.00140297 0.006
      vertex -0.0178192 -0.00140297 0.013
      vertex -0.0176554 -0.00161847 0.006
    endloop
  endfacet
  facet normal 0.796092 0.605175 0
    outer loop
      vertex -0.0178192 -0.00140297 0.013
      vertex -0.0176554 -0.00161847 0.013
      vertex -0.0176554 -0.00161847 0.006
    endloop
  endfacet
  facet normal 0.725995 0.6877 0
    outer loop
      vertex -0.0176554 -0.00161847 0.006
      vertex -0.0176554 -0.00161847 0.013
      vertex -0.0174692 -0.00181499 0.006
    endloop
  endfacet
  facet normal 0.725995 0.6877 0
    outer loop
      vertex -0.0176554 -0.00161847 0.013
      vertex -0.0174692 -0.00181499 0.013
      vertex -0.0174692 -0.00181499 0.006
    endloop
  endfacet
  facet normal 0.647388 0.762161 0
    outer loop
      vertex -0.0174692 -0.00181499 0.006
      vertex -0.0174692 -0.00181499 0.013
      vertex -0.0172629 -0.00199023 0.006
    endloop
  endfacet
  facet normal 0.647388 0.762161 0
    outer loop
      vertex -0.0174692 -0.00181499 0.013
      vertex -0.0172629 -0.00199023 0.013
      vertex -0.0172629 -0.00199023 0.006
    endloop
  endfacet
  facet normal 0.561189 0.827688 0
    outer loop
      vertex -0.0172629 -0.00199023 0.006
      vertex -0.0172629 -0.00199023 0.013
      vertex -0.0170389 -0.00214214 0.006
    endloop
  endfacet
  facet normal 0.561189 0.827688 0
    outer loop
      vertex -0.0172629 -0.00199023 0.013
      vertex -0.0170389 -0.00214214 0.013
      vertex -0.0170389 -0.00214214 0.006
    endloop
  endfacet
  facet normal 0.468406 0.883513 0
    outer loop
      vertex -0.0170389 -0.00214214 0.006
      vertex -0.0170389 -0.00214214 0.013
      vertex -0.0167997 -0.00226894 0.006
    endloop
  endfacet
  facet normal 0.468406 0.883513 0
    outer loop
      vertex -0.0170389 -0.00214214 0.013
      vertex -0.0167997 -0.00226894 0.013
      vertex -0.0167997 -0.00226894 0.006
    endloop
  endfacet
  facet normal 0.370139 0.928977 0
    outer loop
      vertex -0.0167997 -0.00226894 0.006
      vertex -0.0167997 -0.00226894 0.013
      vertex -0.0165483 -0.00236913 0.006
    endloop
  endfacet
  facet normal 0.370139 0.928977 0
    outer loop
      vertex -0.0167997 -0.00226894 0.013
      vertex -0.0165483 -0.00236913 0.013
      vertex -0.0165483 -0.00236913 0.006
    endloop
  endfacet
  facet normal 0.267528 0.96355 0
    outer loop
      vertex -0.0165483 -0.00236913 0.006
      vertex -0.0165483 -0.00236913 0.013
      vertex -0.0162874 -0.00244155 0.006
    endloop
  endfacet
  facet normal 0.267528 0.96355 0
    outer loop
      vertex -0.0165483 -0.00236913 0.013
      vertex -0.0162874 -0.00244155 0.013
      vertex -0.0162874 -0.00244155 0.006
    endloop
  endfacet
  facet normal 0.161783 0.986826 0
    outer loop
      vertex -0.0162874 -0.00244155 0.006
      vertex -0.0162874 -0.00244155 0.013
      vertex -0.0160203 -0.00248534 0.006
    endloop
  endfacet
  facet normal 0.161783 0.986826 0
    outer loop
      vertex -0.0162874 -0.00244155 0.013
      vertex -0.0160203 -0.00248534 0.013
      vertex -0.0160203 -0.00248534 0.006
    endloop
  endfacet
  facet normal 0.0541387 0.998533 0
    outer loop
      vertex -0.0160203 -0.00248534 0.006
      vertex -0.0160203 -0.00248534 0.013
      vertex -0.01575 -0.0025 0.006
    endloop
  endfacet
  facet normal 0.0541387 0.998533 0
    outer loop
      vertex -0.0160203 -0.00248534 0.013
      vertex -0.01575 -0.0025 0.013
      vertex -0.01575 -0.0025 0.006
    endloop
  endfacet
  facet normal -0.0541386 0.998533 0
    outer loop
      vertex -0.0111369 -0.0132369 0.0026
      vertex -0.0111369 -0.0132369 0.013
      vertex -0.0109099 -0.0132246 0.0026
    endloop
  endfacet
  facet normal -0.0541386 0.998533 0
    outer loop
      vertex -0.0111369 -0.0132369 0.013
      vertex -0.0109099 -0.0132246 0.013
      vertex -0.0109099 -0.0132246 0.0026
    endloop
  endfacet
  facet normal -0.161782 0.986827 0
    outer loop
      vertex -0.0109099 -0.0132246 0.0026
      vertex -0.0109099 -0.0132246 0.013
      vertex -0.0106855 -0.0131878 0.0026
    endloop
  endfacet
  facet normal -0.161782 0.986827 0
    outer loop
      vertex -0.0109099 -0.0132246 0.013
      vertex -0.0106855 -0.0131878 0.013
      vertex -0.0106855 -0.0131878 0.0026
    endloop
  endfacet
  facet normal -0.267527 0.96355 0
    outer loop
      vertex -0.0106855 -0.0131878 0.0026
      vertex -0.0106855 -0.0131878 0.013
      vertex -0.0104664 -0.013127 0.0026
    endloop
  endfacet
  facet normal -0.267527 0.96355 0
    outer loop
      vertex -0.0106855 -0.0131878 0.013
      vertex -0.0104664 -0.013127 0.013
      vertex -0.0104664 -0.013127 0.0026
    endloop
  endfacet
  facet normal -0.370139 0.928976 0
    outer loop
      vertex -0.0104664 -0.013127 0.0026
      vertex -0.0104664 -0.013127 0.013
      vertex -0.0102552 -0.0130428 0.0026
    endloop
  endfacet
  facet normal -0.370139 0.928976 0
    outer loop
      vertex -0.0104664 -0.013127 0.013
      vertex -0.0102552 -0.0130428 0.013
      vertex -0.0102552 -0.0130428 0.0026
    endloop
  endfacet
  facet normal -0.468408 0.883512 0
    outer loop
      vertex -0.0102552 -0.0130428 0.0026
      vertex -0.0102552 -0.0130428 0.013
      vertex -0.0100543 -0.0129363 0.0026
    endloop
  endfacet
  facet normal -0.468408 0.883512 0
    outer loop
      vertex -0.0102552 -0.0130428 0.013
      vertex -0.0100543 -0.0129363 0.013
      vertex -0.0100543 -0.0129363 0.0026
    endloop
  endfacet
  facet normal -0.561189 0.827688 0
    outer loop
      vertex -0.0100543 -0.0129363 0.0026
      vertex -0.0100543 -0.0129363 0.013
      vertex -0.00986607 -0.0128087 0.0026
    endloop
  endfacet
  facet normal -0.561189 0.827688 0
    outer loop
      vertex -0.0100543 -0.0129363 0.013
      vertex -0.00986607 -0.0128087 0.013
      vertex -0.00986607 -0.0128087 0.0026
    endloop
  endfacet
  facet normal -0.647386 0.762163 0
    outer loop
      vertex -0.00986607 -0.0128087 0.0026
      vertex -0.00986607 -0.0128087 0.013
      vertex -0.00969276 -0.0126615 0.0026
    endloop
  endfacet
  facet normal -0.647386 0.762163 0
    outer loop
      vertex -0.00986607 -0.0128087 0.013
      vertex -0.00969276 -0.0126615 0.013
      vertex -0.00969276 -0.0126615 0.0026
    endloop
  endfacet
  facet normal -0.725993 0.687702 0
    outer loop
      vertex -0.00969276 -0.0126615 0.0026
      vertex -0.00969276 -0.0126615 0.013
      vertex -0.00953639 -0.0124964 0.0026
    endloop
  endfacet
  facet normal -0.725993 0.687702 0
    outer loop
      vertex -0.00969276 -0.0126615 0.013
      vertex -0.00953639 -0.0124964 0.013
      vertex -0.00953639 -0.0124964 0.0026
    endloop
  endfacet
  facet normal -0.796093 0.605174 0
    outer loop
      vertex -0.00953639 -0.0124964 0.0026
      vertex -0.00953639 -0.0124964 0.013
      vertex -0.00939878 -0.0123154 0.0026
    endloop
  endfacet
  facet normal -0.796093 0.605174 0
    outer loop
      vertex -0.00953639 -0.0124964 0.013
      vertex -0.00939878 -0.0123154 0.013
      vertex -0.00939878 -0.0123154 0.0026
    endloop
  endfacet
  facet normal -0.856858 0.515553 0
    outer loop
      vertex -0.00939878 -0.0123154 0.0026
      vertex -0.00939878 -0.0123154 0.013
      vertex -0.00928156 -0.0121206 0.0026
    endloop
  endfacet
  facet normal -0.856858 0.515553 0
    outer loop
      vertex -0.00939878 -0.0123154 0.013
      vertex -0.00928156 -0.0121206 0.013
      vertex -0.00928156 -0.0121206 0.0026
    endloop
  endfacet
  facet normal -0.907576 0.419887 0
    outer loop
      vertex -0.00928156 -0.0121206 0.0026
      vertex -0.00928156 -0.0121206 0.013
      vertex -0.00918608 -0.0119142 0.0026
    endloop
  endfacet
  facet normal -0.907576 0.419887 0
    outer loop
      vertex -0.00928156 -0.0121206 0.013
      vertex -0.00918608 -0.0119142 0.013
      vertex -0.00918608 -0.0119142 0.0026
    endloop
  endfacet
  facet normal -0.947653 0.319303 0
    outer loop
      vertex -0.00918608 -0.0119142 0.0026
      vertex -0.00918608 -0.0119142 0.013
      vertex -0.00911348 -0.0116987 0.0026
    endloop
  endfacet
  facet normal -0.947653 0.319303 0
    outer loop
      vertex -0.00918608 -0.0119142 0.013
      vertex -0.00911348 -0.0116987 0.013
      vertex -0.00911348 -0.0116987 0.0026
    endloop
  endfacet
  facet normal -0.976621 0.214969 0
    outer loop
      vertex -0.00911348 -0.0116987 0.0026
      vertex -0.00911348 -0.0116987 0.013
      vertex -0.0090646 -0.0114767 0.0026
    endloop
  endfacet
  facet normal -0.976621 0.214969 0
    outer loop
      vertex -0.00911348 -0.0116987 0.013
      vertex -0.0090646 -0.0114767 0.013
      vertex -0.0090646 -0.0114767 0.0026
    endloop
  endfacet
  facet normal -0.994138 0.108117 0
    outer loop
      vertex -0.0090646 -0.0114767 0.0026
      vertex -0.0090646 -0.0114767 0.013
      vertex -0.00904001 -0.0112506 0.0026
    endloop
  endfacet
  facet normal -0.994138 0.108117 0
    outer loop
      vertex -0.0090646 -0.0114767 0.013
      vertex -0.00904001 -0.0112506 0.013
      vertex -0.00904001 -0.0112506 0.0026
    endloop
  endfacet
  facet normal -1 0 0
    outer loop
      vertex -0.00904001 -0.0112506 0.0026
      vertex -0.00904001 -0.0112506 0.013
      vertex -0.00904001 -0.0110232 0.0026
    endloop
  endfacet
  facet normal -1 0 0
    outer loop
      vertex -0.00904001 -0.0112506 0.013
      vertex -0.00904001 -0.0110232 0.013
      vertex -0.00904001 -0.0110232 0.0026
    endloop
  endfacet
  facet normal -0.994138 -0.108117 0
    outer loop
      vertex -0.00904001 -0.0110232 0.0026
      vertex -0.00904001 -0.0110232 0.013
      vertex -0.0090646 -0.0107972 0.0026
    endloop
  endfacet
  facet normal -0.994138 -0.108117 0
    outer loop
      vertex -0.00904001 -0.0110232 0.013
      vertex -0.0090646 -0.0107972 0.013
      vertex -0.0090646 -0.0107972 0.0026
    endloop
  endfacet
  facet normal -0.976621 -0.214969 0
    outer loop
      vertex -0.0090646 -0.0107972 0.0026
      vertex -0.0090646 -0.0107972 0.013
      vertex -0.00911348 -0.0105751 0.0026
    endloop
  endfacet
  facet normal -0.976621 -0.214969 0
    outer loop
      vertex -0.0090646 -0.0107972 0.013
      vertex -0.00911348 -0.0105751 0.013
      vertex -0.00911348 -0.0105751 0.0026
    endloop
  endfacet
  facet normal -0.947653 -0.319303 0
    outer loop
      vertex -0.00911348 -0.0105751 0.0026
      vertex -0.00911348 -0.0105751 0.013
      vertex -0.00918608 -0.0103596 0.0026
    endloop
  endfacet
  facet normal -0.947653 -0.319303 0
    outer loop
      vertex -0.00911348 -0.0105751 0.013
      vertex -0.00918608 -0.0103596 0.013
      vertex -0.00918608 -0.0103596 0.0026
    endloop
  endfacet
  facet normal -0.907576 -0.419887 0
    outer loop
      vertex -0.00918608 -0.0103596 0.0026
      vertex -0.00918608 -0.0103596 0.013
      vertex -0.00928156 -0.0101533 0.0026
    endloop
  endfacet
  facet normal -0.907576 -0.419887 0
    outer loop
      vertex -0.00918608 -0.0103596 0.013
      vertex -0.00928156 -0.0101533 0.013
      vertex -0.00928156 -0.0101533 0.0026
    endloop
  endfacet
  facet normal -0.856858 -0.515553 0
    outer loop
      vertex -0.00928156 -0.0101533 0.0026
      vertex -0.00928156 -0.0101533 0.013
      vertex -0.00939878 -0.00995844 0.0026
    endloop
  endfacet
  facet normal -0.856858 -0.515553 0
    outer loop
      vertex -0.00928156 -0.0101533 0.013
      vertex -0.00939878 -0.00995844 0.013
      vertex -0.00939878 -0.00995844 0.0026
    endloop
  endfacet
  facet normal -0.796093 -0.605174 0
    outer loop
      vertex -0.00939878 -0.00995844 0.0026
      vertex -0.00939878 -0.00995844 0.013
      vertex -0.00953639 -0.00977742 0.0026
    endloop
  endfacet
  facet normal -0.796093 -0.605174 0
    outer loop
      vertex -0.00939878 -0.00995844 0.013
      vertex -0.00953639 -0.00977742 0.013
      vertex -0.00953639 -0.00977742 0.0026
    endloop
  endfacet
  facet normal -0.725993 -0.687702 0
    outer loop
      vertex -0.00953639 -0.00977742 0.0026
      vertex -0.00953639 -0.00977742 0.013
      vertex -0.00969276 -0.00961234 0.0026
    endloop
  endfacet
  facet normal -0.725993 -0.687702 0
    outer loop
      vertex -0.00953639 -0.00977742 0.013
      vertex -0.00969276 -0.00961234 0.013
      vertex -0.00969276 -0.00961234 0.0026
    endloop
  endfacet
  facet normal -0.647386 -0.762163 0
    outer loop
      vertex -0.00969276 -0.00961234 0.0026
      vertex -0.00969276 -0.00961234 0.013
      vertex -0.00986607 -0.00946514 0.0026
    endloop
  endfacet
  facet normal -0.647386 -0.762163 0
    outer loop
      vertex -0.00969276 -0.00961234 0.013
      vertex -0.00986607 -0.00946514 0.013
      vertex -0.00986607 -0.00946514 0.0026
    endloop
  endfacet
  facet normal -0.561189 -0.827688 0
    outer loop
      vertex -0.00986607 -0.00946514 0.0026
      vertex -0.00986607 -0.00946514 0.013
      vertex -0.0100543 -0.00933753 0.0026
    endloop
  endfacet
  facet normal -0.561189 -0.827688 0
    outer loop
      vertex -0.00986607 -0.00946514 0.013
      vertex -0.0100543 -0.00933753 0.013
      vertex -0.0100543 -0.00933753 0.0026
    endloop
  endfacet
  facet normal -0.468408 -0.883512 0
    outer loop
      vertex -0.0100543 -0.00933753 0.0026
      vertex -0.0100543 -0.00933753 0.013
      vertex -0.0102552 -0.00923102 0.0026
    endloop
  endfacet
  facet normal -0.468408 -0.883512 0
    outer loop
      vertex -0.0100543 -0.00933753 0.013
      vertex -0.0102552 -0.00923102 0.013
      vertex -0.0102552 -0.00923102 0.0026
    endloop
  endfacet
  facet normal -0.370139 -0.928976 0
    outer loop
      vertex -0.0102552 -0.00923102 0.0026
      vertex -0.0102552 -0.00923102 0.013
      vertex -0.0104664 -0.00914686 0.0026
    endloop
  endfacet
  facet normal -0.370139 -0.928976 0
    outer loop
      vertex -0.0102552 -0.00923102 0.013
      vertex -0.0104664 -0.00914686 0.013
      vertex -0.0104664 -0.00914686 0.0026
    endloop
  endfacet
  facet normal -0.267527 -0.96355 0
    outer loop
      vertex -0.0104664 -0.00914686 0.0026
      vertex -0.0104664 -0.00914686 0.013
      vertex -0.0106855 -0.00908603 0.0026
    endloop
  endfacet
  facet normal -0.267527 -0.96355 0
    outer loop
      vertex -0.0104664 -0.00914686 0.013
      vertex -0.0106855 -0.00908603 0.013
      vertex -0.0106855 -0.00908603 0.0026
    endloop
  endfacet
  facet normal -0.161782 -0.986827 0
    outer loop
      vertex -0.0106855 -0.00908603 0.0026
      vertex -0.0106855 -0.00908603 0.013
      vertex -0.0109099 -0.00904924 0.0026
    endloop
  endfacet
  facet normal -0.161782 -0.986827 0
    outer loop
      vertex -0.0106855 -0.00908603 0.013
      vertex -0.0109099 -0.00904924 0.013
      vertex -0.0109099 -0.00904924 0.0026
    endloop
  endfacet
  facet normal -0.0541386 -0.998533 0
    outer loop
      vertex -0.0109099 -0.00904924 0.0026
      vertex -0.0109099 -0.00904924 0.013
      vertex -0.0111369 -0.00903693 0.0026
    endloop
  endfacet
  facet normal -0.0541386 -0.998533 0
    outer loop
      vertex -0.0109099 -0.00904924 0.013
      vertex -0.0111369 -0.00903693 0.013
      vertex -0.0111369 -0.00903693 0.0026
    endloop
  endfacet
  facet normal 0.0541386 -0.998533 0
    outer loop
      vertex -0.0111369 -0.00903693 0.0026
      vertex -0.0111369 -0.00903693 0.013
      vertex -0.011364 -0.00904924 0.0026
    endloop
  endfacet
  facet normal 0.0541386 -0.998533 0
    outer loop
      vertex -0.0111369 -0.00903693 0.013
      vertex -0.011364 -0.00904924 0.013
      vertex -0.011364 -0.00904924 0.0026
    endloop
  endfacet
  facet normal 0.161781 -0.986827 0
    outer loop
      vertex -0.011364 -0.00904924 0.0026
      vertex -0.011364 -0.00904924 0.013
      vertex -0.0115884 -0.00908603 0.0026
    endloop
  endfacet
  facet normal 0.161781 -0.986827 0
    outer loop
      vertex -0.011364 -0.00904924 0.013
      vertex -0.0115884 -0.00908603 0.013
      vertex -0.0115884 -0.00908603 0.0026
    endloop
  endfacet
  facet normal 0.267527 -0.96355 0
    outer loop
      vertex -0.0115884 -0.00908603 0.0026
      vertex -0.0115884 -0.00908603 0.013
      vertex -0.0118075 -0.00914686 0.0026
    endloop
  endfacet
  facet normal 0.267527 -0.96355 0
    outer loop
      vertex -0.0115884 -0.00908603 0.013
      vertex -0.0118075 -0.00914686 0.013
      vertex -0.0118075 -0.00914686 0.0026
    endloop
  endfacet
  facet normal 0.370139 -0.928976 0
    outer loop
      vertex -0.0118075 -0.00914686 0.0026
      vertex -0.0118075 -0.00914686 0.013
      vertex -0.0120187 -0.00923102 0.0026
    endloop
  endfacet
  facet normal 0.370139 -0.928976 0
    outer loop
      vertex -0.0118075 -0.00914686 0.013
      vertex -0.0120187 -0.00923102 0.013
      vertex -0.0120187 -0.00923102 0.0026
    endloop
  endfacet
  facet normal 0.468408 -0.883512 0
    outer loop
      vertex -0.0120187 -0.00923102 0.0026
      vertex -0.0120187 -0.00923102 0.013
      vertex -0.0122196 -0.00933753 0.0026
    endloop
  endfacet
  facet normal 0.468408 -0.883512 0
    outer loop
      vertex -0.0120187 -0.00923102 0.013
      vertex -0.0122196 -0.00933753 0.013
      vertex -0.0122196 -0.00933753 0.0026
    endloop
  endfacet
  facet normal 0.561189 -0.827688 0
    outer loop
      vertex -0.0122196 -0.00933753 0.0026
      vertex -0.0122196 -0.00933753 0.013
      vertex -0.0124078 -0.00946514 0.0026
    endloop
  endfacet
  facet normal 0.561189 -0.827688 0
    outer loop
      vertex -0.0122196 -0.00933753 0.013
      vertex -0.0124078 -0.00946514 0.013
      vertex -0.0124078 -0.00946514 0.0026
    endloop
  endfacet
  facet normal 0.647386 -0.762163 0
    outer loop
      vertex -0.0124078 -0.00946514 0.0026
      vertex -0.0124078 -0.00946514 0.013
      vertex -0.0125811 -0.00961234 0.0026
    endloop
  endfacet
  facet normal 0.647386 -0.762163 0
    outer loop
      vertex -0.0124078 -0.00946514 0.013
      vertex -0.0125811 -0.00961234 0.013
      vertex -0.0125811 -0.00961234 0.0026
    endloop
  endfacet
  facet normal 0.725993 -0.687702 0
    outer loop
      vertex -0.0125811 -0.00961234 0.0026
      vertex -0.0125811 -0.00961234 0.013
      vertex -0.0127375 -0.00977742 0.0026
    endloop
  endfacet
  facet normal 0.725993 -0.687702 0
    outer loop
      vertex -0.0125811 -0.00961234 0.013
      vertex -0.0127375 -0.00977742 0.013
      vertex -0.0127375 -0.00977742 0.0026
    endloop
  endfacet
  facet normal 0.796095 -0.605172 0
    outer loop
      vertex -0.0127375 -0.00977742 0.0026
      vertex -0.0127375 -0.00977742 0.013
      vertex -0.0128751 -0.00995844 0.0026
    endloop
  endfacet
  facet normal 0.796095 -0.605172 0
    outer loop
      vertex -0.0127375 -0.00977742 0.013
      vertex -0.0128751 -0.00995844 0.013
      vertex -0.0128751 -0.00995844 0.0026
    endloop
  endfacet
  facet normal 0.856856 -0.515556 0
    outer loop
      vertex -0.0128751 -0.00995844 0.0026
      vertex -0.0128751 -0.00995844 0.013
      vertex -0.0129923 -0.0101533 0.0026
    endloop
  endfacet
  facet normal 0.856856 -0.515556 0
    outer loop
      vertex -0.0128751 -0.00995844 0.013
      vertex -0.0129923 -0.0101533 0.013
      vertex -0.0129923 -0.0101533 0.0026
    endloop
  endfacet
  facet normal 0.907576 -0.419887 0
    outer loop
      vertex -0.0129923 -0.0101533 0.0026
      vertex -0.0129923 -0.0101533 0.013
      vertex -0.0130878 -0.0103596 0.0026
    endloop
  endfacet
  facet normal 0.907576 -0.419887 0
    outer loop
      vertex -0.0129923 -0.0101533 0.013
      vertex -0.0130878 -0.0103596 0.013
      vertex -0.0130878 -0.0103596 0.0026
    endloop
  endfacet
  facet normal 0.947653 -0.319303 0
    outer loop
      vertex -0.0130878 -0.0103596 0.0026
      vertex -0.0130878 -0.0103596 0.013
      vertex -0.0131604 -0.0105751 0.0026
    endloop
  endfacet
  facet normal 0.947653 -0.319303 0
    outer loop
      vertex -0.0130878 -0.0103596 0.013
      vertex -0.0131604 -0.0105751 0.013
      vertex -0.0131604 -0.0105751 0.0026
    endloop
  endfacet
  facet normal 0.976621 -0.214969 0
    outer loop
      vertex -0.0131604 -0.0105751 0.0026
      vertex -0.0131604 -0.0105751 0.013
      vertex -0.0132093 -0.0107972 0.0026
    endloop
  endfacet
  facet normal 0.976621 -0.214969 0
    outer loop
      vertex -0.0131604 -0.0105751 0.013
      vertex -0.0132093 -0.0107972 0.013
      vertex -0.0132093 -0.0107972 0.0026
    endloop
  endfacet
  facet normal 0.994138 -0.108117 0
    outer loop
      vertex -0.0132093 -0.0107972 0.0026
      vertex -0.0132093 -0.0107972 0.013
      vertex -0.0132339 -0.0110232 0.0026
    endloop
  endfacet
  facet normal 0.994138 -0.108117 0
    outer loop
      vertex -0.0132093 -0.0107972 0.013
      vertex -0.0132339 -0.0110232 0.013
      vertex -0.0132339 -0.0110232 0.0026
    endloop
  endfacet
  facet normal 1 0 0
    outer loop
      vertex -0.0132339 -0.0110232 0.0026
      vertex -0.0132339 -0.0110232 0.013
      vertex -0.0132339 -0.0112506 0.0026
    endloop
  endfacet
  facet normal 1 0 0
    outer loop
      vertex -0.0132339 -0.0110232 0.013
      vertex -0.0132339 -0.0112506 0.013
      vertex -0.0132339 -0.0112506 0.0026
    endloop
  endfacet
  facet normal 0.994138 0.108117 0
    outer loop
      vertex -0.0132339 -0.0112506 0.0026
      vertex -0.0132339 -0.0112506 0.013
      vertex -0.0132093 -0.0114767 0.0026
    endloop
  endfacet
  facet normal 0.994138 0.108117 0
    outer loop
      vertex -0.0132339 -0.0112506 0.013
      vertex -0.0132093 -0.0114767 0.013
      vertex -0.0132093 -0.0114767 0.0026
    endloop
  endfacet
  facet normal 0.976621 0.214969 0
    outer loop
      vertex -0.0132093 -0.0114767 0.0026
      vertex -0.0132093 -0.0114767 0.013
      vertex -0.0131604 -0.0116987 0.0026
    endloop
  endfacet
  facet normal 0.976621 0.214969 0
    outer loop
      vertex -0.0132093 -0.0114767 0.013
      vertex -0.0131604 -0.0116987 0.013
      vertex -0.0131604 -0.0116987 0.0026
    endloop
  endfacet
  facet normal 0.947653 0.319303 0
    outer loop
      vertex -0.0131604 -0.0116987 0.0026
      vertex -0.0131604 -0.0116987 0.013
      vertex -0.0130878 -0.0119142 0.0026
    endloop
  endfacet
  facet normal 0.947653 0.319303 0
    outer loop
      vertex -0.0131604 -0.0116987 0.013
      vertex -0.0130878 -0.0119142 0.013
      vertex -0.0130878 -0.0119142 0.0026
    endloop
  endfacet
  facet normal 0.907576 0.419887 0
    outer loop
      vertex -0.0130878 -0.0119142 0.0026
      vertex -0.0130878 -0.0119142 0.013
      vertex -0.0129923 -0.0121206 0.0026
    endloop
  endfacet
  facet normal 0.907576 0.419887 0
    outer loop
      vertex -0.0130878 -0.0119142 0.013
      vertex -0.0129923 -0.0121206 0.013
      vertex -0.0129923 -0.0121206 0.0026
    endloop
  endfacet
  facet normal 0.856856 0.515556 0
    outer loop
      vertex -0.0129923 -0.0121206 0.0026
      vertex -0.0129923 -0.0121206 0.013
      vertex -0.0128751 -0.0123154 0.0026
    endloop
  endfacet
  facet normal 0.856856 0.515556 0
    outer loop
      vertex -0.0129923 -0.0121206 0.013
      vertex -0.0128751 -0.0123154 0.013
      vertex -0.0128751 -0.0123154 0.0026
    endloop
  endfacet
  facet normal 0.796095 0.605172 0
    outer loop
      vertex -0.0128751 -0.0123154 0.0026
      vertex -0.0128751 -0.0123154 0.013
      vertex -0.0127375 -0.0124964 0.0026
    endloop
  endfacet
  facet normal 0.796095 0.605172 0
    outer loop
      vertex -0.0128751 -0.0123154 0.013
      vertex -0.0127375 -0.0124964 0.013
      vertex -0.0127375 -0.0124964 0.0026
    endloop
  endfacet
  facet normal 0.725993 0.687702 0
    outer loop
      vertex -0.0127375 -0.0124964 0.0026
      vertex -0.0127375 -0.0124964 0.013
      vertex -0.0125811 -0.0126615 0.0026
    endloop
  endfacet
  facet normal 0.725993 0.687702 0
    outer loop
      vertex -0.0127375 -0.0124964 0.013
      vertex -0.0125811 -0.0126615 0.013
      vertex -0.0125811 -0.0126615 0.0026
    endloop
  endfacet
  facet normal 0.647386 0.762163 0
    outer loop
      vertex -0.0125811 -0.0126615 0.0026
      vertex -0.0125811 -0.0126615 0.013
      vertex -0.0124078 -0.0128087 0.0026
    endloop
  endfacet
  facet normal 0.647386 0.762163 0
    outer loop
      vertex -0.0125811 -0.0126615 0.013
      vertex -0.0124078 -0.0128087 0.013
      vertex -0.0124078 -0.0128087 0.0026
    endloop
  endfacet
  facet normal 0.561189 0.827688 0
    outer loop
      vertex -0.0124078 -0.0128087 0.0026
      vertex -0.0124078 -0.0128087 0.013
      vertex -0.0122196 -0.0129363 0.0026
    endloop
  endfacet
  facet normal 0.561189 0.827688 0
    outer loop
      vertex -0.0124078 -0.0128087 0.013
      vertex -0.0122196 -0.0129363 0.013
      vertex -0.0122196 -0.0129363 0.0026
    endloop
  endfacet
  facet normal 0.468408 0.883512 0
    outer loop
      vertex -0.0122196 -0.0129363 0.0026
      vertex -0.0122196 -0.0129363 0.013
      vertex -0.0120187 -0.0130428 0.0026
    endloop
  endfacet
  facet normal 0.468408 0.883512 0
    outer loop
      vertex -0.0122196 -0.0129363 0.013
      vertex -0.0120187 -0.0130428 0.013
      vertex -0.0120187 -0.0130428 0.0026
    endloop
  endfacet
  facet normal 0.370139 0.928976 0
    outer loop
      vertex -0.0120187 -0.0130428 0.0026
      vertex -0.0120187 -0.0130428 0.013
      vertex -0.0118075 -0.013127 0.0026
    endloop
  endfacet
  facet normal 0.370139 0.928976 0
    outer loop
      vertex -0.0120187 -0.0130428 0.013
      vertex -0.0118075 -0.013127 0.013
      vertex -0.0118075 -0.013127 0.0026
    endloop
  endfacet
  facet normal 0.267527 0.96355 0
    outer loop
      vertex -0.0118075 -0.013127 0.0026
      vertex -0.0118075 -0.013127 0.013
      vertex -0.0115884 -0.0131878 0.0026
    endloop
  endfacet
  facet normal 0.267527 0.96355 0
    outer loop
      vertex -0.0118075 -0.013127 0.013
      vertex -0.0115884 -0.0131878 0.013
      vertex -0.0115884 -0.0131878 0.0026
    endloop
  endfacet
  facet normal 0.161781 0.986827 0
    outer loop
      vertex -0.0115884 -0.0131878 0.0026
      vertex -0.0115884 -0.0131878 0.013
      vertex -0.011364 -0.0132246 0.0026
    endloop
  endfacet
  facet normal 0.161781 0.986827 0
    outer loop
      vertex -0.0115884 -0.0131878 0.013
      vertex -0.011364 -0.0132246 0.013
      vertex -0.011364 -0.0132246 0.0026
    endloop
  endfacet
  facet normal 0.0541386 0.998533 0
    outer loop
      vertex -0.011364 -0.0132246 0.0026
      vertex -0.011364 -0.0132246 0.013
      vertex -0.0111369 -0.0132369 0.0026
    endloop
  endfacet
  facet normal 0.0541386 0.998533 0
    outer loop
      vertex -0.011364 -0.0132246 0.013
      vertex -0.0111369 -0.0132369 0.013
      vertex -0.0111369 -0.0132369 0.0026
    endloop
  endfacet
endsolid Mesh
