ISO-10303-21;
HEADER;
/* Generated by software containing ST-Developer
 * from STEP Tools, Inc. (www.steptools.com) 
 */

FILE_DESCRIPTION(
/* description */ (''),
/* implementation_level */ '2;1');

FILE_NAME(
/* name */ 'C:/Users/LT-AU25-U2/Desktop/Taza arte latte v5.step',
/* time_stamp */ '2021-06-02T08:45:27-06:00',
/* author */ (''),
/* organization */ (''),
/* preprocessor_version */ 'ST-DEVELOPER v18.1',
/* originating_system */ 'Autodesk Translation Framework v10.9.0.1377',

/* authorisation */ '');

FILE_SCHEMA (('AUTOMOTIVE_DESIGN { 1 0 10303 214 3 1 1 }'));
ENDSEC;

DATA;
#10=MECHANICAL_DESIGN_GEOMETRIC_PRESENTATION_REPRESENTATION('',(#237,#238),
#5837);
#11=SHAPE_REPRESENTATION_RELATIONSHIP('SRR','None',#5844,#12);
#12=ADVANCED_BREP_SHAPE_REPRESENTATION('',(#239,#240),#5836);
#13=SPHERICAL_SURFACE('',#1945,2.5);
#14=SPHERICAL_SURFACE('',#1948,2.5);
#15=LINE('',#5459,#107);
#16=LINE('',#5460,#108);
#17=LINE('',#5480,#109);
#18=LINE('',#5481,#110);
#19=LINE('',#5492,#111);
#20=LINE('',#5493,#112);
#21=LINE('',#5498,#113);
#22=LINE('',#5499,#114);
#23=LINE('',#5510,#115);
#24=LINE('',#5511,#116);
#25=LINE('',#5522,#117);
#26=LINE('',#5523,#118);
#27=LINE('',#5534,#119);
#28=LINE('',#5535,#120);
#29=LINE('',#5549,#121);
#30=LINE('',#5550,#122);
#31=LINE('',#5561,#123);
#32=LINE('',#5562,#124);
#33=LINE('',#5564,#125);
#34=LINE('',#5565,#126);
#35=LINE('',#5570,#127);
#36=LINE('',#5571,#128);
#37=LINE('',#5586,#129);
#38=LINE('',#5589,#130);
#39=LINE('',#5598,#131);
#40=LINE('',#5601,#132);
#41=LINE('',#5610,#133);
#42=LINE('',#5613,#134);
#43=LINE('',#5621,#135);
#44=LINE('',#5622,#136);
#45=LINE('',#5624,#137);
#46=LINE('',#5625,#138);
#47=LINE('',#5630,#139);
#48=LINE('',#5631,#140);
#49=LINE('',#5648,#141);
#50=LINE('',#5649,#142);
#51=LINE('',#5660,#143);
#52=LINE('',#5661,#144);
#53=LINE('',#5672,#145);
#54=LINE('',#5673,#146);
#55=LINE('',#5681,#147);
#56=LINE('',#5682,#148);
#57=LINE('',#5684,#149);
#58=LINE('',#5685,#150);
#59=LINE('',#5690,#151);
#60=LINE('',#5691,#152);
#61=LINE('',#5700,#153);
#62=LINE('',#5703,#154);
#63=LINE('',#5712,#155);
#64=LINE('',#5715,#156);
#65=LINE('',#5724,#157);
#66=LINE('',#5727,#158);
#67=LINE('',#5741,#159);
#68=LINE('',#5742,#160);
#69=LINE('',#5744,#161);
#70=LINE('',#5745,#162);
#71=LINE('',#5747,#163);
#72=LINE('',#5749,#164);
#73=LINE('',#5750,#165);
#74=LINE('',#5752,#166);
#75=LINE('',#5754,#167);
#76=LINE('',#5756,#168);
#77=LINE('',#5758,#169);
#78=LINE('',#5760,#170);
#79=LINE('',#5762,#171);
#80=LINE('',#5764,#172);
#81=LINE('',#5767,#173);
#82=LINE('',#5768,#174);
#83=LINE('',#5770,#175);
#84=LINE('',#5772,#176);
#85=LINE('',#5774,#177);
#86=LINE('',#5776,#178);
#87=LINE('',#5778,#179);
#88=LINE('',#5780,#180);
#89=LINE('',#5782,#181);
#90=LINE('',#5785,#182);
#91=LINE('',#5800,#183);
#92=LINE('',#5802,#184);
#93=LINE('',#5804,#185);
#94=LINE('',#5805,#186);
#95=LINE('',#5808,#187);
#96=LINE('',#5810,#188);
#97=LINE('',#5812,#189);
#98=LINE('',#5814,#190);
#99=LINE('',#5816,#191);
#100=LINE('',#5818,#192);
#101=LINE('',#5820,#193);
#102=LINE('',#5823,#194);
#103=LINE('',#5825,#195);
#104=LINE('',#5827,#196);
#105=LINE('',#5829,#197);
#106=LINE('',#5831,#198);
#107=VECTOR('',#2049,10.);
#108=VECTOR('',#2050,10.);
#109=VECTOR('',#2073,10.);
#110=VECTOR('',#2074,10.);
#111=VECTOR('',#2087,10.);
#112=VECTOR('',#2088,10.);
#113=VECTOR('',#2093,10.);
#114=VECTOR('',#2094,10.);
#115=VECTOR('',#2107,10.);
#116=VECTOR('',#2108,10.);
#117=VECTOR('',#2121,10.);
#118=VECTOR('',#2122,10.);
#119=VECTOR('',#2135,10.);
#120=VECTOR('',#2136,10.);
#121=VECTOR('',#2155,10.);
#122=VECTOR('',#2156,10.);
#123=VECTOR('',#2169,10.);
#124=VECTOR('',#2170,10.);
#125=VECTOR('',#2173,10.);
#126=VECTOR('',#2174,10.);
#127=VECTOR('',#2179,10.);
#128=VECTOR('',#2180,10.);
#129=VECTOR('',#2199,10.);
#130=VECTOR('',#2202,10.);
#131=VECTOR('',#2213,10.);
#132=VECTOR('',#2216,10.);
#133=VECTOR('',#2227,10.);
#134=VECTOR('',#2230,10.);
#135=VECTOR('',#2241,10.);
#136=VECTOR('',#2242,10.);
#137=VECTOR('',#2245,10.);
#138=VECTOR('',#2246,10.);
#139=VECTOR('',#2251,10.);
#140=VECTOR('',#2252,10.);
#141=VECTOR('',#2273,10.);
#142=VECTOR('',#2274,10.);
#143=VECTOR('',#2287,10.);
#144=VECTOR('',#2288,10.);
#145=VECTOR('',#2301,10.);
#146=VECTOR('',#2302,10.);
#147=VECTOR('',#2313,10.);
#148=VECTOR('',#2314,10.);
#149=VECTOR('',#2317,10.);
#150=VECTOR('',#2318,10.);
#151=VECTOR('',#2323,10.);
#152=VECTOR('',#2324,10.);
#153=VECTOR('',#2335,10.);
#154=VECTOR('',#2338,10.);
#155=VECTOR('',#2349,10.);
#156=VECTOR('',#2352,10.);
#157=VECTOR('',#2363,10.);
#158=VECTOR('',#2366,10.);
#159=VECTOR('',#2385,10.);
#160=VECTOR('',#2386,10.);
#161=VECTOR('',#2389,10.);
#162=VECTOR('',#2390,10.);
#163=VECTOR('',#2393,10.);
#164=VECTOR('',#2396,10.);
#165=VECTOR('',#2397,10.);
#166=VECTOR('',#2400,10.);
#167=VECTOR('',#2403,10.);
#168=VECTOR('',#2406,10.);
#169=VECTOR('',#2409,10.);
#170=VECTOR('',#2412,10.);
#171=VECTOR('',#2415,10.);
#172=VECTOR('',#2418,10.);
#173=VECTOR('',#2423,10.);
#174=VECTOR('',#2424,10.);
#175=VECTOR('',#2427,10.);
#176=VECTOR('',#2430,10.);
#177=VECTOR('',#2433,10.);
#178=VECTOR('',#2436,10.);
#179=VECTOR('',#2439,10.);
#180=VECTOR('',#2442,10.);
#181=VECTOR('',#2445,10.);
#182=VECTOR('',#2450,10.);
#183=VECTOR('',#2471,10.);
#184=VECTOR('',#2474,10.);
#185=VECTOR('',#2477,10.);
#186=VECTOR('',#2478,10.);
#187=VECTOR('',#2483,10.);
#188=VECTOR('',#2486,10.);
#189=VECTOR('',#2489,10.);
#190=VECTOR('',#2492,10.);
#191=VECTOR('',#2495,10.);
#192=VECTOR('',#2498,10.);
#193=VECTOR('',#2501,10.);
#194=VECTOR('',#2506,10.);
#195=VECTOR('',#2509,10.);
#196=VECTOR('',#2512,10.);
#197=VECTOR('',#2515,10.);
#198=VECTOR('',#2518,10.);
#199=CYLINDRICAL_SURFACE('',#1779,0.85);
#200=CYLINDRICAL_SURFACE('',#1790,0.85);
#201=CYLINDRICAL_SURFACE('',#1796,0.85);
#202=CYLINDRICAL_SURFACE('',#1797,0.85);
#203=CYLINDRICAL_SURFACE('',#1803,0.85);
#204=CYLINDRICAL_SURFACE('',#1809,0.85);
#205=CYLINDRICAL_SURFACE('',#1815,0.85);
#206=CYLINDRICAL_SURFACE('',#1825,0.85);
#207=CYLINDRICAL_SURFACE('',#1831,0.85);
#208=CYLINDRICAL_SURFACE('',#1832,3.);
#209=CYLINDRICAL_SURFACE('',#1833,0.85);
#210=CYLINDRICAL_SURFACE('',#1843,0.85);
#211=CYLINDRICAL_SURFACE('',#1849,0.85);
#212=CYLINDRICAL_SURFACE('',#1855,0.85);
#213=CYLINDRICAL_SURFACE('',#1861,0.85);
#214=CYLINDRICAL_SURFACE('',#1862,3.);
#215=CYLINDRICAL_SURFACE('',#1863,0.85);
#216=CYLINDRICAL_SURFACE('',#1873,0.85);
#217=CYLINDRICAL_SURFACE('',#1879,0.85);
#218=CYLINDRICAL_SURFACE('',#1885,0.85);
#219=CYLINDRICAL_SURFACE('',#1891,0.85);
#220=CYLINDRICAL_SURFACE('',#1892,3.);
#221=CYLINDRICAL_SURFACE('',#1893,0.85);
#222=CYLINDRICAL_SURFACE('',#1899,0.85);
#223=CYLINDRICAL_SURFACE('',#1905,0.85);
#224=CYLINDRICAL_SURFACE('',#1911,0.85);
#225=CYLINDRICAL_SURFACE('',#1921,0.85);
#226=CYLINDRICAL_SURFACE('',#1922,3.);
#227=CYLINDRICAL_SURFACE('',#1924,2.54);
#228=CYLINDRICAL_SURFACE('',#1925,4.45999999973953);
#229=CYLINDRICAL_SURFACE('',#1927,7.);
#230=CYLINDRICAL_SURFACE('',#1929,6.99999999999999);
#231=CYLINDRICAL_SURFACE('',#1932,6.99999999999998);
#232=CYLINDRICAL_SURFACE('',#1952,5.08);
#233=CYLINDRICAL_SURFACE('',#1953,6.99999999973953);
#234=CYLINDRICAL_SURFACE('',#1958,4.46);
#235=CYLINDRICAL_SURFACE('',#1960,4.45999999999999);
#236=CYLINDRICAL_SURFACE('',#1962,4.45999999999998);
#237=STYLED_ITEM('',(#5854),#239);
#238=STYLED_ITEM('',(#5853),#240);
#239=MANIFOLD_SOLID_BREP('Body1',#1727);
#240=MANIFOLD_SOLID_BREP('Body4',#1728);
#241=TOROIDAL_SURFACE('',#1753,34.45,9.49999999999828);
#242=TOROIDAL_SURFACE('',#1757,34.45,9.99999999999828);
#243=TOROIDAL_SURFACE('',#1759,2.15,0.85);
#244=TOROIDAL_SURFACE('',#1764,2.15,0.849999999999998);
#245=TOROIDAL_SURFACE('',#1769,2.15,0.849999999999997);
#246=TOROIDAL_SURFACE('',#1774,2.15,0.849999999999998);
#247=TOROIDAL_SURFACE('',#1780,2.15,0.85);
#248=TOROIDAL_SURFACE('',#1785,2.15,0.850000000000001);
#249=TOROIDAL_SURFACE('',#1791,2.15,0.85);
#250=TOROIDAL_SURFACE('',#1799,5.30999999999998,0.85);
#251=TOROIDAL_SURFACE('',#1805,5.30999999999999,0.85);
#252=TOROIDAL_SURFACE('',#1811,5.31,0.85);
#253=TOROIDAL_SURFACE('',#1817,6.14999999973954,0.85);
#254=TOROIDAL_SURFACE('',#1821,4.23,0.85);
#255=TOROIDAL_SURFACE('',#1826,2.15,0.849999999999997);
#256=TOROIDAL_SURFACE('',#1835,3.39,0.85);
#257=TOROIDAL_SURFACE('',#1839,5.30999999973953,0.85);
#258=TOROIDAL_SURFACE('',#1845,6.15,0.85);
#259=TOROIDAL_SURFACE('',#1851,6.14999999999999,0.85);
#260=TOROIDAL_SURFACE('',#1857,6.14999999999998,0.85);
#261=TOROIDAL_SURFACE('',#1865,3.39,0.85);
#262=TOROIDAL_SURFACE('',#1869,5.30999999973953,0.85);
#263=TOROIDAL_SURFACE('',#1875,6.15,0.85);
#264=TOROIDAL_SURFACE('',#1881,6.14999999999999,0.85);
#265=TOROIDAL_SURFACE('',#1887,6.14999999999998,0.85);
#266=TOROIDAL_SURFACE('',#1895,5.30999999999998,0.85);
#267=TOROIDAL_SURFACE('',#1901,5.30999999999999,0.85);
#268=TOROIDAL_SURFACE('',#1907,5.31,0.85);
#269=TOROIDAL_SURFACE('',#1913,6.14999999973954,0.85);
#270=TOROIDAL_SURFACE('',#1917,4.23,0.85);
#271=(
BOUNDED_CURVE()
B_SPLINE_CURVE(2,(#3268,#3269,#3270),.UNSPECIFIED.,.F.,.F.)
B_SPLINE_CURVE_WITH_KNOTS((3,3),(0.0412760026162131,0.0460605716375216),
 .UNSPECIFIED.)
CURVE()
GEOMETRIC_REPRESENTATION_ITEM()
RATIONAL_B_SPLINE_CURVE((1.,0.999994995416071,0.999995713848974))
REPRESENTATION_ITEM('')
);
#272=(
BOUNDED_CURVE()
B_SPLINE_CURVE(2,(#4024,#4025,#4026),.UNSPECIFIED.,.F.,.F.)
B_SPLINE_CURVE_WITH_KNOTS((3,3),(-0.0460541940248348,-0.0412760026162131),
 .UNSPECIFIED.)
CURVE()
GEOMETRIC_REPRESENTATION_ITEM()
RATIONAL_B_SPLINE_CURVE((0.999995714911396,0.999995003570716,1.))
REPRESENTATION_ITEM('')
);
#273=(
BOUNDED_SURFACE()
B_SPLINE_SURFACE(2,2,((#3239,#3240,#3241,#3242,#3243,#3244,#3245,#3246,
#3247),(#3248,#3249,#3250,#3251,#3252,#3253,#3254,#3255,#3256),(#3257,#3258,
#3259,#3260,#3261,#3262,#3263,#3264,#3265)),.UNSPECIFIED.,.F.,.T.,.F.)
B_SPLINE_SURFACE_WITH_KNOTS((3,3),(3,2,2,2,3),(0.0412760026162131,0.0496438889724741),
(-3.14159265358979,-1.5707963267949,0.,1.5707963267949,3.14159265358979),
 .UNSPECIFIED.)
GEOMETRIC_REPRESENTATION_ITEM()
RATIONAL_B_SPLINE_SURFACE(((1.,0.707106781186548,1.,0.707106781186548,1.,
0.707106781186548,1.,0.707106781186548,1.),(0.999991247322509,0.70710059210894,
0.999991247322509,0.70710059210894,0.999991247322509,0.70710059210894,0.999991247322509,
0.70710059210894,0.999991247322509),(1.,0.707106781186548,1.,0.707106781186548,
1.,0.707106781186548,1.,0.707106781186548,1.)))
REPRESENTATION_ITEM('')
SURFACE()
);
#274=(
BOUNDED_SURFACE()
B_SPLINE_SURFACE(2,2,((#3996,#3997,#3998,#3999,#4000,#4001,#4002,#4003,
#4004),(#4005,#4006,#4007,#4008,#4009,#4010,#4011,#4012,#4013),(#4014,#4015,
#4016,#4017,#4018,#4019,#4020,#4021,#4022)),.UNSPECIFIED.,.F.,.T.,.F.)
B_SPLINE_SURFACE_WITH_KNOTS((3,3),(3,2,2,2,3),(0.0412760026162131,0.0496414047370315),
(-3.14159265358979,-1.5707963267949,0.,1.5707963267949,3.14159265358979),
 .UNSPECIFIED.)
GEOMETRIC_REPRESENTATION_ITEM()
RATIONAL_B_SPLINE_SURFACE(((1.,0.707106781186548,1.,0.707106781186548,1.,
0.707106781186548,1.,0.707106781186548,1.),(0.999991252518673,0.707100595783183,
0.999991252518673,0.707100595783183,0.999991252518673,0.707100595783183,
0.999991252518673,0.707100595783183,0.999991252518673),(1.,0.707106781186548,
1.,0.707106781186548,1.,0.707106781186548,1.,0.707106781186548,1.)))
REPRESENTATION_ITEM('')
SURFACE()
);
#275=FACE_BOUND('',#432,.T.);
#276=FACE_BOUND('',#525,.T.);
#277=FACE_BOUND('',#538,.T.);
#278=PLANE('',#1744);
#279=PLANE('',#1751);
#280=PLANE('',#1755);
#281=PLANE('',#1923);
#282=PLANE('',#1926);
#283=PLANE('',#1928);
#284=PLANE('',#1930);
#285=PLANE('',#1931);
#286=PLANE('',#1933);
#287=PLANE('',#1934);
#288=PLANE('',#1935);
#289=PLANE('',#1936);
#290=PLANE('',#1937);
#291=PLANE('',#1938);
#292=PLANE('',#1939);
#293=PLANE('',#1940);
#294=PLANE('',#1941);
#295=PLANE('',#1942);
#296=PLANE('',#1943);
#297=PLANE('',#1944);
#298=PLANE('',#1951);
#299=PLANE('',#1954);
#300=PLANE('',#1955);
#301=PLANE('',#1956);
#302=PLANE('',#1957);
#303=PLANE('',#1959);
#304=PLANE('',#1961);
#305=PLANE('',#1963);
#306=PLANE('',#1964);
#307=PLANE('',#1965);
#308=PLANE('',#1966);
#309=PLANE('',#1967);
#310=PLANE('',#1968);
#311=PLANE('',#1969);
#312=PLANE('',#1970);
#313=FACE_OUTER_BOUND('',#428,.T.);
#314=FACE_OUTER_BOUND('',#429,.T.);
#315=FACE_OUTER_BOUND('',#430,.T.);
#316=FACE_OUTER_BOUND('',#431,.T.);
#317=FACE_OUTER_BOUND('',#433,.T.);
#318=FACE_OUTER_BOUND('',#434,.T.);
#319=FACE_OUTER_BOUND('',#435,.T.);
#320=FACE_OUTER_BOUND('',#436,.T.);
#321=FACE_OUTER_BOUND('',#437,.T.);
#322=FACE_OUTER_BOUND('',#438,.T.);
#323=FACE_OUTER_BOUND('',#439,.T.);
#324=FACE_OUTER_BOUND('',#440,.T.);
#325=FACE_OUTER_BOUND('',#441,.T.);
#326=FACE_OUTER_BOUND('',#442,.T.);
#327=FACE_OUTER_BOUND('',#443,.T.);
#328=FACE_OUTER_BOUND('',#444,.T.);
#329=FACE_OUTER_BOUND('',#445,.T.);
#330=FACE_OUTER_BOUND('',#446,.T.);
#331=FACE_OUTER_BOUND('',#447,.T.);
#332=FACE_OUTER_BOUND('',#448,.T.);
#333=FACE_OUTER_BOUND('',#449,.T.);
#334=FACE_OUTER_BOUND('',#450,.T.);
#335=FACE_OUTER_BOUND('',#451,.T.);
#336=FACE_OUTER_BOUND('',#452,.T.);
#337=FACE_OUTER_BOUND('',#453,.T.);
#338=FACE_OUTER_BOUND('',#454,.T.);
#339=FACE_OUTER_BOUND('',#455,.T.);
#340=FACE_OUTER_BOUND('',#456,.T.);
#341=FACE_OUTER_BOUND('',#457,.T.);
#342=FACE_OUTER_BOUND('',#458,.T.);
#343=FACE_OUTER_BOUND('',#459,.T.);
#344=FACE_OUTER_BOUND('',#460,.T.);
#345=FACE_OUTER_BOUND('',#461,.T.);
#346=FACE_OUTER_BOUND('',#462,.T.);
#347=FACE_OUTER_BOUND('',#463,.T.);
#348=FACE_OUTER_BOUND('',#464,.T.);
#349=FACE_OUTER_BOUND('',#465,.T.);
#350=FACE_OUTER_BOUND('',#466,.T.);
#351=FACE_OUTER_BOUND('',#467,.T.);
#352=FACE_OUTER_BOUND('',#468,.T.);
#353=FACE_OUTER_BOUND('',#469,.T.);
#354=FACE_OUTER_BOUND('',#470,.T.);
#355=FACE_OUTER_BOUND('',#471,.T.);
#356=FACE_OUTER_BOUND('',#472,.T.);
#357=FACE_OUTER_BOUND('',#473,.T.);
#358=FACE_OUTER_BOUND('',#474,.T.);
#359=FACE_OUTER_BOUND('',#475,.T.);
#360=FACE_OUTER_BOUND('',#476,.T.);
#361=FACE_OUTER_BOUND('',#477,.T.);
#362=FACE_OUTER_BOUND('',#478,.T.);
#363=FACE_OUTER_BOUND('',#479,.T.);
#364=FACE_OUTER_BOUND('',#480,.T.);
#365=FACE_OUTER_BOUND('',#481,.T.);
#366=FACE_OUTER_BOUND('',#482,.T.);
#367=FACE_OUTER_BOUND('',#483,.T.);
#368=FACE_OUTER_BOUND('',#484,.T.);
#369=FACE_OUTER_BOUND('',#485,.T.);
#370=FACE_OUTER_BOUND('',#486,.T.);
#371=FACE_OUTER_BOUND('',#487,.T.);
#372=FACE_OUTER_BOUND('',#488,.T.);
#373=FACE_OUTER_BOUND('',#489,.T.);
#374=FACE_OUTER_BOUND('',#490,.T.);
#375=FACE_OUTER_BOUND('',#491,.T.);
#376=FACE_OUTER_BOUND('',#492,.T.);
#377=FACE_OUTER_BOUND('',#493,.T.);
#378=FACE_OUTER_BOUND('',#494,.T.);
#379=FACE_OUTER_BOUND('',#495,.T.);
#380=FACE_OUTER_BOUND('',#496,.T.);
#381=FACE_OUTER_BOUND('',#497,.T.);
#382=FACE_OUTER_BOUND('',#498,.T.);
#383=FACE_OUTER_BOUND('',#499,.T.);
#384=FACE_OUTER_BOUND('',#500,.T.);
#385=FACE_OUTER_BOUND('',#501,.T.);
#386=FACE_OUTER_BOUND('',#502,.T.);
#387=FACE_OUTER_BOUND('',#503,.T.);
#388=FACE_OUTER_BOUND('',#504,.T.);
#389=FACE_OUTER_BOUND('',#505,.T.);
#390=FACE_OUTER_BOUND('',#506,.T.);
#391=FACE_OUTER_BOUND('',#507,.T.);
#392=FACE_OUTER_BOUND('',#508,.T.);
#393=FACE_OUTER_BOUND('',#509,.T.);
#394=FACE_OUTER_BOUND('',#510,.T.);
#395=FACE_OUTER_BOUND('',#511,.T.);
#396=FACE_OUTER_BOUND('',#512,.T.);
#397=FACE_OUTER_BOUND('',#513,.T.);
#398=FACE_OUTER_BOUND('',#514,.T.);
#399=FACE_OUTER_BOUND('',#515,.T.);
#400=FACE_OUTER_BOUND('',#516,.T.);
#401=FACE_OUTER_BOUND('',#517,.T.);
#402=FACE_OUTER_BOUND('',#518,.T.);
#403=FACE_OUTER_BOUND('',#519,.T.);
#404=FACE_OUTER_BOUND('',#520,.T.);
#405=FACE_OUTER_BOUND('',#521,.T.);
#406=FACE_OUTER_BOUND('',#522,.T.);
#407=FACE_OUTER_BOUND('',#523,.T.);
#408=FACE_OUTER_BOUND('',#524,.T.);
#409=FACE_OUTER_BOUND('',#526,.T.);
#410=FACE_OUTER_BOUND('',#527,.T.);
#411=FACE_OUTER_BOUND('',#528,.T.);
#412=FACE_OUTER_BOUND('',#529,.T.);
#413=FACE_OUTER_BOUND('',#530,.T.);
#414=FACE_OUTER_BOUND('',#531,.T.);
#415=FACE_OUTER_BOUND('',#532,.T.);
#416=FACE_OUTER_BOUND('',#533,.T.);
#417=FACE_OUTER_BOUND('',#534,.T.);
#418=FACE_OUTER_BOUND('',#535,.T.);
#419=FACE_OUTER_BOUND('',#536,.T.);
#420=FACE_OUTER_BOUND('',#537,.T.);
#421=FACE_OUTER_BOUND('',#539,.T.);
#422=FACE_OUTER_BOUND('',#540,.T.);
#423=FACE_OUTER_BOUND('',#541,.T.);
#424=FACE_OUTER_BOUND('',#542,.T.);
#425=FACE_OUTER_BOUND('',#543,.T.);
#426=FACE_OUTER_BOUND('',#544,.T.);
#427=FACE_OUTER_BOUND('',#545,.T.);
#428=EDGE_LOOP('',(#1100,#1101,#1102,#1103,#1104,#1105,#1106,#1107,#1108,
#1109,#1110,#1111,#1112));
#429=EDGE_LOOP('',(#1113,#1114,#1115,#1116));
#430=EDGE_LOOP('',(#1117,#1118,#1119,#1120));
#431=EDGE_LOOP('',(#1121,#1122,#1123,#1124));
#432=EDGE_LOOP('',(#1125,#1126,#1127,#1128,#1129,#1130));
#433=EDGE_LOOP('',(#1131,#1132,#1133,#1134,#1135,#1136,#1137,#1138));
#434=EDGE_LOOP('',(#1139,#1140,#1141,#1142,#1143,#1144,#1145,#1146,#1147,
#1148,#1149,#1150,#1151));
#435=EDGE_LOOP('',(#1152,#1153,#1154));
#436=EDGE_LOOP('',(#1155,#1156,#1157));
#437=EDGE_LOOP('',(#1158,#1159,#1160,#1161,#1162,#1163,#1164,#1165));
#438=EDGE_LOOP('',(#1166,#1167,#1168,#1169,#1170,#1171,#1172,#1173,#1174,
#1175));
#439=EDGE_LOOP('',(#1176));
#440=EDGE_LOOP('',(#1177,#1178,#1179,#1180));
#441=EDGE_LOOP('',(#1181,#1182,#1183,#1184,#1185,#1186,#1187,#1188,#1189,
#1190));
#442=EDGE_LOOP('',(#1191));
#443=EDGE_LOOP('',(#1192,#1193,#1194,#1195));
#444=EDGE_LOOP('',(#1196,#1197,#1198,#1199));
#445=EDGE_LOOP('',(#1200,#1201,#1202,#1203));
#446=EDGE_LOOP('',(#1204,#1205,#1206,#1207));
#447=EDGE_LOOP('',(#1208,#1209,#1210,#1211));
#448=EDGE_LOOP('',(#1212,#1213,#1214,#1215));
#449=EDGE_LOOP('',(#1216,#1217,#1218,#1219));
#450=EDGE_LOOP('',(#1220,#1221,#1222,#1223));
#451=EDGE_LOOP('',(#1224,#1225,#1226,#1227));
#452=EDGE_LOOP('',(#1228,#1229,#1230,#1231));
#453=EDGE_LOOP('',(#1232,#1233,#1234,#1235));
#454=EDGE_LOOP('',(#1236,#1237,#1238,#1239));
#455=EDGE_LOOP('',(#1240,#1241,#1242,#1243));
#456=EDGE_LOOP('',(#1244,#1245,#1246,#1247));
#457=EDGE_LOOP('',(#1248,#1249,#1250,#1251));
#458=EDGE_LOOP('',(#1252,#1253,#1254,#1255));
#459=EDGE_LOOP('',(#1256,#1257,#1258,#1259));
#460=EDGE_LOOP('',(#1260,#1261,#1262,#1263));
#461=EDGE_LOOP('',(#1264,#1265,#1266,#1267));
#462=EDGE_LOOP('',(#1268,#1269,#1270,#1271));
#463=EDGE_LOOP('',(#1272,#1273,#1274,#1275));
#464=EDGE_LOOP('',(#1276,#1277,#1278,#1279));
#465=EDGE_LOOP('',(#1280,#1281,#1282,#1283));
#466=EDGE_LOOP('',(#1284,#1285,#1286,#1287));
#467=EDGE_LOOP('',(#1288,#1289,#1290,#1291));
#468=EDGE_LOOP('',(#1292,#1293,#1294,#1295));
#469=EDGE_LOOP('',(#1296,#1297,#1298,#1299));
#470=EDGE_LOOP('',(#1300,#1301,#1302,#1303));
#471=EDGE_LOOP('',(#1304,#1305,#1306,#1307));
#472=EDGE_LOOP('',(#1308,#1309,#1310,#1311));
#473=EDGE_LOOP('',(#1312,#1313,#1314,#1315));
#474=EDGE_LOOP('',(#1316,#1317,#1318,#1319));
#475=EDGE_LOOP('',(#1320,#1321,#1322,#1323));
#476=EDGE_LOOP('',(#1324,#1325,#1326,#1327));
#477=EDGE_LOOP('',(#1328,#1329,#1330,#1331));
#478=EDGE_LOOP('',(#1332,#1333,#1334,#1335));
#479=EDGE_LOOP('',(#1336,#1337,#1338,#1339));
#480=EDGE_LOOP('',(#1340,#1341,#1342,#1343));
#481=EDGE_LOOP('',(#1344,#1345,#1346,#1347));
#482=EDGE_LOOP('',(#1348,#1349,#1350,#1351));
#483=EDGE_LOOP('',(#1352,#1353,#1354,#1355));
#484=EDGE_LOOP('',(#1356,#1357,#1358,#1359));
#485=EDGE_LOOP('',(#1360,#1361,#1362,#1363));
#486=EDGE_LOOP('',(#1364,#1365,#1366,#1367));
#487=EDGE_LOOP('',(#1368,#1369,#1370,#1371));
#488=EDGE_LOOP('',(#1372,#1373,#1374,#1375));
#489=EDGE_LOOP('',(#1376,#1377,#1378,#1379));
#490=EDGE_LOOP('',(#1380,#1381,#1382,#1383));
#491=EDGE_LOOP('',(#1384,#1385,#1386,#1387));
#492=EDGE_LOOP('',(#1388,#1389,#1390,#1391));
#493=EDGE_LOOP('',(#1392,#1393,#1394,#1395));
#494=EDGE_LOOP('',(#1396,#1397,#1398,#1399));
#495=EDGE_LOOP('',(#1400,#1401,#1402,#1403));
#496=EDGE_LOOP('',(#1404,#1405,#1406,#1407));
#497=EDGE_LOOP('',(#1408,#1409,#1410,#1411));
#498=EDGE_LOOP('',(#1412,#1413,#1414,#1415));
#499=EDGE_LOOP('',(#1416,#1417,#1418,#1419));
#500=EDGE_LOOP('',(#1420,#1421,#1422,#1423,#1424,#1425));
#501=EDGE_LOOP('',(#1426,#1427,#1428,#1429));
#502=EDGE_LOOP('',(#1430,#1431,#1432,#1433));
#503=EDGE_LOOP('',(#1434,#1435,#1436,#1437));
#504=EDGE_LOOP('',(#1438,#1439,#1440,#1441));
#505=EDGE_LOOP('',(#1442,#1443,#1444,#1445));
#506=EDGE_LOOP('',(#1446,#1447,#1448,#1449));
#507=EDGE_LOOP('',(#1450,#1451,#1452,#1453,#1454,#1455));
#508=EDGE_LOOP('',(#1456,#1457,#1458,#1459));
#509=EDGE_LOOP('',(#1460,#1461,#1462,#1463));
#510=EDGE_LOOP('',(#1464,#1465,#1466,#1467));
#511=EDGE_LOOP('',(#1468,#1469,#1470,#1471));
#512=EDGE_LOOP('',(#1472,#1473,#1474,#1475));
#513=EDGE_LOOP('',(#1476,#1477,#1478,#1479));
#514=EDGE_LOOP('',(#1480,#1481,#1482,#1483));
#515=EDGE_LOOP('',(#1484,#1485,#1486,#1487));
#516=EDGE_LOOP('',(#1488,#1489,#1490,#1491));
#517=EDGE_LOOP('',(#1492,#1493,#1494,#1495));
#518=EDGE_LOOP('',(#1496,#1497,#1498,#1499));
#519=EDGE_LOOP('',(#1500,#1501,#1502,#1503));
#520=EDGE_LOOP('',(#1504,#1505,#1506,#1507));
#521=EDGE_LOOP('',(#1508,#1509,#1510,#1511));
#522=EDGE_LOOP('',(#1512,#1513,#1514));
#523=EDGE_LOOP('',(#1515,#1516,#1517));
#524=EDGE_LOOP('',(#1518,#1519,#1520,#1521,#1522,#1523));
#525=EDGE_LOOP('',(#1524));
#526=EDGE_LOOP('',(#1525,#1526,#1527,#1528));
#527=EDGE_LOOP('',(#1529,#1530,#1531,#1532));
#528=EDGE_LOOP('',(#1533,#1534,#1535,#1536));
#529=EDGE_LOOP('',(#1537,#1538,#1539,#1540));
#530=EDGE_LOOP('',(#1541,#1542,#1543,#1544));
#531=EDGE_LOOP('',(#1545,#1546,#1547,#1548));
#532=EDGE_LOOP('',(#1549,#1550,#1551,#1552));
#533=EDGE_LOOP('',(#1553,#1554,#1555,#1556));
#534=EDGE_LOOP('',(#1557,#1558,#1559,#1560));
#535=EDGE_LOOP('',(#1561,#1562,#1563,#1564));
#536=EDGE_LOOP('',(#1565,#1566,#1567,#1568));
#537=EDGE_LOOP('',(#1569,#1570,#1571,#1572,#1573,#1574));
#538=EDGE_LOOP('',(#1575));
#539=EDGE_LOOP('',(#1576,#1577,#1578,#1579));
#540=EDGE_LOOP('',(#1580,#1581,#1582,#1583));
#541=EDGE_LOOP('',(#1584,#1585,#1586,#1587));
#542=EDGE_LOOP('',(#1588,#1589,#1590,#1591));
#543=EDGE_LOOP('',(#1592,#1593,#1594,#1595));
#544=EDGE_LOOP('',(#1596,#1597,#1598,#1599));
#545=EDGE_LOOP('',(#1600,#1601,#1602,#1603));
#546=B_SPLINE_CURVE_WITH_KNOTS('',3,(#2873,#2874,#2875,#2876,#2877,#2878,
#2879,#2880,#2881),.UNSPECIFIED.,.F.,.F.,(4,1,1,1,2,4),(-7.87574551699045,
-7.67299581732248,-7.57162096748849,-7.5209335425715,-7.47024611765451,
-7.4698747097882),.UNSPECIFIED.);
#547=B_SPLINE_CURVE_WITH_KNOTS('',3,(#2883,#2884,#2885,#2886,#2887,#2888,
#2889,#2890,#2891,#2892,#2893,#2894),.UNSPECIFIED.,.F.,.F.,(4,1,1,2,2,2,
4),(-7.4698747097882,-7.39163452628468,-7.31302293491486,-6.84135338669592,
-5.94888334717563,-5.19828163705906,-4.97491519620841),.UNSPECIFIED.);
#548=B_SPLINE_CURVE_WITH_KNOTS('',3,(#2896,#2897,#2898,#2899,#2900,#2901,
#2902,#2903,#2904,#2905),.UNSPECIFIED.,.F.,.F.,(4,2,1,1,2,4),(-4.97491519620841,
-4.97480552812778,-4.81262120898947,-4.73152904942032,-4.65043688985116,
-4.64991572496791),.UNSPECIFIED.);
#549=B_SPLINE_CURVE_WITH_KNOTS('',3,(#2907,#2908,#2909,#2910,#2911,#2912,
#2913,#2914,#2915,#2916,#2917,#2918,#2919,#2920),.UNSPECIFIED.,.F.,.F.,
(4,2,2,2,1,1,2,4),(-4.64991572496791,-4.51639820886474,-4.3346412823843,
-4.16770259072663,-4.12291842498543,-4.10052634211484,-4.07813425924424,
-4.07780038550026),.UNSPECIFIED.);
#550=B_SPLINE_CURVE_WITH_KNOTS('',3,(#2922,#2923,#2924,#2925,#2926,#2927,
#2928,#2929,#2930,#2931,#2932),.UNSPECIFIED.,.F.,.F.,(4,2,1,2,1,1,4),(-4.07780038550026,
-3.99045735376755,-3.93956388047149,-3.88867027247153,-3.8449293681654,
-3.82305891601234,-3.80136462740586),.UNSPECIFIED.);
#551=B_SPLINE_CURVE_WITH_KNOTS('',3,(#2934,#2935,#2936,#2937,#2938,#2939,
#2940,#2941,#2942,#2943,#2944,#2945,#2946,#2947,#2948,#2949,#2950),
 .UNSPECIFIED.,.F.,.F.,(4,2,1,1,1,1,1,2,2,2,4),(-3.80136462740586,-3.80118846385928,
-3.78994740493686,-3.77870634601445,-3.75622422816962,-3.73374211032479,
-3.72250105140237,-3.71125999247995,-3.54478775104447,-3.3634661359373,
-3.23018734575522),.UNSPECIFIED.);
#552=B_SPLINE_CURVE_WITH_KNOTS('',3,(#2952,#2953,#2954,#2955,#2956,#2957),
 .UNSPECIFIED.,.F.,.F.,(4,2,4),(-3.23018734575522,-3.22941271130168,-2.90517935187202),
 .UNSPECIFIED.);
#553=B_SPLINE_CURVE_WITH_KNOTS('',3,(#2959,#2960,#2961,#2962,#2963,#2964,
#2965,#2966,#2967,#2968,#2969,#2970,#2971,#2972,#2973),.UNSPECIFIED.,.F.,
 .F.,(4,2,2,2,2,1,1,1,4),(-2.90517935187202,-2.90506095974005,-2.68148277000695,
-1.92845129007119,-1.03998009941183,-0.724596769363888,-0.566905104339918,
-0.488059271827934,-0.409614267639886),.UNSPECIFIED.);
#554=B_SPLINE_CURVE_WITH_KNOTS('',3,(#2975,#2976,#2977,#2978,#2979,#2980,
#2981),.UNSPECIFIED.,.F.,.F.,(4,2,1,4),(-0.409614267639886,-0.409213439315949,
-0.257181572718751,-0.00379512839008582),.UNSPECIFIED.);
#555=B_SPLINE_CURVE_WITH_KNOTS('',3,(#2985,#2986,#2987,#2988,#2989,#2990,
#2991,#2992,#2993,#2994,#2995,#2996,#2997,#2998,#2999,#3000,#3001,#3002,
#3003,#3004,#3005,#3006,#3007,#3008,#3009,#3010,#3011,#3012,#3013,#3014,
#3015,#3016,#3017,#3018,#3019,#3020,#3021,#3022),.UNSPECIFIED.,.F.,.F.,
(4,1,2,1,1,1,2,2,2,2,2,2,2,2,1,1,1,1,1,2,1,1,2,1,4),(0.00379512839008582,
0.257181572718751,0.409213439315949,0.488059271827934,0.566905104339918,
0.724596769363888,1.03998009941183,1.92845129007119,2.68148277000695,2.90506095974005,
3.22941271130168,3.3634661359373,3.54478775104447,3.71125999247995,3.72250105140237,
3.73374211032479,3.75622422816962,3.77870634601445,3.78994740493686,3.80118846385928,
3.82305891601234,3.8449293681654,3.88867027247153,3.93956388047149,3.93957597357533),
 .UNSPECIFIED.);
#556=B_SPLINE_CURVE_WITH_KNOTS('',3,(#3023,#3024,#3025,#3026,#3027,#3028,
#3029,#3030,#3031,#3032,#3033,#3034,#3035,#3036,#3037,#3038,#3039,#3040,
#3041,#3042,#3043,#3044,#3045,#3046,#3047,#3048,#3049,#3050,#3051,#3052,
#3053,#3054,#3055,#3056,#3057),.UNSPECIFIED.,.F.,.F.,(4,2,2,1,1,2,2,2,2,
1,1,2,2,2,2,1,1,2,1,1,1,4),(3.93957597357533,3.99045735376755,4.07813425924424,
4.10052634211484,4.12291842498543,4.16770259072663,4.3346412823843,4.51639820886474,
4.65043688985116,4.73152904942032,4.81262120898947,4.97480552812778,5.19828163705906,
5.94888334717563,6.84135338669592,7.31302293491486,7.39163452628468,7.47024611765451,
7.5209335425715,7.57162096748849,7.67299581732248,7.87574551699045),
 .UNSPECIFIED.);
#557=B_SPLINE_CURVE_WITH_KNOTS('',3,(#3088,#3089,#3090,#3091,#3092,#3093,
#3094,#3095),.UNSPECIFIED.,.F.,.F.,(4,2,2,4),(-7.47171515629098E-5,0.,0.00868101148081903,
0.017436851680614),.UNSPECIFIED.);
#558=B_SPLINE_CURVE_WITH_KNOTS('',3,(#3096,#3097,#3098,#3099,#3100,#3101,
#3102),.UNSPECIFIED.,.F.,.F.,(4,1,1,1,4),(0.923538979096017,0.939205176460231,
0.954947833387063,0.986433147240726,1.03366111802122),.UNSPECIFIED.);
#559=B_SPLINE_CURVE_WITH_KNOTS('',3,(#3103,#3104,#3105,#3106,#3107,#3108),
 .UNSPECIFIED.,.F.,.F.,(4,2,4),(1.02754866046528,1.09039420556677,1.1359910860745),
 .UNSPECIFIED.);
#560=B_SPLINE_CURVE_WITH_KNOTS('',3,(#3139,#3140,#3141,#3142,#3143,#3144,
#3145,#3146),.UNSPECIFIED.,.F.,.F.,(4,2,2,4),(0.,0.00875584078391425,0.017436791054117,
0.0175115700025257),.UNSPECIFIED.);
#561=B_SPLINE_CURVE_WITH_KNOTS('',3,(#3147,#3148,#3149,#3150,#3151,#3152,
#3153,#3154,#3155,#3156,#3157,#3158,#3159),.UNSPECIFIED.,.F.,.F.,(4,3,3,
3,4),(4.85866905989839,4.87893553419247,4.89244651705519,4.89920200848655,
4.90595710987099),.UNSPECIFIED.);
#562=B_SPLINE_CURVE_WITH_KNOTS('',3,(#3160,#3161,#3162,#3163,#3164,#3165,
#3166),.UNSPECIFIED.,.F.,.F.,(4,1,1,1,4),(1.03434218544828,1.08151806372009,
1.11296864923464,1.12869394199191,1.14434273405766),.UNSPECIFIED.);
#563=B_SPLINE_CURVE_WITH_KNOTS('',3,(#3172,#3173,#3174,#3175,#3176,#3177,
#3178),.UNSPECIFIED.,.F.,.F.,(4,3,4),(0.,0.000234730653018865,0.0365078459400119),
 .UNSPECIFIED.);
#564=B_SPLINE_CURVE_WITH_KNOTS('',3,(#3180,#3181,#3182,#3183,#3184,#3185,
#3186,#3187,#3188,#3189,#3190,#3191,#3192,#3193,#3194),.UNSPECIFIED.,.F.,
 .F.,(4,2,2,2,1,2,2,4),(0.0365078459400111,0.112144578201089,0.448489897271499,
0.500000000000017,0.506438762841083,0.55151010272854,0.887855421798899,
0.963492154059999),.UNSPECIFIED.);
#565=B_SPLINE_CURVE_WITH_KNOTS('',3,(#3195,#3196,#3197,#3198,#3199,#3200,
#3201),.UNSPECIFIED.,.F.,.F.,(4,3,4),(0.963492154059999,0.999765279603703,
1.),.UNSPECIFIED.);
#566=B_SPLINE_CURVE_WITH_KNOTS('',3,(#3203,#3204,#3205,#3206,#3207,#3208,
#3209,#3210,#3211,#3212,#3213,#3214,#3215,#3216,#3217,#3218,#3219,#3220,
#3221,#3222,#3223,#3224,#3225,#3226,#3227,#3228,#3229,#3230,#3231,#3232,
#3233,#3234,#3235,#3236,#3237,#3238),.UNSPECIFIED.,.F.,.F.,(4,2,2,2,2,2,
2,2,2,2,2,2,2,2,2,2,2,4),(1.1359910860745,1.49023302078897,1.59676299841178,
2.59576476746931,3.18160652494063,3.47650995974718,3.62441311827885,3.73812800102716,
3.76417632722012,3.80110477744642,3.83974969866424,3.87853229936703,3.91601438976377,
3.93346284421434,3.95192774149914,4.59560648501207,4.81534947191045,4.85866905989839),
 .UNSPECIFIED.);
#567=B_SPLINE_CURVE_WITH_KNOTS('',3,(#3714,#3715,#3716,#3717,#3718,#3719,
#3720,#3721,#3722,#3723,#3724,#3725,#3726,#3727,#3728,#3729,#3730,#3731,
#3732,#3733,#3734,#3735,#3736,#3737,#3738,#3739,#3740,#3741,#3742,#3743,
#3744,#3745,#3746,#3747,#3748,#3749,#3750,#3751,#3752,#3753,#3754),
 .UNSPECIFIED.,.F.,.F.,(4,1,1,1,2,1,1,1,2,2,2,2,1,1,2,2,2,2,1,1,1,1,1,1,
1,2,2,4),(-7.96532706695867,-7.76208246840404,-7.66046016912672,-7.60964901948806,
-7.55883786984941,-7.5174415089491,-7.47604514804881,-7.39325242624821,
-6.89649609544461,-6.01518487085767,-5.26117517216318,-4.92100081939799,
-4.8176423693728,-4.7659631443602,-4.7142839193476,-4.5731019042404,-4.37757567534652,
-4.19875112665244,-4.19374341465414,-4.18873570265584,-4.17872027865924,
-4.16870485466264,-4.15868943066603,-4.13865858267283,-4.12864315867623,
-4.11862773467963,-4.02384046315017,-3.98380680491785),.UNSPECIFIED.);
#568=B_SPLINE_CURVE_WITH_KNOTS('',3,(#3756,#3757,#3758,#3759,#3760,#3761,
#3762,#3763,#3764,#3765,#3766,#3767,#3768,#3769,#3770,#3771,#3772,#3773,
#3774,#3775,#3776,#3777,#3778,#3779,#3780,#3781,#3782,#3783,#3784,#3785,
#3786,#3787,#3788,#3789,#3790,#3791,#3792,#3793,#3794,#3795,#3796,#3797,
#3798,#3799,#3800,#3801,#3802,#3803,#3804,#3805,#3806),.UNSPECIFIED.,.F.,
 .F.,(4,1,2,1,1,1,1,1,1,1,2,1,1,1,1,1,1,1,1,1,2,1,1,1,1,2,2,2,2,2,2,1,2,
1,1,1,2,4),(-3.98380680491785,-3.98379951282883,-3.94359806455732,-3.91983867390363,
-3.9138988262402,-3.90795897857678,-3.89607928324993,-3.88419958792309,
-3.87231989259624,-3.86044019726939,-3.84856050194254,-3.82851298055995,
-3.8235011002143,-3.82099516004147,-3.81974218995506,-3.81848921986865,
-3.80846545917735,-3.78841793779476,-3.77839417710346,-3.77338229675781,
-3.76837041641216,-3.75720575720403,-3.74604109799589,-3.72371177957962,
-3.67905314274709,-3.58973586908202,-3.39494041117396,-3.25399399250312,
-3.04786828505742,-2.70620780021392,-1.95099517470124,-1.50967192760929,
-1.06834868051735,-0.737333493680295,-0.571825900261767,-0.489072103552504,
-0.40631830684324,1.3569695715219E-14),.UNSPECIFIED.);
#569=B_SPLINE_CURVE_WITH_KNOTS('',3,(#3809,#3810,#3811,#3812,#3813,#3814),
 .UNSPECIFIED.,.F.,.F.,(4,2,4),(-1.3569695715219E-14,0.40631830684324,0.406951022971133),
 .UNSPECIFIED.);
#570=B_SPLINE_CURVE_WITH_KNOTS('',3,(#3816,#3817,#3818,#3819,#3820,#3821,
#3822,#3823,#3824,#3825,#3826,#3827,#3828,#3829,#3830,#3831),
 .UNSPECIFIED.,.F.,.F.,(4,1,1,1,2,1,2,2,2,4),(0.406951022971133,0.489072103552504,
0.571825900261767,0.737333493680295,1.06834868051735,1.50967192760929,1.95099517470124,
2.70620780021392,3.04786828505742,3.04821499224802),.UNSPECIFIED.);
#571=B_SPLINE_CURVE_WITH_KNOTS('',3,(#3833,#3834,#3835,#3836,#3837,#3838),
 .UNSPECIFIED.,.F.,.F.,(4,2,4),(3.04821499224802,3.25399399250312,3.25502242451691),
 .UNSPECIFIED.);
#572=B_SPLINE_CURVE_WITH_KNOTS('',3,(#3840,#3841,#3842,#3843,#3844,#3845,
#3846,#3847,#3848,#3849,#3850,#3851,#3852,#3853,#3854,#3855,#3856,#3857,
#3858,#3859,#3860,#3861,#3862,#3863,#3864),.UNSPECIFIED.,.F.,.F.,(4,2,2,
1,1,1,1,2,1,1,1,1,1,1,1,1,1,2,4),(3.25502242451691,3.39494041117396,3.58973586908202,
3.67905314274709,3.72371177957962,3.74604109799589,3.75720575720403,3.76837041641216,
3.77338229675781,3.77839417710346,3.78841793779476,3.80846545917735,3.81848921986865,
3.81974218995506,3.82099516004147,3.8235011002143,3.82851298055995,3.84856050194254,
3.84880256765857),.UNSPECIFIED.);
#573=B_SPLINE_CURVE_WITH_KNOTS('',3,(#3866,#3867,#3868,#3869,#3870,#3871,
#3872,#3873,#3874,#3875,#3876,#3877,#3878,#3879,#3880,#3881),
 .UNSPECIFIED.,.F.,.F.,(4,1,1,1,1,1,1,1,2,1,2,4),(3.84880256765857,3.86044019726939,
3.87231989259624,3.88419958792309,3.89607928324993,3.90795897857678,3.9138988262402,
3.91983867390363,3.94359806455732,3.98379951282883,4.02384046315017,4.11837740948317),
 .UNSPECIFIED.);
#574=B_SPLINE_CURVE_WITH_KNOTS('',3,(#3883,#3884,#3885,#3886,#3887,#3888,
#3889,#3890,#3891,#3892,#3893,#3894,#3895,#3896,#3897,#3898,#3899,#3900,
#3901),.UNSPECIFIED.,.F.,.F.,(4,2,1,1,1,1,1,1,1,2,2,2,4),(4.11837740948317,
4.11862773467963,4.12864315867623,4.13865858267283,4.15868943066603,4.16870485466264,
4.17872027865924,4.18873570265584,4.19374341465414,4.19875112665244,4.37757567534652,
4.5731019042404,4.71373172274005),.UNSPECIFIED.);
#575=B_SPLINE_CURVE_WITH_KNOTS('',3,(#3903,#3904,#3905,#3906,#3907,#3908,
#3909,#3910,#3911,#3912),.UNSPECIFIED.,.F.,.F.,(4,2,1,1,2,4),(4.71373172274005,
4.7142839193476,4.7659631443602,4.8176423693728,4.92100081939799,4.92123139002257),
 .UNSPECIFIED.);
#576=B_SPLINE_CURVE_WITH_KNOTS('',3,(#3914,#3915,#3916,#3917,#3918,#3919,
#3920,#3921,#3922,#3923,#3924,#3925,#3926),.UNSPECIFIED.,.F.,.F.,(4,2,2,
2,1,1,1,4),(4.92123139002257,5.26117517216318,6.01518487085767,6.89649609544461,
7.39325242624821,7.47604514804881,7.5174415089491,7.55852761387781),
 .UNSPECIFIED.);
#577=B_SPLINE_CURVE_WITH_KNOTS('',3,(#3927,#3928,#3929,#3930,#3931,#3932,
#3933,#3934,#3935),.UNSPECIFIED.,.F.,.F.,(4,2,1,1,1,4),(7.55852761387781,
7.55883786984941,7.60964901948806,7.66046016912672,7.76208246840404,7.96532706695867),
 .UNSPECIFIED.);
#578=B_SPLINE_CURVE_WITH_KNOTS('',3,(#3960,#3961,#3962,#3963,#3964,#3965),
 .UNSPECIFIED.,.F.,.F.,(4,2,4),(-0.176821292037658,0.,0.00114419596102346),
 .UNSPECIFIED.);
#579=B_SPLINE_CURVE_WITH_KNOTS('',3,(#3990,#3991,#3992,#3993,#3994,#3995),
 .UNSPECIFIED.,.F.,.F.,(4,2,4),(-1.19531923234962,-1.19417498638989,-1.01735374434151),
 .UNSPECIFIED.);
#580=CIRCLE('',#1742,1.0000000000003);
#581=CIRCLE('',#1743,0.999999999999996);
#582=CIRCLE('',#1745,40.64);
#583=CIRCLE('',#1746,40.1393832686415);
#584=CIRCLE('',#1747,43.9419085340197);
#585=CIRCLE('',#1748,1.);
#586=CIRCLE('',#1749,0.999999999999731);
#587=CIRCLE('',#1750,44.4414826673896);
#588=CIRCLE('',#1752,34.45);
#589=CIRCLE('',#1754,9.49999999999828);
#590=CIRCLE('',#1756,34.45);
#591=CIRCLE('',#1758,9.99999999999828);
#592=CIRCLE('',#1760,3.);
#593=CIRCLE('',#1761,0.849999999999989);
#594=CIRCLE('',#1762,2.15);
#595=CIRCLE('',#1763,0.85);
#596=CIRCLE('',#1765,2.15);
#597=CIRCLE('',#1766,0.850000000000002);
#598=CIRCLE('',#1767,3.);
#599=CIRCLE('',#1768,0.849999999999998);
#600=CIRCLE('',#1770,2.15);
#601=CIRCLE('',#1771,0.849999999999997);
#602=CIRCLE('',#1772,3.);
#603=CIRCLE('',#1773,0.849999999999997);
#604=CIRCLE('',#1775,2.15);
#605=CIRCLE('',#1776,0.85);
#606=CIRCLE('',#1777,3.);
#607=CIRCLE('',#1778,0.849999999999998);
#608=CIRCLE('',#1781,3.);
#609=CIRCLE('',#1782,0.849999999999997);
#610=CIRCLE('',#1783,2.15000000000001);
#611=CIRCLE('',#1784,0.85);
#612=CIRCLE('',#1786,3.);
#613=CIRCLE('',#1787,0.849999999999998);
#614=CIRCLE('',#1788,2.15);
#615=CIRCLE('',#1789,0.850000000000001);
#616=CIRCLE('',#1792,3.);
#617=CIRCLE('',#1793,0.849999999999997);
#618=CIRCLE('',#1794,2.15000000000001);
#619=CIRCLE('',#1795,0.85);
#620=CIRCLE('',#1798,0.850000000000006);
#621=CIRCLE('',#1800,0.850000000000009);
#622=CIRCLE('',#1801,5.30999999999998);
#623=CIRCLE('',#1802,4.45999999999998);
#624=CIRCLE('',#1804,0.849999999999992);
#625=CIRCLE('',#1806,0.850000000000007);
#626=CIRCLE('',#1807,5.30999999999999);
#627=CIRCLE('',#1808,4.45999999999999);
#628=CIRCLE('',#1810,0.849999999999986);
#629=CIRCLE('',#1812,0.850000000000004);
#630=CIRCLE('',#1813,5.31);
#631=CIRCLE('',#1814,4.46);
#632=CIRCLE('',#1816,0.850000000000004);
#633=CIRCLE('',#1818,6.99999999973953);
#634=CIRCLE('',#1819,0.849999999999998);
#635=CIRCLE('',#1820,6.14999999973953);
#636=CIRCLE('',#1822,5.08);
#637=CIRCLE('',#1823,0.849999999999998);
#638=CIRCLE('',#1824,4.23);
#639=CIRCLE('',#1827,2.15);
#640=CIRCLE('',#1828,0.849999999999997);
#641=CIRCLE('',#1829,3.);
#642=CIRCLE('',#1830,0.849999999999997);
#643=CIRCLE('',#1834,0.849999999999998);
#644=CIRCLE('',#1836,0.849999999999998);
#645=CIRCLE('',#1837,3.39);
#646=CIRCLE('',#1838,2.54);
#647=CIRCLE('',#1840,0.850000000000004);
#648=CIRCLE('',#1841,5.30999999973954);
#649=CIRCLE('',#1842,4.45999999973953);
#650=CIRCLE('',#1844,0.849999999999991);
#651=CIRCLE('',#1846,7.);
#652=CIRCLE('',#1847,0.850000000000005);
#653=CIRCLE('',#1848,6.15);
#654=CIRCLE('',#1850,0.850000000000004);
#655=CIRCLE('',#1852,6.99999999999999);
#656=CIRCLE('',#1853,0.849999999999992);
#657=CIRCLE('',#1854,6.14999999999999);
#658=CIRCLE('',#1856,0.849999999999992);
#659=CIRCLE('',#1858,6.99999999999998);
#660=CIRCLE('',#1859,0.850000000000003);
#661=CIRCLE('',#1860,6.14999999999998);
#662=CIRCLE('',#1864,0.850000000000001);
#663=CIRCLE('',#1866,3.39);
#664=CIRCLE('',#1867,0.850000000000001);
#665=CIRCLE('',#1868,2.54);
#666=CIRCLE('',#1870,5.30999999973954);
#667=CIRCLE('',#1871,0.85);
#668=CIRCLE('',#1872,4.45999999973953);
#669=CIRCLE('',#1874,0.85);
#670=CIRCLE('',#1876,0.85);
#671=CIRCLE('',#1877,7.);
#672=CIRCLE('',#1878,6.15);
#673=CIRCLE('',#1880,0.85);
#674=CIRCLE('',#1882,0.85);
#675=CIRCLE('',#1883,6.99999999999999);
#676=CIRCLE('',#1884,6.14999999999999);
#677=CIRCLE('',#1886,0.85);
#678=CIRCLE('',#1888,0.85);
#679=CIRCLE('',#1889,6.99999999999998);
#680=CIRCLE('',#1890,6.14999999999998);
#681=CIRCLE('',#1894,0.85);
#682=CIRCLE('',#1896,5.30999999999998);
#683=CIRCLE('',#1897,0.85);
#684=CIRCLE('',#1898,4.45999999999998);
#685=CIRCLE('',#1900,0.85);
#686=CIRCLE('',#1902,5.30999999999999);
#687=CIRCLE('',#1903,0.85);
#688=CIRCLE('',#1904,4.45999999999999);
#689=CIRCLE('',#1906,0.85);
#690=CIRCLE('',#1908,5.31);
#691=CIRCLE('',#1909,0.85);
#692=CIRCLE('',#1910,4.46);
#693=CIRCLE('',#1912,0.85);
#694=CIRCLE('',#1914,0.850000000000001);
#695=CIRCLE('',#1915,6.99999999973953);
#696=CIRCLE('',#1916,6.14999999973953);
#697=CIRCLE('',#1918,0.850000000000001);
#698=CIRCLE('',#1919,5.08);
#699=CIRCLE('',#1920,4.23);
#700=CIRCLE('',#1946,2.5);
#701=CIRCLE('',#1947,2.5);
#702=CIRCLE('',#1949,2.5);
#703=CIRCLE('',#1950,2.5);
#704=VERTEX_POINT('',#2869);
#705=VERTEX_POINT('',#2870);
#706=VERTEX_POINT('',#2872);
#707=VERTEX_POINT('',#2882);
#708=VERTEX_POINT('',#2895);
#709=VERTEX_POINT('',#2906);
#710=VERTEX_POINT('',#2921);
#711=VERTEX_POINT('',#2933);
#712=VERTEX_POINT('',#2951);
#713=VERTEX_POINT('',#2958);
#714=VERTEX_POINT('',#2974);
#715=VERTEX_POINT('',#2982);
#716=VERTEX_POINT('',#2984);
#717=VERTEX_POINT('',#3086);
#718=VERTEX_POINT('',#3087);
#719=VERTEX_POINT('',#3137);
#720=VERTEX_POINT('',#3138);
#721=VERTEX_POINT('',#3168);
#722=VERTEX_POINT('',#3169);
#723=VERTEX_POINT('',#3171);
#724=VERTEX_POINT('',#3179);
#725=VERTEX_POINT('',#3266);
#726=VERTEX_POINT('',#3711);
#727=VERTEX_POINT('',#3713);
#728=VERTEX_POINT('',#3755);
#729=VERTEX_POINT('',#3808);
#730=VERTEX_POINT('',#3815);
#731=VERTEX_POINT('',#3832);
#732=VERTEX_POINT('',#3839);
#733=VERTEX_POINT('',#3865);
#734=VERTEX_POINT('',#3882);
#735=VERTEX_POINT('',#3902);
#736=VERTEX_POINT('',#3913);
#737=VERTEX_POINT('',#4023);
#738=VERTEX_POINT('',#5173);
#739=VERTEX_POINT('',#5418);
#740=VERTEX_POINT('',#5423);
#741=VERTEX_POINT('',#5424);
#742=VERTEX_POINT('',#5426);
#743=VERTEX_POINT('',#5428);
#744=VERTEX_POINT('',#5432);
#745=VERTEX_POINT('',#5433);
#746=VERTEX_POINT('',#5435);
#747=VERTEX_POINT('',#5437);
#748=VERTEX_POINT('',#5441);
#749=VERTEX_POINT('',#5442);
#750=VERTEX_POINT('',#5444);
#751=VERTEX_POINT('',#5446);
#752=VERTEX_POINT('',#5450);
#753=VERTEX_POINT('',#5451);
#754=VERTEX_POINT('',#5453);
#755=VERTEX_POINT('',#5455);
#756=VERTEX_POINT('',#5462);
#757=VERTEX_POINT('',#5463);
#758=VERTEX_POINT('',#5465);
#759=VERTEX_POINT('',#5467);
#760=VERTEX_POINT('',#5471);
#761=VERTEX_POINT('',#5472);
#762=VERTEX_POINT('',#5474);
#763=VERTEX_POINT('',#5476);
#764=VERTEX_POINT('',#5483);
#765=VERTEX_POINT('',#5484);
#766=VERTEX_POINT('',#5486);
#767=VERTEX_POINT('',#5488);
#768=VERTEX_POINT('',#5495);
#769=VERTEX_POINT('',#5496);
#770=VERTEX_POINT('',#5501);
#771=VERTEX_POINT('',#5502);
#772=VERTEX_POINT('',#5507);
#773=VERTEX_POINT('',#5508);
#774=VERTEX_POINT('',#5513);
#775=VERTEX_POINT('',#5514);
#776=VERTEX_POINT('',#5519);
#777=VERTEX_POINT('',#5520);
#778=VERTEX_POINT('',#5525);
#779=VERTEX_POINT('',#5526);
#780=VERTEX_POINT('',#5531);
#781=VERTEX_POINT('',#5532);
#782=VERTEX_POINT('',#5537);
#783=VERTEX_POINT('',#5539);
#784=VERTEX_POINT('',#5543);
#785=VERTEX_POINT('',#5545);
#786=VERTEX_POINT('',#5552);
#787=VERTEX_POINT('',#5553);
#788=VERTEX_POINT('',#5555);
#789=VERTEX_POINT('',#5557);
#790=VERTEX_POINT('',#5567);
#791=VERTEX_POINT('',#5568);
#792=VERTEX_POINT('',#5573);
#793=VERTEX_POINT('',#5574);
#794=VERTEX_POINT('',#5579);
#795=VERTEX_POINT('',#5580);
#796=VERTEX_POINT('',#5585);
#797=VERTEX_POINT('',#5587);
#798=VERTEX_POINT('',#5591);
#799=VERTEX_POINT('',#5593);
#800=VERTEX_POINT('',#5597);
#801=VERTEX_POINT('',#5599);
#802=VERTEX_POINT('',#5603);
#803=VERTEX_POINT('',#5605);
#804=VERTEX_POINT('',#5609);
#805=VERTEX_POINT('',#5611);
#806=VERTEX_POINT('',#5615);
#807=VERTEX_POINT('',#5617);
#808=VERTEX_POINT('',#5627);
#809=VERTEX_POINT('',#5628);
#810=VERTEX_POINT('',#5633);
#811=VERTEX_POINT('',#5635);
#812=VERTEX_POINT('',#5639);
#813=VERTEX_POINT('',#5641);
#814=VERTEX_POINT('',#5645);
#815=VERTEX_POINT('',#5646);
#816=VERTEX_POINT('',#5651);
#817=VERTEX_POINT('',#5652);
#818=VERTEX_POINT('',#5657);
#819=VERTEX_POINT('',#5658);
#820=VERTEX_POINT('',#5663);
#821=VERTEX_POINT('',#5664);
#822=VERTEX_POINT('',#5669);
#823=VERTEX_POINT('',#5670);
#824=VERTEX_POINT('',#5675);
#825=VERTEX_POINT('',#5676);
#826=VERTEX_POINT('',#5687);
#827=VERTEX_POINT('',#5688);
#828=VERTEX_POINT('',#5693);
#829=VERTEX_POINT('',#5695);
#830=VERTEX_POINT('',#5699);
#831=VERTEX_POINT('',#5701);
#832=VERTEX_POINT('',#5705);
#833=VERTEX_POINT('',#5707);
#834=VERTEX_POINT('',#5711);
#835=VERTEX_POINT('',#5713);
#836=VERTEX_POINT('',#5717);
#837=VERTEX_POINT('',#5719);
#838=VERTEX_POINT('',#5723);
#839=VERTEX_POINT('',#5725);
#840=VERTEX_POINT('',#5729);
#841=VERTEX_POINT('',#5730);
#842=VERTEX_POINT('',#5735);
#843=VERTEX_POINT('',#5736);
#844=VERTEX_POINT('',#5789);
#845=VERTEX_POINT('',#5791);
#846=VERTEX_POINT('',#5794);
#847=VERTEX_POINT('',#5796);
#848=EDGE_CURVE('',#704,#705,#580,.T.);
#849=EDGE_CURVE('',#705,#706,#546,.T.);
#850=EDGE_CURVE('',#706,#707,#547,.T.);
#851=EDGE_CURVE('',#707,#708,#548,.T.);
#852=EDGE_CURVE('',#708,#709,#549,.T.);
#853=EDGE_CURVE('',#709,#710,#550,.T.);
#854=EDGE_CURVE('',#710,#711,#551,.T.);
#855=EDGE_CURVE('',#711,#712,#552,.T.);
#856=EDGE_CURVE('',#712,#713,#553,.T.);
#857=EDGE_CURVE('',#713,#714,#554,.T.);
#858=EDGE_CURVE('',#714,#715,#581,.T.);
#859=EDGE_CURVE('',#715,#716,#555,.T.);
#860=EDGE_CURVE('',#716,#704,#556,.T.);
#861=EDGE_CURVE('',#717,#718,#557,.T.);
#862=EDGE_CURVE('',#718,#715,#558,.T.);
#863=EDGE_CURVE('',#717,#714,#559,.T.);
#864=EDGE_CURVE('',#719,#720,#560,.T.);
#865=EDGE_CURVE('',#705,#720,#561,.T.);
#866=EDGE_CURVE('',#704,#719,#562,.T.);
#867=EDGE_CURVE('',#721,#722,#582,.T.);
#868=EDGE_CURVE('',#722,#723,#563,.T.);
#869=EDGE_CURVE('',#723,#724,#564,.T.);
#870=EDGE_CURVE('',#724,#721,#565,.T.);
#871=EDGE_CURVE('',#719,#718,#583,.T.);
#872=EDGE_CURVE('',#714,#705,#566,.T.);
#873=EDGE_CURVE('',#725,#725,#584,.T.);
#874=EDGE_CURVE('',#725,#716,#271,.T.);
#875=EDGE_CURVE('',#723,#726,#585,.T.);
#876=EDGE_CURVE('',#726,#727,#567,.T.);
#877=EDGE_CURVE('',#727,#728,#568,.T.);
#878=EDGE_CURVE('',#728,#724,#586,.T.);
#879=EDGE_CURVE('',#724,#729,#569,.T.);
#880=EDGE_CURVE('',#729,#730,#570,.T.);
#881=EDGE_CURVE('',#730,#731,#571,.T.);
#882=EDGE_CURVE('',#731,#732,#572,.T.);
#883=EDGE_CURVE('',#732,#733,#573,.T.);
#884=EDGE_CURVE('',#733,#734,#574,.T.);
#885=EDGE_CURVE('',#734,#735,#575,.T.);
#886=EDGE_CURVE('',#735,#736,#576,.T.);
#887=EDGE_CURVE('',#736,#723,#577,.T.);
#888=EDGE_CURVE('',#728,#721,#578,.T.);
#889=EDGE_CURVE('',#722,#726,#579,.T.);
#890=EDGE_CURVE('',#727,#737,#272,.T.);
#891=EDGE_CURVE('',#737,#737,#587,.T.);
#892=EDGE_CURVE('',#738,#738,#588,.T.);
#893=EDGE_CURVE('',#738,#725,#589,.T.);
#894=EDGE_CURVE('',#739,#739,#590,.T.);
#895=EDGE_CURVE('',#737,#739,#591,.T.);
#896=EDGE_CURVE('',#740,#741,#592,.F.);
#897=EDGE_CURVE('',#742,#740,#593,.T.);
#898=EDGE_CURVE('',#742,#743,#594,.T.);
#899=EDGE_CURVE('',#741,#743,#595,.T.);
#900=EDGE_CURVE('',#744,#745,#596,.T.);
#901=EDGE_CURVE('',#746,#745,#597,.T.);
#902=EDGE_CURVE('',#747,#746,#598,.F.);
#903=EDGE_CURVE('',#744,#747,#599,.T.);
#904=EDGE_CURVE('',#748,#749,#600,.T.);
#905=EDGE_CURVE('',#750,#749,#601,.T.);
#906=EDGE_CURVE('',#751,#750,#602,.F.);
#907=EDGE_CURVE('',#748,#751,#603,.T.);
#908=EDGE_CURVE('',#752,#753,#604,.T.);
#909=EDGE_CURVE('',#754,#753,#605,.T.);
#910=EDGE_CURVE('',#755,#754,#606,.F.);
#911=EDGE_CURVE('',#752,#755,#607,.T.);
#912=EDGE_CURVE('',#753,#742,#15,.T.);
#913=EDGE_CURVE('',#740,#754,#16,.T.);
#914=EDGE_CURVE('',#756,#757,#608,.F.);
#915=EDGE_CURVE('',#758,#756,#609,.T.);
#916=EDGE_CURVE('',#758,#759,#610,.T.);
#917=EDGE_CURVE('',#757,#759,#611,.T.);
#918=EDGE_CURVE('',#760,#761,#612,.F.);
#919=EDGE_CURVE('',#762,#760,#613,.T.);
#920=EDGE_CURVE('',#762,#763,#614,.T.);
#921=EDGE_CURVE('',#761,#763,#615,.T.);
#922=EDGE_CURVE('',#760,#746,#17,.T.);
#923=EDGE_CURVE('',#745,#762,#18,.T.);
#924=EDGE_CURVE('',#764,#765,#616,.F.);
#925=EDGE_CURVE('',#766,#764,#617,.T.);
#926=EDGE_CURVE('',#766,#767,#618,.T.);
#927=EDGE_CURVE('',#765,#767,#619,.T.);
#928=EDGE_CURVE('',#764,#750,#19,.T.);
#929=EDGE_CURVE('',#749,#766,#20,.T.);
#930=EDGE_CURVE('',#768,#769,#620,.T.);
#931=EDGE_CURVE('',#769,#765,#21,.T.);
#932=EDGE_CURVE('',#767,#768,#22,.T.);
#933=EDGE_CURVE('',#770,#771,#621,.T.);
#934=EDGE_CURVE('',#771,#769,#622,.T.);
#935=EDGE_CURVE('',#768,#770,#623,.T.);
#936=EDGE_CURVE('',#772,#773,#624,.T.);
#937=EDGE_CURVE('',#773,#771,#23,.T.);
#938=EDGE_CURVE('',#770,#772,#24,.T.);
#939=EDGE_CURVE('',#774,#775,#625,.T.);
#940=EDGE_CURVE('',#775,#773,#626,.T.);
#941=EDGE_CURVE('',#772,#774,#627,.T.);
#942=EDGE_CURVE('',#776,#777,#628,.T.);
#943=EDGE_CURVE('',#777,#775,#25,.T.);
#944=EDGE_CURVE('',#774,#776,#26,.T.);
#945=EDGE_CURVE('',#778,#779,#629,.T.);
#946=EDGE_CURVE('',#779,#777,#630,.T.);
#947=EDGE_CURVE('',#776,#778,#631,.T.);
#948=EDGE_CURVE('',#780,#781,#632,.T.);
#949=EDGE_CURVE('',#781,#779,#27,.T.);
#950=EDGE_CURVE('',#778,#780,#28,.T.);
#951=EDGE_CURVE('',#780,#782,#633,.T.);
#952=EDGE_CURVE('',#782,#783,#634,.T.);
#953=EDGE_CURVE('',#783,#781,#635,.T.);
#954=EDGE_CURVE('',#782,#784,#636,.T.);
#955=EDGE_CURVE('',#784,#785,#637,.T.);
#956=EDGE_CURVE('',#785,#783,#638,.T.);
#957=EDGE_CURVE('',#784,#752,#29,.T.);
#958=EDGE_CURVE('',#755,#785,#30,.T.);
#959=EDGE_CURVE('',#786,#787,#639,.T.);
#960=EDGE_CURVE('',#788,#787,#640,.T.);
#961=EDGE_CURVE('',#789,#788,#641,.F.);
#962=EDGE_CURVE('',#786,#789,#642,.T.);
#963=EDGE_CURVE('',#787,#758,#31,.T.);
#964=EDGE_CURVE('',#756,#788,#32,.T.);
#965=EDGE_CURVE('',#765,#789,#33,.T.);
#966=EDGE_CURVE('',#788,#764,#34,.T.);
#967=EDGE_CURVE('',#790,#791,#643,.T.);
#968=EDGE_CURVE('',#791,#761,#35,.T.);
#969=EDGE_CURVE('',#763,#790,#36,.T.);
#970=EDGE_CURVE('',#792,#793,#644,.T.);
#971=EDGE_CURVE('',#793,#791,#645,.T.);
#972=EDGE_CURVE('',#790,#792,#646,.T.);
#973=EDGE_CURVE('',#794,#795,#647,.T.);
#974=EDGE_CURVE('',#795,#793,#648,.T.);
#975=EDGE_CURVE('',#792,#794,#649,.T.);
#976=EDGE_CURVE('',#794,#796,#37,.T.);
#977=EDGE_CURVE('',#796,#797,#650,.T.);
#978=EDGE_CURVE('',#797,#795,#38,.T.);
#979=EDGE_CURVE('',#796,#798,#651,.T.);
#980=EDGE_CURVE('',#798,#799,#652,.T.);
#981=EDGE_CURVE('',#799,#797,#653,.T.);
#982=EDGE_CURVE('',#798,#800,#39,.T.);
#983=EDGE_CURVE('',#800,#801,#654,.T.);
#984=EDGE_CURVE('',#801,#799,#40,.T.);
#985=EDGE_CURVE('',#800,#802,#655,.T.);
#986=EDGE_CURVE('',#802,#803,#656,.T.);
#987=EDGE_CURVE('',#803,#801,#657,.T.);
#988=EDGE_CURVE('',#802,#804,#41,.T.);
#989=EDGE_CURVE('',#804,#805,#658,.T.);
#990=EDGE_CURVE('',#805,#803,#42,.T.);
#991=EDGE_CURVE('',#804,#806,#659,.T.);
#992=EDGE_CURVE('',#806,#807,#660,.T.);
#993=EDGE_CURVE('',#807,#805,#661,.T.);
#994=EDGE_CURVE('',#806,#786,#43,.T.);
#995=EDGE_CURVE('',#789,#807,#44,.T.);
#996=EDGE_CURVE('',#761,#755,#45,.T.);
#997=EDGE_CURVE('',#754,#760,#46,.T.);
#998=EDGE_CURVE('',#808,#809,#662,.T.);
#999=EDGE_CURVE('',#809,#744,#47,.T.);
#1000=EDGE_CURVE('',#747,#808,#48,.T.);
#1001=EDGE_CURVE('',#808,#810,#663,.T.);
#1002=EDGE_CURVE('',#810,#811,#664,.T.);
#1003=EDGE_CURVE('',#811,#809,#665,.T.);
#1004=EDGE_CURVE('',#810,#812,#666,.T.);
#1005=EDGE_CURVE('',#812,#813,#667,.T.);
#1006=EDGE_CURVE('',#813,#811,#668,.T.);
#1007=EDGE_CURVE('',#814,#815,#669,.T.);
#1008=EDGE_CURVE('',#815,#813,#49,.T.);
#1009=EDGE_CURVE('',#812,#814,#50,.T.);
#1010=EDGE_CURVE('',#816,#817,#670,.T.);
#1011=EDGE_CURVE('',#817,#815,#671,.T.);
#1012=EDGE_CURVE('',#814,#816,#672,.T.);
#1013=EDGE_CURVE('',#818,#819,#673,.T.);
#1014=EDGE_CURVE('',#819,#817,#51,.T.);
#1015=EDGE_CURVE('',#816,#818,#52,.T.);
#1016=EDGE_CURVE('',#820,#821,#674,.T.);
#1017=EDGE_CURVE('',#821,#819,#675,.T.);
#1018=EDGE_CURVE('',#818,#820,#676,.T.);
#1019=EDGE_CURVE('',#822,#823,#677,.T.);
#1020=EDGE_CURVE('',#823,#821,#53,.T.);
#1021=EDGE_CURVE('',#820,#822,#54,.T.);
#1022=EDGE_CURVE('',#824,#825,#678,.T.);
#1023=EDGE_CURVE('',#825,#823,#679,.T.);
#1024=EDGE_CURVE('',#822,#824,#680,.T.);
#1025=EDGE_CURVE('',#824,#757,#55,.T.);
#1026=EDGE_CURVE('',#759,#825,#56,.T.);
#1027=EDGE_CURVE('',#750,#756,#57,.T.);
#1028=EDGE_CURVE('',#757,#751,#58,.T.);
#1029=EDGE_CURVE('',#826,#827,#681,.T.);
#1030=EDGE_CURVE('',#827,#748,#59,.T.);
#1031=EDGE_CURVE('',#751,#826,#60,.T.);
#1032=EDGE_CURVE('',#826,#828,#682,.T.);
#1033=EDGE_CURVE('',#828,#829,#683,.T.);
#1034=EDGE_CURVE('',#829,#827,#684,.T.);
#1035=EDGE_CURVE('',#828,#830,#61,.T.);
#1036=EDGE_CURVE('',#830,#831,#685,.T.);
#1037=EDGE_CURVE('',#831,#829,#62,.T.);
#1038=EDGE_CURVE('',#830,#832,#686,.T.);
#1039=EDGE_CURVE('',#832,#833,#687,.T.);
#1040=EDGE_CURVE('',#833,#831,#688,.T.);
#1041=EDGE_CURVE('',#832,#834,#63,.T.);
#1042=EDGE_CURVE('',#834,#835,#689,.T.);
#1043=EDGE_CURVE('',#835,#833,#64,.T.);
#1044=EDGE_CURVE('',#834,#836,#690,.T.);
#1045=EDGE_CURVE('',#836,#837,#691,.T.);
#1046=EDGE_CURVE('',#837,#835,#692,.T.);
#1047=EDGE_CURVE('',#836,#838,#65,.T.);
#1048=EDGE_CURVE('',#838,#839,#693,.T.);
#1049=EDGE_CURVE('',#839,#837,#66,.T.);
#1050=EDGE_CURVE('',#840,#841,#694,.T.);
#1051=EDGE_CURVE('',#841,#839,#695,.T.);
#1052=EDGE_CURVE('',#838,#840,#696,.T.);
#1053=EDGE_CURVE('',#842,#843,#697,.T.);
#1054=EDGE_CURVE('',#843,#841,#698,.T.);
#1055=EDGE_CURVE('',#840,#842,#699,.T.);
#1056=EDGE_CURVE('',#842,#741,#67,.T.);
#1057=EDGE_CURVE('',#743,#843,#68,.T.);
#1058=EDGE_CURVE('',#746,#740,#69,.T.);
#1059=EDGE_CURVE('',#741,#747,#70,.T.);
#1060=EDGE_CURVE('',#784,#843,#71,.T.);
#1061=EDGE_CURVE('',#811,#792,#72,.T.);
#1062=EDGE_CURVE('',#790,#809,#73,.T.);
#1063=EDGE_CURVE('',#794,#813,#74,.T.);
#1064=EDGE_CURVE('',#796,#815,#75,.T.);
#1065=EDGE_CURVE('',#798,#817,#76,.T.);
#1066=EDGE_CURVE('',#800,#819,#77,.T.);
#1067=EDGE_CURVE('',#802,#821,#78,.T.);
#1068=EDGE_CURVE('',#806,#825,#79,.T.);
#1069=EDGE_CURVE('',#804,#823,#80,.T.);
#1070=EDGE_CURVE('',#805,#771,#81,.T.);
#1071=EDGE_CURVE('',#807,#769,#82,.T.);
#1072=EDGE_CURVE('',#803,#773,#83,.T.);
#1073=EDGE_CURVE('',#801,#775,#84,.T.);
#1074=EDGE_CURVE('',#799,#777,#85,.T.);
#1075=EDGE_CURVE('',#797,#779,#86,.T.);
#1076=EDGE_CURVE('',#795,#781,#87,.T.);
#1077=EDGE_CURVE('',#785,#791,#88,.T.);
#1078=EDGE_CURVE('',#783,#793,#89,.T.);
#1079=EDGE_CURVE('',#824,#826,#90,.T.);
#1080=EDGE_CURVE('',#844,#844,#700,.T.);
#1081=EDGE_CURVE('',#845,#844,#701,.T.);
#1082=EDGE_CURVE('',#846,#846,#702,.T.);
#1083=EDGE_CURVE('',#847,#846,#703,.T.);
#1084=EDGE_CURVE('',#841,#782,#91,.T.);
#1085=EDGE_CURVE('',#780,#839,#92,.T.);
#1086=EDGE_CURVE('',#840,#810,#93,.T.);
#1087=EDGE_CURVE('',#842,#808,#94,.T.);
#1088=EDGE_CURVE('',#812,#838,#95,.T.);
#1089=EDGE_CURVE('',#778,#837,#96,.T.);
#1090=EDGE_CURVE('',#776,#835,#97,.T.);
#1091=EDGE_CURVE('',#774,#833,#98,.T.);
#1092=EDGE_CURVE('',#772,#831,#99,.T.);
#1093=EDGE_CURVE('',#770,#829,#100,.T.);
#1094=EDGE_CURVE('',#768,#827,#101,.T.);
#1095=EDGE_CURVE('',#814,#836,#102,.T.);
#1096=EDGE_CURVE('',#816,#834,#103,.T.);
#1097=EDGE_CURVE('',#818,#832,#104,.T.);
#1098=EDGE_CURVE('',#820,#830,#105,.T.);
#1099=EDGE_CURVE('',#822,#828,#106,.T.);
#1100=ORIENTED_EDGE('',*,*,#848,.T.);
#1101=ORIENTED_EDGE('',*,*,#849,.T.);
#1102=ORIENTED_EDGE('',*,*,#850,.T.);
#1103=ORIENTED_EDGE('',*,*,#851,.T.);
#1104=ORIENTED_EDGE('',*,*,#852,.T.);
#1105=ORIENTED_EDGE('',*,*,#853,.T.);
#1106=ORIENTED_EDGE('',*,*,#854,.T.);
#1107=ORIENTED_EDGE('',*,*,#855,.T.);
#1108=ORIENTED_EDGE('',*,*,#856,.T.);
#1109=ORIENTED_EDGE('',*,*,#857,.T.);
#1110=ORIENTED_EDGE('',*,*,#858,.T.);
#1111=ORIENTED_EDGE('',*,*,#859,.T.);
#1112=ORIENTED_EDGE('',*,*,#860,.T.);
#1113=ORIENTED_EDGE('',*,*,#861,.T.);
#1114=ORIENTED_EDGE('',*,*,#862,.T.);
#1115=ORIENTED_EDGE('',*,*,#858,.F.);
#1116=ORIENTED_EDGE('',*,*,#863,.F.);
#1117=ORIENTED_EDGE('',*,*,#864,.T.);
#1118=ORIENTED_EDGE('',*,*,#865,.F.);
#1119=ORIENTED_EDGE('',*,*,#848,.F.);
#1120=ORIENTED_EDGE('',*,*,#866,.T.);
#1121=ORIENTED_EDGE('',*,*,#867,.T.);
#1122=ORIENTED_EDGE('',*,*,#868,.T.);
#1123=ORIENTED_EDGE('',*,*,#869,.T.);
#1124=ORIENTED_EDGE('',*,*,#870,.T.);
#1125=ORIENTED_EDGE('',*,*,#864,.F.);
#1126=ORIENTED_EDGE('',*,*,#871,.T.);
#1127=ORIENTED_EDGE('',*,*,#861,.F.);
#1128=ORIENTED_EDGE('',*,*,#863,.T.);
#1129=ORIENTED_EDGE('',*,*,#872,.T.);
#1130=ORIENTED_EDGE('',*,*,#865,.T.);
#1131=ORIENTED_EDGE('',*,*,#873,.F.);
#1132=ORIENTED_EDGE('',*,*,#874,.T.);
#1133=ORIENTED_EDGE('',*,*,#859,.F.);
#1134=ORIENTED_EDGE('',*,*,#862,.F.);
#1135=ORIENTED_EDGE('',*,*,#871,.F.);
#1136=ORIENTED_EDGE('',*,*,#866,.F.);
#1137=ORIENTED_EDGE('',*,*,#860,.F.);
#1138=ORIENTED_EDGE('',*,*,#874,.F.);
#1139=ORIENTED_EDGE('',*,*,#875,.T.);
#1140=ORIENTED_EDGE('',*,*,#876,.T.);
#1141=ORIENTED_EDGE('',*,*,#877,.T.);
#1142=ORIENTED_EDGE('',*,*,#878,.T.);
#1143=ORIENTED_EDGE('',*,*,#879,.T.);
#1144=ORIENTED_EDGE('',*,*,#880,.T.);
#1145=ORIENTED_EDGE('',*,*,#881,.T.);
#1146=ORIENTED_EDGE('',*,*,#882,.T.);
#1147=ORIENTED_EDGE('',*,*,#883,.T.);
#1148=ORIENTED_EDGE('',*,*,#884,.T.);
#1149=ORIENTED_EDGE('',*,*,#885,.T.);
#1150=ORIENTED_EDGE('',*,*,#886,.T.);
#1151=ORIENTED_EDGE('',*,*,#887,.T.);
#1152=ORIENTED_EDGE('',*,*,#878,.F.);
#1153=ORIENTED_EDGE('',*,*,#888,.T.);
#1154=ORIENTED_EDGE('',*,*,#870,.F.);
#1155=ORIENTED_EDGE('',*,*,#868,.F.);
#1156=ORIENTED_EDGE('',*,*,#889,.T.);
#1157=ORIENTED_EDGE('',*,*,#875,.F.);
#1158=ORIENTED_EDGE('',*,*,#888,.F.);
#1159=ORIENTED_EDGE('',*,*,#877,.F.);
#1160=ORIENTED_EDGE('',*,*,#890,.T.);
#1161=ORIENTED_EDGE('',*,*,#891,.T.);
#1162=ORIENTED_EDGE('',*,*,#890,.F.);
#1163=ORIENTED_EDGE('',*,*,#876,.F.);
#1164=ORIENTED_EDGE('',*,*,#889,.F.);
#1165=ORIENTED_EDGE('',*,*,#867,.F.);
#1166=ORIENTED_EDGE('',*,*,#857,.F.);
#1167=ORIENTED_EDGE('',*,*,#856,.F.);
#1168=ORIENTED_EDGE('',*,*,#855,.F.);
#1169=ORIENTED_EDGE('',*,*,#854,.F.);
#1170=ORIENTED_EDGE('',*,*,#853,.F.);
#1171=ORIENTED_EDGE('',*,*,#852,.F.);
#1172=ORIENTED_EDGE('',*,*,#851,.F.);
#1173=ORIENTED_EDGE('',*,*,#850,.F.);
#1174=ORIENTED_EDGE('',*,*,#849,.F.);
#1175=ORIENTED_EDGE('',*,*,#872,.F.);
#1176=ORIENTED_EDGE('',*,*,#892,.T.);
#1177=ORIENTED_EDGE('',*,*,#892,.F.);
#1178=ORIENTED_EDGE('',*,*,#893,.T.);
#1179=ORIENTED_EDGE('',*,*,#873,.T.);
#1180=ORIENTED_EDGE('',*,*,#893,.F.);
#1181=ORIENTED_EDGE('',*,*,#887,.F.);
#1182=ORIENTED_EDGE('',*,*,#886,.F.);
#1183=ORIENTED_EDGE('',*,*,#885,.F.);
#1184=ORIENTED_EDGE('',*,*,#884,.F.);
#1185=ORIENTED_EDGE('',*,*,#883,.F.);
#1186=ORIENTED_EDGE('',*,*,#882,.F.);
#1187=ORIENTED_EDGE('',*,*,#881,.F.);
#1188=ORIENTED_EDGE('',*,*,#880,.F.);
#1189=ORIENTED_EDGE('',*,*,#879,.F.);
#1190=ORIENTED_EDGE('',*,*,#869,.F.);
#1191=ORIENTED_EDGE('',*,*,#894,.F.);
#1192=ORIENTED_EDGE('',*,*,#891,.F.);
#1193=ORIENTED_EDGE('',*,*,#895,.T.);
#1194=ORIENTED_EDGE('',*,*,#894,.T.);
#1195=ORIENTED_EDGE('',*,*,#895,.F.);
#1196=ORIENTED_EDGE('',*,*,#896,.F.);
#1197=ORIENTED_EDGE('',*,*,#897,.F.);
#1198=ORIENTED_EDGE('',*,*,#898,.T.);
#1199=ORIENTED_EDGE('',*,*,#899,.F.);
#1200=ORIENTED_EDGE('',*,*,#900,.T.);
#1201=ORIENTED_EDGE('',*,*,#901,.F.);
#1202=ORIENTED_EDGE('',*,*,#902,.F.);
#1203=ORIENTED_EDGE('',*,*,#903,.F.);
#1204=ORIENTED_EDGE('',*,*,#904,.T.);
#1205=ORIENTED_EDGE('',*,*,#905,.F.);
#1206=ORIENTED_EDGE('',*,*,#906,.F.);
#1207=ORIENTED_EDGE('',*,*,#907,.F.);
#1208=ORIENTED_EDGE('',*,*,#908,.T.);
#1209=ORIENTED_EDGE('',*,*,#909,.F.);
#1210=ORIENTED_EDGE('',*,*,#910,.F.);
#1211=ORIENTED_EDGE('',*,*,#911,.F.);
#1212=ORIENTED_EDGE('',*,*,#909,.T.);
#1213=ORIENTED_EDGE('',*,*,#912,.T.);
#1214=ORIENTED_EDGE('',*,*,#897,.T.);
#1215=ORIENTED_EDGE('',*,*,#913,.T.);
#1216=ORIENTED_EDGE('',*,*,#914,.F.);
#1217=ORIENTED_EDGE('',*,*,#915,.F.);
#1218=ORIENTED_EDGE('',*,*,#916,.T.);
#1219=ORIENTED_EDGE('',*,*,#917,.F.);
#1220=ORIENTED_EDGE('',*,*,#918,.F.);
#1221=ORIENTED_EDGE('',*,*,#919,.F.);
#1222=ORIENTED_EDGE('',*,*,#920,.T.);
#1223=ORIENTED_EDGE('',*,*,#921,.F.);
#1224=ORIENTED_EDGE('',*,*,#919,.T.);
#1225=ORIENTED_EDGE('',*,*,#922,.T.);
#1226=ORIENTED_EDGE('',*,*,#901,.T.);
#1227=ORIENTED_EDGE('',*,*,#923,.T.);
#1228=ORIENTED_EDGE('',*,*,#924,.F.);
#1229=ORIENTED_EDGE('',*,*,#925,.F.);
#1230=ORIENTED_EDGE('',*,*,#926,.T.);
#1231=ORIENTED_EDGE('',*,*,#927,.F.);
#1232=ORIENTED_EDGE('',*,*,#925,.T.);
#1233=ORIENTED_EDGE('',*,*,#928,.T.);
#1234=ORIENTED_EDGE('',*,*,#905,.T.);
#1235=ORIENTED_EDGE('',*,*,#929,.T.);
#1236=ORIENTED_EDGE('',*,*,#930,.T.);
#1237=ORIENTED_EDGE('',*,*,#931,.T.);
#1238=ORIENTED_EDGE('',*,*,#927,.T.);
#1239=ORIENTED_EDGE('',*,*,#932,.T.);
#1240=ORIENTED_EDGE('',*,*,#933,.T.);
#1241=ORIENTED_EDGE('',*,*,#934,.T.);
#1242=ORIENTED_EDGE('',*,*,#930,.F.);
#1243=ORIENTED_EDGE('',*,*,#935,.T.);
#1244=ORIENTED_EDGE('',*,*,#936,.T.);
#1245=ORIENTED_EDGE('',*,*,#937,.T.);
#1246=ORIENTED_EDGE('',*,*,#933,.F.);
#1247=ORIENTED_EDGE('',*,*,#938,.T.);
#1248=ORIENTED_EDGE('',*,*,#939,.T.);
#1249=ORIENTED_EDGE('',*,*,#940,.T.);
#1250=ORIENTED_EDGE('',*,*,#936,.F.);
#1251=ORIENTED_EDGE('',*,*,#941,.T.);
#1252=ORIENTED_EDGE('',*,*,#942,.T.);
#1253=ORIENTED_EDGE('',*,*,#943,.T.);
#1254=ORIENTED_EDGE('',*,*,#939,.F.);
#1255=ORIENTED_EDGE('',*,*,#944,.T.);
#1256=ORIENTED_EDGE('',*,*,#945,.T.);
#1257=ORIENTED_EDGE('',*,*,#946,.T.);
#1258=ORIENTED_EDGE('',*,*,#942,.F.);
#1259=ORIENTED_EDGE('',*,*,#947,.T.);
#1260=ORIENTED_EDGE('',*,*,#948,.T.);
#1261=ORIENTED_EDGE('',*,*,#949,.T.);
#1262=ORIENTED_EDGE('',*,*,#945,.F.);
#1263=ORIENTED_EDGE('',*,*,#950,.T.);
#1264=ORIENTED_EDGE('',*,*,#948,.F.);
#1265=ORIENTED_EDGE('',*,*,#951,.T.);
#1266=ORIENTED_EDGE('',*,*,#952,.T.);
#1267=ORIENTED_EDGE('',*,*,#953,.T.);
#1268=ORIENTED_EDGE('',*,*,#952,.F.);
#1269=ORIENTED_EDGE('',*,*,#954,.T.);
#1270=ORIENTED_EDGE('',*,*,#955,.T.);
#1271=ORIENTED_EDGE('',*,*,#956,.T.);
#1272=ORIENTED_EDGE('',*,*,#955,.F.);
#1273=ORIENTED_EDGE('',*,*,#957,.T.);
#1274=ORIENTED_EDGE('',*,*,#911,.T.);
#1275=ORIENTED_EDGE('',*,*,#958,.T.);
#1276=ORIENTED_EDGE('',*,*,#959,.T.);
#1277=ORIENTED_EDGE('',*,*,#960,.F.);
#1278=ORIENTED_EDGE('',*,*,#961,.F.);
#1279=ORIENTED_EDGE('',*,*,#962,.F.);
#1280=ORIENTED_EDGE('',*,*,#960,.T.);
#1281=ORIENTED_EDGE('',*,*,#963,.T.);
#1282=ORIENTED_EDGE('',*,*,#915,.T.);
#1283=ORIENTED_EDGE('',*,*,#964,.T.);
#1284=ORIENTED_EDGE('',*,*,#924,.T.);
#1285=ORIENTED_EDGE('',*,*,#965,.T.);
#1286=ORIENTED_EDGE('',*,*,#961,.T.);
#1287=ORIENTED_EDGE('',*,*,#966,.T.);
#1288=ORIENTED_EDGE('',*,*,#967,.T.);
#1289=ORIENTED_EDGE('',*,*,#968,.T.);
#1290=ORIENTED_EDGE('',*,*,#921,.T.);
#1291=ORIENTED_EDGE('',*,*,#969,.T.);
#1292=ORIENTED_EDGE('',*,*,#970,.T.);
#1293=ORIENTED_EDGE('',*,*,#971,.T.);
#1294=ORIENTED_EDGE('',*,*,#967,.F.);
#1295=ORIENTED_EDGE('',*,*,#972,.T.);
#1296=ORIENTED_EDGE('',*,*,#973,.T.);
#1297=ORIENTED_EDGE('',*,*,#974,.T.);
#1298=ORIENTED_EDGE('',*,*,#970,.F.);
#1299=ORIENTED_EDGE('',*,*,#975,.T.);
#1300=ORIENTED_EDGE('',*,*,#973,.F.);
#1301=ORIENTED_EDGE('',*,*,#976,.T.);
#1302=ORIENTED_EDGE('',*,*,#977,.T.);
#1303=ORIENTED_EDGE('',*,*,#978,.T.);
#1304=ORIENTED_EDGE('',*,*,#977,.F.);
#1305=ORIENTED_EDGE('',*,*,#979,.T.);
#1306=ORIENTED_EDGE('',*,*,#980,.T.);
#1307=ORIENTED_EDGE('',*,*,#981,.T.);
#1308=ORIENTED_EDGE('',*,*,#980,.F.);
#1309=ORIENTED_EDGE('',*,*,#982,.T.);
#1310=ORIENTED_EDGE('',*,*,#983,.T.);
#1311=ORIENTED_EDGE('',*,*,#984,.T.);
#1312=ORIENTED_EDGE('',*,*,#983,.F.);
#1313=ORIENTED_EDGE('',*,*,#985,.T.);
#1314=ORIENTED_EDGE('',*,*,#986,.T.);
#1315=ORIENTED_EDGE('',*,*,#987,.T.);
#1316=ORIENTED_EDGE('',*,*,#986,.F.);
#1317=ORIENTED_EDGE('',*,*,#988,.T.);
#1318=ORIENTED_EDGE('',*,*,#989,.T.);
#1319=ORIENTED_EDGE('',*,*,#990,.T.);
#1320=ORIENTED_EDGE('',*,*,#989,.F.);
#1321=ORIENTED_EDGE('',*,*,#991,.T.);
#1322=ORIENTED_EDGE('',*,*,#992,.T.);
#1323=ORIENTED_EDGE('',*,*,#993,.T.);
#1324=ORIENTED_EDGE('',*,*,#992,.F.);
#1325=ORIENTED_EDGE('',*,*,#994,.T.);
#1326=ORIENTED_EDGE('',*,*,#962,.T.);
#1327=ORIENTED_EDGE('',*,*,#995,.T.);
#1328=ORIENTED_EDGE('',*,*,#918,.T.);
#1329=ORIENTED_EDGE('',*,*,#996,.T.);
#1330=ORIENTED_EDGE('',*,*,#910,.T.);
#1331=ORIENTED_EDGE('',*,*,#997,.T.);
#1332=ORIENTED_EDGE('',*,*,#998,.T.);
#1333=ORIENTED_EDGE('',*,*,#999,.T.);
#1334=ORIENTED_EDGE('',*,*,#903,.T.);
#1335=ORIENTED_EDGE('',*,*,#1000,.T.);
#1336=ORIENTED_EDGE('',*,*,#998,.F.);
#1337=ORIENTED_EDGE('',*,*,#1001,.T.);
#1338=ORIENTED_EDGE('',*,*,#1002,.T.);
#1339=ORIENTED_EDGE('',*,*,#1003,.T.);
#1340=ORIENTED_EDGE('',*,*,#1002,.F.);
#1341=ORIENTED_EDGE('',*,*,#1004,.T.);
#1342=ORIENTED_EDGE('',*,*,#1005,.T.);
#1343=ORIENTED_EDGE('',*,*,#1006,.T.);
#1344=ORIENTED_EDGE('',*,*,#1007,.T.);
#1345=ORIENTED_EDGE('',*,*,#1008,.T.);
#1346=ORIENTED_EDGE('',*,*,#1005,.F.);
#1347=ORIENTED_EDGE('',*,*,#1009,.T.);
#1348=ORIENTED_EDGE('',*,*,#1010,.T.);
#1349=ORIENTED_EDGE('',*,*,#1011,.T.);
#1350=ORIENTED_EDGE('',*,*,#1007,.F.);
#1351=ORIENTED_EDGE('',*,*,#1012,.T.);
#1352=ORIENTED_EDGE('',*,*,#1013,.T.);
#1353=ORIENTED_EDGE('',*,*,#1014,.T.);
#1354=ORIENTED_EDGE('',*,*,#1010,.F.);
#1355=ORIENTED_EDGE('',*,*,#1015,.T.);
#1356=ORIENTED_EDGE('',*,*,#1016,.T.);
#1357=ORIENTED_EDGE('',*,*,#1017,.T.);
#1358=ORIENTED_EDGE('',*,*,#1013,.F.);
#1359=ORIENTED_EDGE('',*,*,#1018,.T.);
#1360=ORIENTED_EDGE('',*,*,#1019,.T.);
#1361=ORIENTED_EDGE('',*,*,#1020,.T.);
#1362=ORIENTED_EDGE('',*,*,#1016,.F.);
#1363=ORIENTED_EDGE('',*,*,#1021,.T.);
#1364=ORIENTED_EDGE('',*,*,#1022,.T.);
#1365=ORIENTED_EDGE('',*,*,#1023,.T.);
#1366=ORIENTED_EDGE('',*,*,#1019,.F.);
#1367=ORIENTED_EDGE('',*,*,#1024,.T.);
#1368=ORIENTED_EDGE('',*,*,#1022,.F.);
#1369=ORIENTED_EDGE('',*,*,#1025,.T.);
#1370=ORIENTED_EDGE('',*,*,#917,.T.);
#1371=ORIENTED_EDGE('',*,*,#1026,.T.);
#1372=ORIENTED_EDGE('',*,*,#906,.T.);
#1373=ORIENTED_EDGE('',*,*,#1027,.T.);
#1374=ORIENTED_EDGE('',*,*,#914,.T.);
#1375=ORIENTED_EDGE('',*,*,#1028,.T.);
#1376=ORIENTED_EDGE('',*,*,#1029,.T.);
#1377=ORIENTED_EDGE('',*,*,#1030,.T.);
#1378=ORIENTED_EDGE('',*,*,#907,.T.);
#1379=ORIENTED_EDGE('',*,*,#1031,.T.);
#1380=ORIENTED_EDGE('',*,*,#1029,.F.);
#1381=ORIENTED_EDGE('',*,*,#1032,.T.);
#1382=ORIENTED_EDGE('',*,*,#1033,.T.);
#1383=ORIENTED_EDGE('',*,*,#1034,.T.);
#1384=ORIENTED_EDGE('',*,*,#1033,.F.);
#1385=ORIENTED_EDGE('',*,*,#1035,.T.);
#1386=ORIENTED_EDGE('',*,*,#1036,.T.);
#1387=ORIENTED_EDGE('',*,*,#1037,.T.);
#1388=ORIENTED_EDGE('',*,*,#1036,.F.);
#1389=ORIENTED_EDGE('',*,*,#1038,.T.);
#1390=ORIENTED_EDGE('',*,*,#1039,.T.);
#1391=ORIENTED_EDGE('',*,*,#1040,.T.);
#1392=ORIENTED_EDGE('',*,*,#1039,.F.);
#1393=ORIENTED_EDGE('',*,*,#1041,.T.);
#1394=ORIENTED_EDGE('',*,*,#1042,.T.);
#1395=ORIENTED_EDGE('',*,*,#1043,.T.);
#1396=ORIENTED_EDGE('',*,*,#1042,.F.);
#1397=ORIENTED_EDGE('',*,*,#1044,.T.);
#1398=ORIENTED_EDGE('',*,*,#1045,.T.);
#1399=ORIENTED_EDGE('',*,*,#1046,.T.);
#1400=ORIENTED_EDGE('',*,*,#1045,.F.);
#1401=ORIENTED_EDGE('',*,*,#1047,.T.);
#1402=ORIENTED_EDGE('',*,*,#1048,.T.);
#1403=ORIENTED_EDGE('',*,*,#1049,.T.);
#1404=ORIENTED_EDGE('',*,*,#1050,.T.);
#1405=ORIENTED_EDGE('',*,*,#1051,.T.);
#1406=ORIENTED_EDGE('',*,*,#1048,.F.);
#1407=ORIENTED_EDGE('',*,*,#1052,.T.);
#1408=ORIENTED_EDGE('',*,*,#1053,.T.);
#1409=ORIENTED_EDGE('',*,*,#1054,.T.);
#1410=ORIENTED_EDGE('',*,*,#1050,.F.);
#1411=ORIENTED_EDGE('',*,*,#1055,.T.);
#1412=ORIENTED_EDGE('',*,*,#1053,.F.);
#1413=ORIENTED_EDGE('',*,*,#1056,.T.);
#1414=ORIENTED_EDGE('',*,*,#899,.T.);
#1415=ORIENTED_EDGE('',*,*,#1057,.T.);
#1416=ORIENTED_EDGE('',*,*,#902,.T.);
#1417=ORIENTED_EDGE('',*,*,#1058,.T.);
#1418=ORIENTED_EDGE('',*,*,#896,.T.);
#1419=ORIENTED_EDGE('',*,*,#1059,.T.);
#1420=ORIENTED_EDGE('',*,*,#1057,.F.);
#1421=ORIENTED_EDGE('',*,*,#898,.F.);
#1422=ORIENTED_EDGE('',*,*,#912,.F.);
#1423=ORIENTED_EDGE('',*,*,#908,.F.);
#1424=ORIENTED_EDGE('',*,*,#957,.F.);
#1425=ORIENTED_EDGE('',*,*,#1060,.T.);
#1426=ORIENTED_EDGE('',*,*,#1003,.F.);
#1427=ORIENTED_EDGE('',*,*,#1061,.T.);
#1428=ORIENTED_EDGE('',*,*,#972,.F.);
#1429=ORIENTED_EDGE('',*,*,#1062,.T.);
#1430=ORIENTED_EDGE('',*,*,#1006,.F.);
#1431=ORIENTED_EDGE('',*,*,#1063,.F.);
#1432=ORIENTED_EDGE('',*,*,#975,.F.);
#1433=ORIENTED_EDGE('',*,*,#1061,.F.);
#1434=ORIENTED_EDGE('',*,*,#1008,.F.);
#1435=ORIENTED_EDGE('',*,*,#1064,.F.);
#1436=ORIENTED_EDGE('',*,*,#976,.F.);
#1437=ORIENTED_EDGE('',*,*,#1063,.T.);
#1438=ORIENTED_EDGE('',*,*,#1011,.F.);
#1439=ORIENTED_EDGE('',*,*,#1065,.F.);
#1440=ORIENTED_EDGE('',*,*,#979,.F.);
#1441=ORIENTED_EDGE('',*,*,#1064,.T.);
#1442=ORIENTED_EDGE('',*,*,#1014,.F.);
#1443=ORIENTED_EDGE('',*,*,#1066,.F.);
#1444=ORIENTED_EDGE('',*,*,#982,.F.);
#1445=ORIENTED_EDGE('',*,*,#1065,.T.);
#1446=ORIENTED_EDGE('',*,*,#1017,.F.);
#1447=ORIENTED_EDGE('',*,*,#1067,.F.);
#1448=ORIENTED_EDGE('',*,*,#985,.F.);
#1449=ORIENTED_EDGE('',*,*,#1066,.T.);
#1450=ORIENTED_EDGE('',*,*,#1026,.F.);
#1451=ORIENTED_EDGE('',*,*,#916,.F.);
#1452=ORIENTED_EDGE('',*,*,#963,.F.);
#1453=ORIENTED_EDGE('',*,*,#959,.F.);
#1454=ORIENTED_EDGE('',*,*,#994,.F.);
#1455=ORIENTED_EDGE('',*,*,#1068,.T.);
#1456=ORIENTED_EDGE('',*,*,#1020,.F.);
#1457=ORIENTED_EDGE('',*,*,#1069,.F.);
#1458=ORIENTED_EDGE('',*,*,#988,.F.);
#1459=ORIENTED_EDGE('',*,*,#1067,.T.);
#1460=ORIENTED_EDGE('',*,*,#1023,.F.);
#1461=ORIENTED_EDGE('',*,*,#1068,.F.);
#1462=ORIENTED_EDGE('',*,*,#991,.F.);
#1463=ORIENTED_EDGE('',*,*,#1069,.T.);
#1464=ORIENTED_EDGE('',*,*,#934,.F.);
#1465=ORIENTED_EDGE('',*,*,#1070,.F.);
#1466=ORIENTED_EDGE('',*,*,#993,.F.);
#1467=ORIENTED_EDGE('',*,*,#1071,.T.);
#1468=ORIENTED_EDGE('',*,*,#937,.F.);
#1469=ORIENTED_EDGE('',*,*,#1072,.F.);
#1470=ORIENTED_EDGE('',*,*,#990,.F.);
#1471=ORIENTED_EDGE('',*,*,#1070,.T.);
#1472=ORIENTED_EDGE('',*,*,#940,.F.);
#1473=ORIENTED_EDGE('',*,*,#1073,.F.);
#1474=ORIENTED_EDGE('',*,*,#987,.F.);
#1475=ORIENTED_EDGE('',*,*,#1072,.T.);
#1476=ORIENTED_EDGE('',*,*,#943,.F.);
#1477=ORIENTED_EDGE('',*,*,#1074,.F.);
#1478=ORIENTED_EDGE('',*,*,#984,.F.);
#1479=ORIENTED_EDGE('',*,*,#1073,.T.);
#1480=ORIENTED_EDGE('',*,*,#946,.F.);
#1481=ORIENTED_EDGE('',*,*,#1075,.F.);
#1482=ORIENTED_EDGE('',*,*,#981,.F.);
#1483=ORIENTED_EDGE('',*,*,#1074,.T.);
#1484=ORIENTED_EDGE('',*,*,#949,.F.);
#1485=ORIENTED_EDGE('',*,*,#1076,.F.);
#1486=ORIENTED_EDGE('',*,*,#978,.F.);
#1487=ORIENTED_EDGE('',*,*,#1075,.T.);
#1488=ORIENTED_EDGE('',*,*,#958,.F.);
#1489=ORIENTED_EDGE('',*,*,#996,.F.);
#1490=ORIENTED_EDGE('',*,*,#968,.F.);
#1491=ORIENTED_EDGE('',*,*,#1077,.F.);
#1492=ORIENTED_EDGE('',*,*,#953,.F.);
#1493=ORIENTED_EDGE('',*,*,#1078,.T.);
#1494=ORIENTED_EDGE('',*,*,#974,.F.);
#1495=ORIENTED_EDGE('',*,*,#1076,.T.);
#1496=ORIENTED_EDGE('',*,*,#956,.F.);
#1497=ORIENTED_EDGE('',*,*,#1077,.T.);
#1498=ORIENTED_EDGE('',*,*,#971,.F.);
#1499=ORIENTED_EDGE('',*,*,#1078,.F.);
#1500=ORIENTED_EDGE('',*,*,#1031,.F.);
#1501=ORIENTED_EDGE('',*,*,#1028,.F.);
#1502=ORIENTED_EDGE('',*,*,#1025,.F.);
#1503=ORIENTED_EDGE('',*,*,#1079,.T.);
#1504=ORIENTED_EDGE('',*,*,#922,.F.);
#1505=ORIENTED_EDGE('',*,*,#997,.F.);
#1506=ORIENTED_EDGE('',*,*,#913,.F.);
#1507=ORIENTED_EDGE('',*,*,#1058,.F.);
#1508=ORIENTED_EDGE('',*,*,#964,.F.);
#1509=ORIENTED_EDGE('',*,*,#1027,.F.);
#1510=ORIENTED_EDGE('',*,*,#928,.F.);
#1511=ORIENTED_EDGE('',*,*,#966,.F.);
#1512=ORIENTED_EDGE('',*,*,#1080,.F.);
#1513=ORIENTED_EDGE('',*,*,#1081,.F.);
#1514=ORIENTED_EDGE('',*,*,#1081,.T.);
#1515=ORIENTED_EDGE('',*,*,#1082,.F.);
#1516=ORIENTED_EDGE('',*,*,#1083,.F.);
#1517=ORIENTED_EDGE('',*,*,#1083,.T.);
#1518=ORIENTED_EDGE('',*,*,#999,.F.);
#1519=ORIENTED_EDGE('',*,*,#1062,.F.);
#1520=ORIENTED_EDGE('',*,*,#969,.F.);
#1521=ORIENTED_EDGE('',*,*,#920,.F.);
#1522=ORIENTED_EDGE('',*,*,#923,.F.);
#1523=ORIENTED_EDGE('',*,*,#900,.F.);
#1524=ORIENTED_EDGE('',*,*,#1080,.T.);
#1525=ORIENTED_EDGE('',*,*,#1054,.F.);
#1526=ORIENTED_EDGE('',*,*,#1060,.F.);
#1527=ORIENTED_EDGE('',*,*,#954,.F.);
#1528=ORIENTED_EDGE('',*,*,#1084,.F.);
#1529=ORIENTED_EDGE('',*,*,#1051,.F.);
#1530=ORIENTED_EDGE('',*,*,#1084,.T.);
#1531=ORIENTED_EDGE('',*,*,#951,.F.);
#1532=ORIENTED_EDGE('',*,*,#1085,.T.);
#1533=ORIENTED_EDGE('',*,*,#1055,.F.);
#1534=ORIENTED_EDGE('',*,*,#1086,.T.);
#1535=ORIENTED_EDGE('',*,*,#1001,.F.);
#1536=ORIENTED_EDGE('',*,*,#1087,.F.);
#1537=ORIENTED_EDGE('',*,*,#1056,.F.);
#1538=ORIENTED_EDGE('',*,*,#1087,.T.);
#1539=ORIENTED_EDGE('',*,*,#1000,.F.);
#1540=ORIENTED_EDGE('',*,*,#1059,.F.);
#1541=ORIENTED_EDGE('',*,*,#1052,.F.);
#1542=ORIENTED_EDGE('',*,*,#1088,.F.);
#1543=ORIENTED_EDGE('',*,*,#1004,.F.);
#1544=ORIENTED_EDGE('',*,*,#1086,.F.);
#1545=ORIENTED_EDGE('',*,*,#1049,.F.);
#1546=ORIENTED_EDGE('',*,*,#1085,.F.);
#1547=ORIENTED_EDGE('',*,*,#950,.F.);
#1548=ORIENTED_EDGE('',*,*,#1089,.T.);
#1549=ORIENTED_EDGE('',*,*,#1046,.F.);
#1550=ORIENTED_EDGE('',*,*,#1089,.F.);
#1551=ORIENTED_EDGE('',*,*,#947,.F.);
#1552=ORIENTED_EDGE('',*,*,#1090,.T.);
#1553=ORIENTED_EDGE('',*,*,#1043,.F.);
#1554=ORIENTED_EDGE('',*,*,#1090,.F.);
#1555=ORIENTED_EDGE('',*,*,#944,.F.);
#1556=ORIENTED_EDGE('',*,*,#1091,.T.);
#1557=ORIENTED_EDGE('',*,*,#1040,.F.);
#1558=ORIENTED_EDGE('',*,*,#1091,.F.);
#1559=ORIENTED_EDGE('',*,*,#941,.F.);
#1560=ORIENTED_EDGE('',*,*,#1092,.T.);
#1561=ORIENTED_EDGE('',*,*,#1037,.F.);
#1562=ORIENTED_EDGE('',*,*,#1092,.F.);
#1563=ORIENTED_EDGE('',*,*,#938,.F.);
#1564=ORIENTED_EDGE('',*,*,#1093,.T.);
#1565=ORIENTED_EDGE('',*,*,#1034,.F.);
#1566=ORIENTED_EDGE('',*,*,#1093,.F.);
#1567=ORIENTED_EDGE('',*,*,#935,.F.);
#1568=ORIENTED_EDGE('',*,*,#1094,.T.);
#1569=ORIENTED_EDGE('',*,*,#1030,.F.);
#1570=ORIENTED_EDGE('',*,*,#1094,.F.);
#1571=ORIENTED_EDGE('',*,*,#932,.F.);
#1572=ORIENTED_EDGE('',*,*,#926,.F.);
#1573=ORIENTED_EDGE('',*,*,#929,.F.);
#1574=ORIENTED_EDGE('',*,*,#904,.F.);
#1575=ORIENTED_EDGE('',*,*,#1082,.T.);
#1576=ORIENTED_EDGE('',*,*,#1047,.F.);
#1577=ORIENTED_EDGE('',*,*,#1095,.F.);
#1578=ORIENTED_EDGE('',*,*,#1009,.F.);
#1579=ORIENTED_EDGE('',*,*,#1088,.T.);
#1580=ORIENTED_EDGE('',*,*,#1044,.F.);
#1581=ORIENTED_EDGE('',*,*,#1096,.F.);
#1582=ORIENTED_EDGE('',*,*,#1012,.F.);
#1583=ORIENTED_EDGE('',*,*,#1095,.T.);
#1584=ORIENTED_EDGE('',*,*,#1041,.F.);
#1585=ORIENTED_EDGE('',*,*,#1097,.F.);
#1586=ORIENTED_EDGE('',*,*,#1015,.F.);
#1587=ORIENTED_EDGE('',*,*,#1096,.T.);
#1588=ORIENTED_EDGE('',*,*,#1038,.F.);
#1589=ORIENTED_EDGE('',*,*,#1098,.F.);
#1590=ORIENTED_EDGE('',*,*,#1018,.F.);
#1591=ORIENTED_EDGE('',*,*,#1097,.T.);
#1592=ORIENTED_EDGE('',*,*,#1035,.F.);
#1593=ORIENTED_EDGE('',*,*,#1099,.F.);
#1594=ORIENTED_EDGE('',*,*,#1021,.F.);
#1595=ORIENTED_EDGE('',*,*,#1098,.T.);
#1596=ORIENTED_EDGE('',*,*,#1032,.F.);
#1597=ORIENTED_EDGE('',*,*,#1079,.F.);
#1598=ORIENTED_EDGE('',*,*,#1024,.F.);
#1599=ORIENTED_EDGE('',*,*,#1099,.T.);
#1600=ORIENTED_EDGE('',*,*,#931,.F.);
#1601=ORIENTED_EDGE('',*,*,#1071,.F.);
#1602=ORIENTED_EDGE('',*,*,#995,.F.);
#1603=ORIENTED_EDGE('',*,*,#965,.F.);
#1604=B_SPLINE_SURFACE_WITH_KNOTS('',3,3,((#2524,#2525,#2526,#2527,#2528,
#2529,#2530,#2531,#2532,#2533,#2534,#2535,#2536,#2537,#2538,#2539,#2540,
#2541,#2542,#2543,#2544,#2545,#2546,#2547,#2548,#2549,#2550,#2551,#2552,
#2553,#2554,#2555,#2556,#2557,#2558,#2559,#2560,#2561,#2562,#2563,#2564,
#2565,#2566,#2567,#2568,#2569,#2570,#2571,#2572,#2573,#2574,#2575,#2576,
#2577,#2578,#2579,#2580,#2581,#2582,#2583,#2584,#2585,#2586,#2587,#2588,
#2589,#2590,#2591,#2592),(#2593,#2594,#2595,#2596,#2597,#2598,#2599,#2600,
#2601,#2602,#2603,#2604,#2605,#2606,#2607,#2608,#2609,#2610,#2611,#2612,
#2613,#2614,#2615,#2616,#2617,#2618,#2619,#2620,#2621,#2622,#2623,#2624,
#2625,#2626,#2627,#2628,#2629,#2630,#2631,#2632,#2633,#2634,#2635,#2636,
#2637,#2638,#2639,#2640,#2641,#2642,#2643,#2644,#2645,#2646,#2647,#2648,
#2649,#2650,#2651,#2652,#2653,#2654,#2655,#2656,#2657,#2658,#2659,#2660,
#2661),(#2662,#2663,#2664,#2665,#2666,#2667,#2668,#2669,#2670,#2671,#2672,
#2673,#2674,#2675,#2676,#2677,#2678,#2679,#2680,#2681,#2682,#2683,#2684,
#2685,#2686,#2687,#2688,#2689,#2690,#2691,#2692,#2693,#2694,#2695,#2696,
#2697,#2698,#2699,#2700,#2701,#2702,#2703,#2704,#2705,#2706,#2707,#2708,
#2709,#2710,#2711,#2712,#2713,#2714,#2715,#2716,#2717,#2718,#2719,#2720,
#2721,#2722,#2723,#2724,#2725,#2726,#2727,#2728,#2729,#2730),(#2731,#2732,
#2733,#2734,#2735,#2736,#2737,#2738,#2739,#2740,#2741,#2742,#2743,#2744,
#2745,#2746,#2747,#2748,#2749,#2750,#2751,#2752,#2753,#2754,#2755,#2756,
#2757,#2758,#2759,#2760,#2761,#2762,#2763,#2764,#2765,#2766,#2767,#2768,
#2769,#2770,#2771,#2772,#2773,#2774,#2775,#2776,#2777,#2778,#2779,#2780,
#2781,#2782,#2783,#2784,#2785,#2786,#2787,#2788,#2789,#2790,#2791,#2792,
#2793,#2794,#2795,#2796,#2797,#2798,#2799),(#2800,#2801,#2802,#2803,#2804,
#2805,#2806,#2807,#2808,#2809,#2810,#2811,#2812,#2813,#2814,#2815,#2816,
#2817,#2818,#2819,#2820,#2821,#2822,#2823,#2824,#2825,#2826,#2827,#2828,
#2829,#2830,#2831,#2832,#2833,#2834,#2835,#2836,#2837,#2838,#2839,#2840,
#2841,#2842,#2843,#2844,#2845,#2846,#2847,#2848,#2849,#2850,#2851,#2852,
#2853,#2854,#2855,#2856,#2857,#2858,#2859,#2860,#2861,#2862,#2863,#2864,
#2865,#2866,#2867,#2868)),.UNSPECIFIED.,.F.,.F.,.F.,(4,1,4),(4,1,2,1,1,
1,2,2,2,2,2,2,2,2,1,1,1,1,1,2,1,1,2,1,2,2,1,1,2,2,2,2,1,1,2,2,2,2,1,1,2,
1,1,1,4),(0.,0.5,1.),(0.00379512839008582,0.257181572718751,0.409213439315949,
0.488059271827934,0.566905104339918,0.724596769363888,1.03998009941183,
1.92845129007119,2.68148277000695,2.90506095974005,3.22941271130168,3.3634661359373,
3.54478775104447,3.71125999247995,3.72250105140237,3.73374211032479,3.75622422816962,
3.77870634601445,3.78994740493686,3.80118846385928,3.82305891601234,3.8449293681654,
3.88867027247153,3.93956388047149,3.99045735376755,4.07813425924424,4.10052634211484,
4.12291842498543,4.16770259072663,4.3346412823843,4.51639820886474,4.65043688985116,
4.73152904942032,4.81262120898947,4.97480552812778,5.19828163705906,5.94888334717563,
6.84135338669592,7.31302293491486,7.39163452628468,7.47024611765451,7.5209335425715,
7.57162096748849,7.67299581732248,7.87574551699045),.UNSPECIFIED.);
#1605=B_SPLINE_SURFACE_WITH_KNOTS('',3,3,((#3058,#3059,#3060,#3061,#3062,
#3063,#3064),(#3065,#3066,#3067,#3068,#3069,#3070,#3071),(#3072,#3073,#3074,
#3075,#3076,#3077,#3078),(#3079,#3080,#3081,#3082,#3083,#3084,#3085)),
 .UNSPECIFIED.,.F.,.F.,.F.,(4,4),(4,1,1,1,4),(0.,1.),(-1.03366111802122,
-0.986433147240726,-0.954947833387063,-0.939205176460231,-0.9234625195334),
 .UNSPECIFIED.);
#1606=B_SPLINE_SURFACE_WITH_KNOTS('',3,3,((#3109,#3110,#3111,#3112,#3113,
#3114,#3115),(#3116,#3117,#3118,#3119,#3120,#3121,#3122),(#3123,#3124,#3125,
#3126,#3127,#3128,#3129),(#3130,#3131,#3132,#3133,#3134,#3135,#3136)),
 .UNSPECIFIED.,.F.,.F.,.F.,(4,4),(4,1,1,1,4),(0.,1.),(-1.14441923474918,
-1.12869394199191,-1.11296864923464,-1.08151806372009,-1.03434218544828),
 .UNSPECIFIED.);
#1607=B_SPLINE_SURFACE_WITH_KNOTS('',3,3,((#3271,#3272,#3273,#3274,#3275,
#3276,#3277,#3278,#3279,#3280,#3281,#3282,#3283,#3284,#3285,#3286,#3287,
#3288,#3289,#3290,#3291,#3292,#3293,#3294,#3295,#3296,#3297,#3298,#3299,
#3300,#3301,#3302,#3303,#3304,#3305,#3306,#3307,#3308,#3309,#3310,#3311,
#3312,#3313,#3314,#3315,#3316,#3317,#3318,#3319,#3320,#3321,#3322,#3323,
#3324,#3325,#3326,#3327,#3328,#3329,#3330,#3331,#3332,#3333,#3334,#3335,
#3336,#3337,#3338,#3339,#3340,#3341,#3342,#3343,#3344,#3345,#3346,#3347,
#3348,#3349,#3350,#3351,#3352,#3353,#3354,#3355,#3356,#3357,#3358),(#3359,
#3360,#3361,#3362,#3363,#3364,#3365,#3366,#3367,#3368,#3369,#3370,#3371,
#3372,#3373,#3374,#3375,#3376,#3377,#3378,#3379,#3380,#3381,#3382,#3383,
#3384,#3385,#3386,#3387,#3388,#3389,#3390,#3391,#3392,#3393,#3394,#3395,
#3396,#3397,#3398,#3399,#3400,#3401,#3402,#3403,#3404,#3405,#3406,#3407,
#3408,#3409,#3410,#3411,#3412,#3413,#3414,#3415,#3416,#3417,#3418,#3419,
#3420,#3421,#3422,#3423,#3424,#3425,#3426,#3427,#3428,#3429,#3430,#3431,
#3432,#3433,#3434,#3435,#3436,#3437,#3438,#3439,#3440,#3441,#3442,#3443,
#3444,#3445,#3446),(#3447,#3448,#3449,#3450,#3451,#3452,#3453,#3454,#3455,
#3456,#3457,#3458,#3459,#3460,#3461,#3462,#3463,#3464,#3465,#3466,#3467,
#3468,#3469,#3470,#3471,#3472,#3473,#3474,#3475,#3476,#3477,#3478,#3479,
#3480,#3481,#3482,#3483,#3484,#3485,#3486,#3487,#3488,#3489,#3490,#3491,
#3492,#3493,#3494,#3495,#3496,#3497,#3498,#3499,#3500,#3501,#3502,#3503,
#3504,#3505,#3506,#3507,#3508,#3509,#3510,#3511,#3512,#3513,#3514,#3515,
#3516,#3517,#3518,#3519,#3520,#3521,#3522,#3523,#3524,#3525,#3526,#3527,
#3528,#3529,#3530,#3531,#3532,#3533,#3534),(#3535,#3536,#3537,#3538,#3539,
#3540,#3541,#3542,#3543,#3544,#3545,#3546,#3547,#3548,#3549,#3550,#3551,
#3552,#3553,#3554,#3555,#3556,#3557,#3558,#3559,#3560,#3561,#3562,#3563,
#3564,#3565,#3566,#3567,#3568,#3569,#3570,#3571,#3572,#3573,#3574,#3575,
#3576,#3577,#3578,#3579,#3580,#3581,#3582,#3583,#3584,#3585,#3586,#3587,
#3588,#3589,#3590,#3591,#3592,#3593,#3594,#3595,#3596,#3597,#3598,#3599,
#3600,#3601,#3602,#3603,#3604,#3605,#3606,#3607,#3608,#3609,#3610,#3611,
#3612,#3613,#3614,#3615,#3616,#3617,#3618,#3619,#3620,#3621,#3622),(#3623,
#3624,#3625,#3626,#3627,#3628,#3629,#3630,#3631,#3632,#3633,#3634,#3635,
#3636,#3637,#3638,#3639,#3640,#3641,#3642,#3643,#3644,#3645,#3646,#3647,
#3648,#3649,#3650,#3651,#3652,#3653,#3654,#3655,#3656,#3657,#3658,#3659,
#3660,#3661,#3662,#3663,#3664,#3665,#3666,#3667,#3668,#3669,#3670,#3671,
#3672,#3673,#3674,#3675,#3676,#3677,#3678,#3679,#3680,#3681,#3682,#3683,
#3684,#3685,#3686,#3687,#3688,#3689,#3690,#3691,#3692,#3693,#3694,#3695,
#3696,#3697,#3698,#3699,#3700,#3701,#3702,#3703,#3704,#3705,#3706,#3707,
#3708,#3709,#3710)),.UNSPECIFIED.,.F.,.F.,.F.,(4,1,4),(4,2,1,1,1,2,1,2,
2,2,2,2,2,1,1,1,1,2,1,1,1,1,1,1,1,1,1,2,1,1,1,1,1,1,1,2,1,2,2,1,1,1,1,1,
1,1,2,2,2,2,1,1,2,2,2,2,1,1,1,2,1,1,1,4),(0.,0.5,1.),(-1.3569695715219E-14,
0.40631830684324,0.489072103552504,0.571825900261767,0.737333493680295,
1.06834868051735,1.50967192760929,1.95099517470124,2.70620780021392,3.04786828505742,
3.25399399250312,3.39494041117396,3.58973586908202,3.67905314274709,3.72371177957962,
3.74604109799589,3.75720575720403,3.76837041641216,3.77338229675781,3.77839417710346,
3.78841793779476,3.80846545917735,3.81848921986865,3.81974218995506,3.82099516004147,
3.8235011002143,3.82851298055995,3.84856050194254,3.86044019726939,3.87231989259624,
3.88419958792309,3.89607928324993,3.90795897857678,3.9138988262402,3.91983867390363,
3.94359806455732,3.98379951282883,4.02384046315017,4.11862773467963,4.12864315867623,
4.13865858267283,4.15868943066603,4.16870485466264,4.17872027865924,4.18873570265584,
4.19374341465414,4.19875112665244,4.37757567534652,4.5731019042404,4.7142839193476,
4.7659631443602,4.8176423693728,4.92100081939799,5.26117517216318,6.01518487085767,
6.89649609544461,7.39325242624821,7.47604514804881,7.5174415089491,7.55883786984941,
7.60964901948806,7.66046016912672,7.76208246840404,7.96532706695867),
 .UNSPECIFIED.);
#1608=B_SPLINE_SURFACE_WITH_KNOTS('',3,3,((#3936,#3937,#3938,#3939,#3940,
#3941),(#3942,#3943,#3944,#3945,#3946,#3947),(#3948,#3949,#3950,#3951,#3952,
#3953),(#3954,#3955,#3956,#3957,#3958,#3959)),.UNSPECIFIED.,.F.,.F.,.F.,
(4,4),(4,2,4),(0.,1.),(-0.176821292037658,0.,0.00114419596102346),
 .UNSPECIFIED.);
#1609=B_SPLINE_SURFACE_WITH_KNOTS('',3,3,((#3966,#3967,#3968,#3969,#3970,
#3971),(#3972,#3973,#3974,#3975,#3976,#3977),(#3978,#3979,#3980,#3981,#3982,
#3983),(#3984,#3985,#3986,#3987,#3988,#3989)),.UNSPECIFIED.,.F.,.F.,.F.,
(4,4),(4,2,4),(0.,1.),(-1.19531923234962,-1.19417498638989,-1.01735374434151),
 .UNSPECIFIED.);
#1610=B_SPLINE_SURFACE_WITH_KNOTS('',3,3,((#4028,#4029,#4030,#4031,#4032,
#4033,#4034,#4035,#4036,#4037,#4038,#4039,#4040,#4041,#4042,#4043,#4044,
#4045,#4046,#4047,#4048,#4049,#4050,#4051,#4052,#4053,#4054,#4055,#4056,
#4057,#4058,#4059,#4060,#4061,#4062,#4063,#4064,#4065,#4066,#4067,#4068,
#4069,#4070,#4071,#4072,#4073,#4074,#4075,#4076,#4077,#4078,#4079),(#4080,
#4081,#4082,#4083,#4084,#4085,#4086,#4087,#4088,#4089,#4090,#4091,#4092,
#4093,#4094,#4095,#4096,#4097,#4098,#4099,#4100,#4101,#4102,#4103,#4104,
#4105,#4106,#4107,#4108,#4109,#4110,#4111,#4112,#4113,#4114,#4115,#4116,
#4117,#4118,#4119,#4120,#4121,#4122,#4123,#4124,#4125,#4126,#4127,#4128,
#4129,#4130,#4131),(#4132,#4133,#4134,#4135,#4136,#4137,#4138,#4139,#4140,
#4141,#4142,#4143,#4144,#4145,#4146,#4147,#4148,#4149,#4150,#4151,#4152,
#4153,#4154,#4155,#4156,#4157,#4158,#4159,#4160,#4161,#4162,#4163,#4164,
#4165,#4166,#4167,#4168,#4169,#4170,#4171,#4172,#4173,#4174,#4175,#4176,
#4177,#4178,#4179,#4180,#4181,#4182,#4183),(#4184,#4185,#4186,#4187,#4188,
#4189,#4190,#4191,#4192,#4193,#4194,#4195,#4196,#4197,#4198,#4199,#4200,
#4201,#4202,#4203,#4204,#4205,#4206,#4207,#4208,#4209,#4210,#4211,#4212,
#4213,#4214,#4215,#4216,#4217,#4218,#4219,#4220,#4221,#4222,#4223,#4224,
#4225,#4226,#4227,#4228,#4229,#4230,#4231,#4232,#4233,#4234,#4235),(#4236,
#4237,#4238,#4239,#4240,#4241,#4242,#4243,#4244,#4245,#4246,#4247,#4248,
#4249,#4250,#4251,#4252,#4253,#4254,#4255,#4256,#4257,#4258,#4259,#4260,
#4261,#4262,#4263,#4264,#4265,#4266,#4267,#4268,#4269,#4270,#4271,#4272,
#4273,#4274,#4275,#4276,#4277,#4278,#4279,#4280,#4281,#4282,#4283,#4284,
#4285,#4286,#4287),(#4288,#4289,#4290,#4291,#4292,#4293,#4294,#4295,#4296,
#4297,#4298,#4299,#4300,#4301,#4302,#4303,#4304,#4305,#4306,#4307,#4308,
#4309,#4310,#4311,#4312,#4313,#4314,#4315,#4316,#4317,#4318,#4319,#4320,
#4321,#4322,#4323,#4324,#4325,#4326,#4327,#4328,#4329,#4330,#4331,#4332,
#4333,#4334,#4335,#4336,#4337,#4338,#4339),(#4340,#4341,#4342,#4343,#4344,
#4345,#4346,#4347,#4348,#4349,#4350,#4351,#4352,#4353,#4354,#4355,#4356,
#4357,#4358,#4359,#4360,#4361,#4362,#4363,#4364,#4365,#4366,#4367,#4368,
#4369,#4370,#4371,#4372,#4373,#4374,#4375,#4376,#4377,#4378,#4379,#4380,
#4381,#4382,#4383,#4384,#4385,#4386,#4387,#4388,#4389,#4390,#4391),(#4392,
#4393,#4394,#4395,#4396,#4397,#4398,#4399,#4400,#4401,#4402,#4403,#4404,
#4405,#4406,#4407,#4408,#4409,#4410,#4411,#4412,#4413,#4414,#4415,#4416,
#4417,#4418,#4419,#4420,#4421,#4422,#4423,#4424,#4425,#4426,#4427,#4428,
#4429,#4430,#4431,#4432,#4433,#4434,#4435,#4436,#4437,#4438,#4439,#4440,
#4441,#4442,#4443),(#4444,#4445,#4446,#4447,#4448,#4449,#4450,#4451,#4452,
#4453,#4454,#4455,#4456,#4457,#4458,#4459,#4460,#4461,#4462,#4463,#4464,
#4465,#4466,#4467,#4468,#4469,#4470,#4471,#4472,#4473,#4474,#4475,#4476,
#4477,#4478,#4479,#4480,#4481,#4482,#4483,#4484,#4485,#4486,#4487,#4488,
#4489,#4490,#4491,#4492,#4493,#4494,#4495),(#4496,#4497,#4498,#4499,#4500,
#4501,#4502,#4503,#4504,#4505,#4506,#4507,#4508,#4509,#4510,#4511,#4512,
#4513,#4514,#4515,#4516,#4517,#4518,#4519,#4520,#4521,#4522,#4523,#4524,
#4525,#4526,#4527,#4528,#4529,#4530,#4531,#4532,#4533,#4534,#4535,#4536,
#4537,#4538,#4539,#4540,#4541,#4542,#4543,#4544,#4545,#4546,#4547),(#4548,
#4549,#4550,#4551,#4552,#4553,#4554,#4555,#4556,#4557,#4558,#4559,#4560,
#4561,#4562,#4563,#4564,#4565,#4566,#4567,#4568,#4569,#4570,#4571,#4572,
#4573,#4574,#4575,#4576,#4577,#4578,#4579,#4580,#4581,#4582,#4583,#4584,
#4585,#4586,#4587,#4588,#4589,#4590,#4591,#4592,#4593,#4594,#4595,#4596,
#4597,#4598,#4599),(#4600,#4601,#4602,#4603,#4604,#4605,#4606,#4607,#4608,
#4609,#4610,#4611,#4612,#4613,#4614,#4615,#4616,#4617,#4618,#4619,#4620,
#4621,#4622,#4623,#4624,#4625,#4626,#4627,#4628,#4629,#4630,#4631,#4632,
#4633,#4634,#4635,#4636,#4637,#4638,#4639,#4640,#4641,#4642,#4643,#4644,
#4645,#4646,#4647,#4648,#4649,#4650,#4651),(#4652,#4653,#4654,#4655,#4656,
#4657,#4658,#4659,#4660,#4661,#4662,#4663,#4664,#4665,#4666,#4667,#4668,
#4669,#4670,#4671,#4672,#4673,#4674,#4675,#4676,#4677,#4678,#4679,#4680,
#4681,#4682,#4683,#4684,#4685,#4686,#4687,#4688,#4689,#4690,#4691,#4692,
#4693,#4694,#4695,#4696,#4697,#4698,#4699,#4700,#4701,#4702,#4703),(#4704,
#4705,#4706,#4707,#4708,#4709,#4710,#4711,#4712,#4713,#4714,#4715,#4716,
#4717,#4718,#4719,#4720,#4721,#4722,#4723,#4724,#4725,#4726,#4727,#4728,
#4729,#4730,#4731,#4732,#4733,#4734,#4735,#4736,#4737,#4738,#4739,#4740,
#4741,#4742,#4743,#4744,#4745,#4746,#4747,#4748,#4749,#4750,#4751,#4752,
#4753,#4754,#4755),(#4756,#4757,#4758,#4759,#4760,#4761,#4762,#4763,#4764,
#4765,#4766,#4767,#4768,#4769,#4770,#4771,#4772,#4773,#4774,#4775,#4776,
#4777,#4778,#4779,#4780,#4781,#4782,#4783,#4784,#4785,#4786,#4787,#4788,
#4789,#4790,#4791,#4792,#4793,#4794,#4795,#4796,#4797,#4798,#4799,#4800,
#4801,#4802,#4803,#4804,#4805,#4806,#4807),(#4808,#4809,#4810,#4811,#4812,
#4813,#4814,#4815,#4816,#4817,#4818,#4819,#4820,#4821,#4822,#4823,#4824,
#4825,#4826,#4827,#4828,#4829,#4830,#4831,#4832,#4833,#4834,#4835,#4836,
#4837,#4838,#4839,#4840,#4841,#4842,#4843,#4844,#4845,#4846,#4847,#4848,
#4849,#4850,#4851,#4852,#4853,#4854,#4855,#4856,#4857,#4858,#4859),(#4860,
#4861,#4862,#4863,#4864,#4865,#4866,#4867,#4868,#4869,#4870,#4871,#4872,
#4873,#4874,#4875,#4876,#4877,#4878,#4879,#4880,#4881,#4882,#4883,#4884,
#4885,#4886,#4887,#4888,#4889,#4890,#4891,#4892,#4893,#4894,#4895,#4896,
#4897,#4898,#4899,#4900,#4901,#4902,#4903,#4904,#4905,#4906,#4907,#4908,
#4909,#4910,#4911),(#4912,#4913,#4914,#4915,#4916,#4917,#4918,#4919,#4920,
#4921,#4922,#4923,#4924,#4925,#4926,#4927,#4928,#4929,#4930,#4931,#4932,
#4933,#4934,#4935,#4936,#4937,#4938,#4939,#4940,#4941,#4942,#4943,#4944,
#4945,#4946,#4947,#4948,#4949,#4950,#4951,#4952,#4953,#4954,#4955,#4956,
#4957,#4958,#4959,#4960,#4961,#4962,#4963),(#4964,#4965,#4966,#4967,#4968,
#4969,#4970,#4971,#4972,#4973,#4974,#4975,#4976,#4977,#4978,#4979,#4980,
#4981,#4982,#4983,#4984,#4985,#4986,#4987,#4988,#4989,#4990,#4991,#4992,
#4993,#4994,#4995,#4996,#4997,#4998,#4999,#5000,#5001,#5002,#5003,#5004,
#5005,#5006,#5007,#5008,#5009,#5010,#5011,#5012,#5013,#5014,#5015),(#5016,
#5017,#5018,#5019,#5020,#5021,#5022,#5023,#5024,#5025,#5026,#5027,#5028,
#5029,#5030,#5031,#5032,#5033,#5034,#5035,#5036,#5037,#5038,#5039,#5040,
#5041,#5042,#5043,#5044,#5045,#5046,#5047,#5048,#5049,#5050,#5051,#5052,
#5053,#5054,#5055,#5056,#5057,#5058,#5059,#5060,#5061,#5062,#5063,#5064,
#5065,#5066,#5067),(#5068,#5069,#5070,#5071,#5072,#5073,#5074,#5075,#5076,
#5077,#5078,#5079,#5080,#5081,#5082,#5083,#5084,#5085,#5086,#5087,#5088,
#5089,#5090,#5091,#5092,#5093,#5094,#5095,#5096,#5097,#5098,#5099,#5100,
#5101,#5102,#5103,#5104,#5105,#5106,#5107,#5108,#5109,#5110,#5111,#5112,
#5113,#5114,#5115,#5116,#5117,#5118,#5119),(#5120,#5121,#5122,#5123,#5124,
#5125,#5126,#5127,#5128,#5129,#5130,#5131,#5132,#5133,#5134,#5135,#5136,
#5137,#5138,#5139,#5140,#5141,#5142,#5143,#5144,#5145,#5146,#5147,#5148,
#5149,#5150,#5151,#5152,#5153,#5154,#5155,#5156,#5157,#5158,#5159,#5160,
#5161,#5162,#5163,#5164,#5165,#5166,#5167,#5168,#5169,#5170,#5171)),
 .UNSPECIFIED.,.F.,.F.,.F.,(4,2,1,1,1,2,1,2,1,2,1,1,1,2,4),(4,1,1,1,2,1,
1,1,2,1,1,1,2,1,1,1,2,1,2,1,2,1,1,1,1,2,1,1,1,1,1,1,1,1,1,1,1,1,2,2,4),
(0.0426406270997176,0.112144578201089,0.17056678794575,0.256292572088407,
0.399368911161346,0.448489897271499,0.469093938362906,0.500000000000017,
0.530906061637131,0.55151010272854,0.60063108883863,0.743707427911603,0.829433212053585,
0.887855421798899,0.957359372900372),(0.00751409437291189,0.0592614966538951,
0.111008898934878,0.162756301215861,0.214503703496845,0.264683671985598,
0.314863640474352,0.365043608963106,0.415223577451859,0.462207946545973,
0.509192315640087,0.556176684734201,0.603161053828315,0.639910593623791,
0.676660133419267,0.713409673214742,0.750159213010218,0.758130048688026,
0.782042555721451,0.802406201219451,0.822769846717451,0.839287175528293,
0.845481173832359,0.847545839933715,0.851675172136426,0.855804504339136,
0.8607079763289,0.865611448318663,0.868063184313545,0.870514920308426,0.871740788305867,
0.872966656303308,0.873579590302029,0.874192524300749,0.874805458299469,
0.87511192529883,0.87526515879851,0.87534177554835,0.87541839229819,0.89587188948312,
0.900161530627475),.UNSPECIFIED.);
#1611=B_SPLINE_SURFACE_WITH_KNOTS('',3,3,((#5177,#5178,#5179,#5180,#5181,
#5182,#5183,#5184,#5185,#5186,#5187,#5188,#5189,#5190,#5191,#5192),(#5193,
#5194,#5195,#5196,#5197,#5198,#5199,#5200,#5201,#5202,#5203,#5204,#5205,
#5206,#5207,#5208),(#5209,#5210,#5211,#5212,#5213,#5214,#5215,#5216,#5217,
#5218,#5219,#5220,#5221,#5222,#5223,#5224),(#5225,#5226,#5227,#5228,#5229,
#5230,#5231,#5232,#5233,#5234,#5235,#5236,#5237,#5238,#5239,#5240),(#5241,
#5242,#5243,#5244,#5245,#5246,#5247,#5248,#5249,#5250,#5251,#5252,#5253,
#5254,#5255,#5256),(#5257,#5258,#5259,#5260,#5261,#5262,#5263,#5264,#5265,
#5266,#5267,#5268,#5269,#5270,#5271,#5272),(#5273,#5274,#5275,#5276,#5277,
#5278,#5279,#5280,#5281,#5282,#5283,#5284,#5285,#5286,#5287,#5288),(#5289,
#5290,#5291,#5292,#5293,#5294,#5295,#5296,#5297,#5298,#5299,#5300,#5301,
#5302,#5303,#5304),(#5305,#5306,#5307,#5308,#5309,#5310,#5311,#5312,#5313,
#5314,#5315,#5316,#5317,#5318,#5319,#5320),(#5321,#5322,#5323,#5324,#5325,
#5326,#5327,#5328,#5329,#5330,#5331,#5332,#5333,#5334,#5335,#5336),(#5337,
#5338,#5339,#5340,#5341,#5342,#5343,#5344,#5345,#5346,#5347,#5348,#5349,
#5350,#5351,#5352),(#5353,#5354,#5355,#5356,#5357,#5358,#5359,#5360,#5361,
#5362,#5363,#5364,#5365,#5366,#5367,#5368),(#5369,#5370,#5371,#5372,#5373,
#5374,#5375,#5376,#5377,#5378,#5379,#5380,#5381,#5382,#5383,#5384),(#5385,
#5386,#5387,#5388,#5389,#5390,#5391,#5392,#5393,#5394,#5395,#5396,#5397,
#5398,#5399,#5400),(#5401,#5402,#5403,#5404,#5405,#5406,#5407,#5408,#5409,
#5410,#5411,#5412,#5413,#5414,#5415,#5416)),.UNSPECIFIED.,.F.,.F.,.F.,(4,
2,2,2,1,2,2,4),(4,1,1,1,1,2,1,1,1,2,1,4),(0.0365078459400111,0.112144578201089,
0.448489897271499,0.500000000000017,0.506438762841083,0.55151010272854,
0.887855421798899,0.963492154059999),(0.,0.107251851748422,0.214503703496845,
0.415223577451859,0.603161053828315,0.750159213010218,0.782042555721451,
0.822769846717451,0.855804504339136,0.87541839229819,0.89587188948312,0.898222643561694),
 .UNSPECIFIED.);
#1612=ADVANCED_FACE('',(#313),#1604,.F.);
#1613=ADVANCED_FACE('',(#314),#1605,.F.);
#1614=ADVANCED_FACE('',(#315),#1606,.F.);
#1615=ADVANCED_FACE('',(#316,#275),#278,.T.);
#1616=ADVANCED_FACE('',(#317),#273,.T.);
#1617=ADVANCED_FACE('',(#318),#1607,.T.);
#1618=ADVANCED_FACE('',(#319),#1608,.T.);
#1619=ADVANCED_FACE('',(#320),#1609,.T.);
#1620=ADVANCED_FACE('',(#321),#274,.F.);
#1621=ADVANCED_FACE('',(#322),#1610,.T.);
#1622=ADVANCED_FACE('',(#323),#279,.F.);
#1623=ADVANCED_FACE('',(#324),#241,.F.);
#1624=ADVANCED_FACE('',(#325),#1611,.F.);
#1625=ADVANCED_FACE('',(#326),#280,.T.);
#1626=ADVANCED_FACE('',(#327),#242,.T.);
#1627=ADVANCED_FACE('',(#328),#243,.T.);
#1628=ADVANCED_FACE('',(#329),#244,.T.);
#1629=ADVANCED_FACE('',(#330),#245,.T.);
#1630=ADVANCED_FACE('',(#331),#246,.T.);
#1631=ADVANCED_FACE('',(#332),#199,.T.);
#1632=ADVANCED_FACE('',(#333),#247,.T.);
#1633=ADVANCED_FACE('',(#334),#248,.T.);
#1634=ADVANCED_FACE('',(#335),#200,.T.);
#1635=ADVANCED_FACE('',(#336),#249,.T.);
#1636=ADVANCED_FACE('',(#337),#201,.T.);
#1637=ADVANCED_FACE('',(#338),#202,.T.);
#1638=ADVANCED_FACE('',(#339),#250,.T.);
#1639=ADVANCED_FACE('',(#340),#203,.T.);
#1640=ADVANCED_FACE('',(#341),#251,.T.);
#1641=ADVANCED_FACE('',(#342),#204,.T.);
#1642=ADVANCED_FACE('',(#343),#252,.T.);
#1643=ADVANCED_FACE('',(#344),#205,.T.);
#1644=ADVANCED_FACE('',(#345),#253,.T.);
#1645=ADVANCED_FACE('',(#346),#254,.T.);
#1646=ADVANCED_FACE('',(#347),#206,.T.);
#1647=ADVANCED_FACE('',(#348),#255,.T.);
#1648=ADVANCED_FACE('',(#349),#207,.T.);
#1649=ADVANCED_FACE('',(#350),#208,.T.);
#1650=ADVANCED_FACE('',(#351),#209,.T.);
#1651=ADVANCED_FACE('',(#352),#256,.T.);
#1652=ADVANCED_FACE('',(#353),#257,.T.);
#1653=ADVANCED_FACE('',(#354),#210,.T.);
#1654=ADVANCED_FACE('',(#355),#258,.T.);
#1655=ADVANCED_FACE('',(#356),#211,.T.);
#1656=ADVANCED_FACE('',(#357),#259,.T.);
#1657=ADVANCED_FACE('',(#358),#212,.T.);
#1658=ADVANCED_FACE('',(#359),#260,.T.);
#1659=ADVANCED_FACE('',(#360),#213,.T.);
#1660=ADVANCED_FACE('',(#361),#214,.T.);
#1661=ADVANCED_FACE('',(#362),#215,.T.);
#1662=ADVANCED_FACE('',(#363),#261,.T.);
#1663=ADVANCED_FACE('',(#364),#262,.T.);
#1664=ADVANCED_FACE('',(#365),#216,.T.);
#1665=ADVANCED_FACE('',(#366),#263,.T.);
#1666=ADVANCED_FACE('',(#367),#217,.T.);
#1667=ADVANCED_FACE('',(#368),#264,.T.);
#1668=ADVANCED_FACE('',(#369),#218,.T.);
#1669=ADVANCED_FACE('',(#370),#265,.T.);
#1670=ADVANCED_FACE('',(#371),#219,.T.);
#1671=ADVANCED_FACE('',(#372),#220,.T.);
#1672=ADVANCED_FACE('',(#373),#221,.T.);
#1673=ADVANCED_FACE('',(#374),#266,.T.);
#1674=ADVANCED_FACE('',(#375),#222,.T.);
#1675=ADVANCED_FACE('',(#376),#267,.T.);
#1676=ADVANCED_FACE('',(#377),#223,.T.);
#1677=ADVANCED_FACE('',(#378),#268,.T.);
#1678=ADVANCED_FACE('',(#379),#224,.T.);
#1679=ADVANCED_FACE('',(#380),#269,.T.);
#1680=ADVANCED_FACE('',(#381),#270,.T.);
#1681=ADVANCED_FACE('',(#382),#225,.T.);
#1682=ADVANCED_FACE('',(#383),#226,.T.);
#1683=ADVANCED_FACE('',(#384),#281,.T.);
#1684=ADVANCED_FACE('',(#385),#227,.F.);
#1685=ADVANCED_FACE('',(#386),#228,.F.);
#1686=ADVANCED_FACE('',(#387),#282,.T.);
#1687=ADVANCED_FACE('',(#388),#229,.T.);
#1688=ADVANCED_FACE('',(#389),#283,.T.);
#1689=ADVANCED_FACE('',(#390),#230,.T.);
#1690=ADVANCED_FACE('',(#391),#284,.T.);
#1691=ADVANCED_FACE('',(#392),#285,.T.);
#1692=ADVANCED_FACE('',(#393),#231,.T.);
#1693=ADVANCED_FACE('',(#394),#286,.F.);
#1694=ADVANCED_FACE('',(#395),#287,.F.);
#1695=ADVANCED_FACE('',(#396),#288,.F.);
#1696=ADVANCED_FACE('',(#397),#289,.F.);
#1697=ADVANCED_FACE('',(#398),#290,.F.);
#1698=ADVANCED_FACE('',(#399),#291,.F.);
#1699=ADVANCED_FACE('',(#400),#292,.F.);
#1700=ADVANCED_FACE('',(#401),#293,.F.);
#1701=ADVANCED_FACE('',(#402),#294,.F.);
#1702=ADVANCED_FACE('',(#403),#295,.F.);
#1703=ADVANCED_FACE('',(#404),#296,.F.);
#1704=ADVANCED_FACE('',(#405),#297,.F.);
#1705=ADVANCED_FACE('',(#406),#13,.T.);
#1706=ADVANCED_FACE('',(#407),#14,.T.);
#1707=ADVANCED_FACE('',(#408,#276),#298,.F.);
#1708=ADVANCED_FACE('',(#409),#232,.T.);
#1709=ADVANCED_FACE('',(#410),#233,.T.);
#1710=ADVANCED_FACE('',(#411),#299,.F.);
#1711=ADVANCED_FACE('',(#412),#300,.F.);
#1712=ADVANCED_FACE('',(#413),#301,.F.);
#1713=ADVANCED_FACE('',(#414),#302,.F.);
#1714=ADVANCED_FACE('',(#415),#234,.F.);
#1715=ADVANCED_FACE('',(#416),#303,.F.);
#1716=ADVANCED_FACE('',(#417),#235,.F.);
#1717=ADVANCED_FACE('',(#418),#304,.F.);
#1718=ADVANCED_FACE('',(#419),#236,.F.);
#1719=ADVANCED_FACE('',(#420,#277),#305,.F.);
#1720=ADVANCED_FACE('',(#421),#306,.F.);
#1721=ADVANCED_FACE('',(#422),#307,.F.);
#1722=ADVANCED_FACE('',(#423),#308,.F.);
#1723=ADVANCED_FACE('',(#424),#309,.F.);
#1724=ADVANCED_FACE('',(#425),#310,.F.);
#1725=ADVANCED_FACE('',(#426),#311,.F.);
#1726=ADVANCED_FACE('',(#427),#312,.F.);
#1727=CLOSED_SHELL('',(#1612,#1613,#1614,#1615,#1616,#1617,#1618,#1619,
#1620,#1621,#1622,#1623,#1624,#1625,#1626));
#1728=CLOSED_SHELL('',(#1627,#1628,#1629,#1630,#1631,#1632,#1633,#1634,
#1635,#1636,#1637,#1638,#1639,#1640,#1641,#1642,#1643,#1644,#1645,#1646,
#1647,#1648,#1649,#1650,#1651,#1652,#1653,#1654,#1655,#1656,#1657,#1658,
#1659,#1660,#1661,#1662,#1663,#1664,#1665,#1666,#1667,#1668,#1669,#1670,
#1671,#1672,#1673,#1674,#1675,#1676,#1677,#1678,#1679,#1680,#1681,#1682,
#1683,#1684,#1685,#1686,#1687,#1688,#1689,#1690,#1691,#1692,#1693,#1694,
#1695,#1696,#1697,#1698,#1699,#1700,#1701,#1702,#1703,#1704,#1705,#1706,
#1707,#1708,#1709,#1710,#1711,#1712,#1713,#1714,#1715,#1716,#1717,#1718,
#1719,#1720,#1721,#1722,#1723,#1724,#1725,#1726));
#1729=DERIVED_UNIT_ELEMENT(#1731,1.);
#1730=DERIVED_UNIT_ELEMENT(#5839,-3.);
#1731=(
MASS_UNIT()
NAMED_UNIT(*)
SI_UNIT(.KILO.,.GRAM.)
);
#1732=DERIVED_UNIT((#1729,#1730));
#1733=MEASURE_REPRESENTATION_ITEM('density measure',
POSITIVE_RATIO_MEASURE(7850.),#1732);
#1734=PROPERTY_DEFINITION_REPRESENTATION(#1739,#1736);
#1735=PROPERTY_DEFINITION_REPRESENTATION(#1740,#1737);
#1736=REPRESENTATION('material name',(#1738),#5836);
#1737=REPRESENTATION('density',(#1733),#5836);
#1738=DESCRIPTIVE_REPRESENTATION_ITEM('Steel','Steel');
#1739=PROPERTY_DEFINITION('material property','material name',#5846);
#1740=PROPERTY_DEFINITION('material property','density of part',#5846);
#1741=AXIS2_PLACEMENT_3D('placement',#2523,#1971,#1972);
#1742=AXIS2_PLACEMENT_3D('',#2871,#1973,#1974);
#1743=AXIS2_PLACEMENT_3D('',#2983,#1975,#1976);
#1744=AXIS2_PLACEMENT_3D('',#3167,#1977,#1978);
#1745=AXIS2_PLACEMENT_3D('',#3170,#1979,#1980);
#1746=AXIS2_PLACEMENT_3D('',#3202,#1981,#1982);
#1747=AXIS2_PLACEMENT_3D('',#3267,#1983,#1984);
#1748=AXIS2_PLACEMENT_3D('',#3712,#1985,#1986);
#1749=AXIS2_PLACEMENT_3D('',#3807,#1987,#1988);
#1750=AXIS2_PLACEMENT_3D('',#4027,#1989,#1990);
#1751=AXIS2_PLACEMENT_3D('',#5172,#1991,#1992);
#1752=AXIS2_PLACEMENT_3D('',#5174,#1993,#1994);
#1753=AXIS2_PLACEMENT_3D('',#5175,#1995,#1996);
#1754=AXIS2_PLACEMENT_3D('',#5176,#1997,#1998);
#1755=AXIS2_PLACEMENT_3D('',#5417,#1999,#2000);
#1756=AXIS2_PLACEMENT_3D('',#5419,#2001,#2002);
#1757=AXIS2_PLACEMENT_3D('',#5420,#2003,#2004);
#1758=AXIS2_PLACEMENT_3D('',#5421,#2005,#2006);
#1759=AXIS2_PLACEMENT_3D('',#5422,#2007,#2008);
#1760=AXIS2_PLACEMENT_3D('',#5425,#2009,#2010);
#1761=AXIS2_PLACEMENT_3D('',#5427,#2011,#2012);
#1762=AXIS2_PLACEMENT_3D('',#5429,#2013,#2014);
#1763=AXIS2_PLACEMENT_3D('',#5430,#2015,#2016);
#1764=AXIS2_PLACEMENT_3D('',#5431,#2017,#2018);
#1765=AXIS2_PLACEMENT_3D('',#5434,#2019,#2020);
#1766=AXIS2_PLACEMENT_3D('',#5436,#2021,#2022);
#1767=AXIS2_PLACEMENT_3D('',#5438,#2023,#2024);
#1768=AXIS2_PLACEMENT_3D('',#5439,#2025,#2026);
#1769=AXIS2_PLACEMENT_3D('',#5440,#2027,#2028);
#1770=AXIS2_PLACEMENT_3D('',#5443,#2029,#2030);
#1771=AXIS2_PLACEMENT_3D('',#5445,#2031,#2032);
#1772=AXIS2_PLACEMENT_3D('',#5447,#2033,#2034);
#1773=AXIS2_PLACEMENT_3D('',#5448,#2035,#2036);
#1774=AXIS2_PLACEMENT_3D('',#5449,#2037,#2038);
#1775=AXIS2_PLACEMENT_3D('',#5452,#2039,#2040);
#1776=AXIS2_PLACEMENT_3D('',#5454,#2041,#2042);
#1777=AXIS2_PLACEMENT_3D('',#5456,#2043,#2044);
#1778=AXIS2_PLACEMENT_3D('',#5457,#2045,#2046);
#1779=AXIS2_PLACEMENT_3D('',#5458,#2047,#2048);
#1780=AXIS2_PLACEMENT_3D('',#5461,#2051,#2052);
#1781=AXIS2_PLACEMENT_3D('',#5464,#2053,#2054);
#1782=AXIS2_PLACEMENT_3D('',#5466,#2055,#2056);
#1783=AXIS2_PLACEMENT_3D('',#5468,#2057,#2058);
#1784=AXIS2_PLACEMENT_3D('',#5469,#2059,#2060);
#1785=AXIS2_PLACEMENT_3D('',#5470,#2061,#2062);
#1786=AXIS2_PLACEMENT_3D('',#5473,#2063,#2064);
#1787=AXIS2_PLACEMENT_3D('',#5475,#2065,#2066);
#1788=AXIS2_PLACEMENT_3D('',#5477,#2067,#2068);
#1789=AXIS2_PLACEMENT_3D('',#5478,#2069,#2070);
#1790=AXIS2_PLACEMENT_3D('',#5479,#2071,#2072);
#1791=AXIS2_PLACEMENT_3D('',#5482,#2075,#2076);
#1792=AXIS2_PLACEMENT_3D('',#5485,#2077,#2078);
#1793=AXIS2_PLACEMENT_3D('',#5487,#2079,#2080);
#1794=AXIS2_PLACEMENT_3D('',#5489,#2081,#2082);
#1795=AXIS2_PLACEMENT_3D('',#5490,#2083,#2084);
#1796=AXIS2_PLACEMENT_3D('',#5491,#2085,#2086);
#1797=AXIS2_PLACEMENT_3D('',#5494,#2089,#2090);
#1798=AXIS2_PLACEMENT_3D('',#5497,#2091,#2092);
#1799=AXIS2_PLACEMENT_3D('',#5500,#2095,#2096);
#1800=AXIS2_PLACEMENT_3D('',#5503,#2097,#2098);
#1801=AXIS2_PLACEMENT_3D('',#5504,#2099,#2100);
#1802=AXIS2_PLACEMENT_3D('',#5505,#2101,#2102);
#1803=AXIS2_PLACEMENT_3D('',#5506,#2103,#2104);
#1804=AXIS2_PLACEMENT_3D('',#5509,#2105,#2106);
#1805=AXIS2_PLACEMENT_3D('',#5512,#2109,#2110);
#1806=AXIS2_PLACEMENT_3D('',#5515,#2111,#2112);
#1807=AXIS2_PLACEMENT_3D('',#5516,#2113,#2114);
#1808=AXIS2_PLACEMENT_3D('',#5517,#2115,#2116);
#1809=AXIS2_PLACEMENT_3D('',#5518,#2117,#2118);
#1810=AXIS2_PLACEMENT_3D('',#5521,#2119,#2120);
#1811=AXIS2_PLACEMENT_3D('',#5524,#2123,#2124);
#1812=AXIS2_PLACEMENT_3D('',#5527,#2125,#2126);
#1813=AXIS2_PLACEMENT_3D('',#5528,#2127,#2128);
#1814=AXIS2_PLACEMENT_3D('',#5529,#2129,#2130);
#1815=AXIS2_PLACEMENT_3D('',#5530,#2131,#2132);
#1816=AXIS2_PLACEMENT_3D('',#5533,#2133,#2134);
#1817=AXIS2_PLACEMENT_3D('',#5536,#2137,#2138);
#1818=AXIS2_PLACEMENT_3D('',#5538,#2139,#2140);
#1819=AXIS2_PLACEMENT_3D('',#5540,#2141,#2142);
#1820=AXIS2_PLACEMENT_3D('',#5541,#2143,#2144);
#1821=AXIS2_PLACEMENT_3D('',#5542,#2145,#2146);
#1822=AXIS2_PLACEMENT_3D('',#5544,#2147,#2148);
#1823=AXIS2_PLACEMENT_3D('',#5546,#2149,#2150);
#1824=AXIS2_PLACEMENT_3D('',#5547,#2151,#2152);
#1825=AXIS2_PLACEMENT_3D('',#5548,#2153,#2154);
#1826=AXIS2_PLACEMENT_3D('',#5551,#2157,#2158);
#1827=AXIS2_PLACEMENT_3D('',#5554,#2159,#2160);
#1828=AXIS2_PLACEMENT_3D('',#5556,#2161,#2162);
#1829=AXIS2_PLACEMENT_3D('',#5558,#2163,#2164);
#1830=AXIS2_PLACEMENT_3D('',#5559,#2165,#2166);
#1831=AXIS2_PLACEMENT_3D('',#5560,#2167,#2168);
#1832=AXIS2_PLACEMENT_3D('',#5563,#2171,#2172);
#1833=AXIS2_PLACEMENT_3D('',#5566,#2175,#2176);
#1834=AXIS2_PLACEMENT_3D('',#5569,#2177,#2178);
#1835=AXIS2_PLACEMENT_3D('',#5572,#2181,#2182);
#1836=AXIS2_PLACEMENT_3D('',#5575,#2183,#2184);
#1837=AXIS2_PLACEMENT_3D('',#5576,#2185,#2186);
#1838=AXIS2_PLACEMENT_3D('',#5577,#2187,#2188);
#1839=AXIS2_PLACEMENT_3D('',#5578,#2189,#2190);
#1840=AXIS2_PLACEMENT_3D('',#5581,#2191,#2192);
#1841=AXIS2_PLACEMENT_3D('',#5582,#2193,#2194);
#1842=AXIS2_PLACEMENT_3D('',#5583,#2195,#2196);
#1843=AXIS2_PLACEMENT_3D('',#5584,#2197,#2198);
#1844=AXIS2_PLACEMENT_3D('',#5588,#2200,#2201);
#1845=AXIS2_PLACEMENT_3D('',#5590,#2203,#2204);
#1846=AXIS2_PLACEMENT_3D('',#5592,#2205,#2206);
#1847=AXIS2_PLACEMENT_3D('',#5594,#2207,#2208);
#1848=AXIS2_PLACEMENT_3D('',#5595,#2209,#2210);
#1849=AXIS2_PLACEMENT_3D('',#5596,#2211,#2212);
#1850=AXIS2_PLACEMENT_3D('',#5600,#2214,#2215);
#1851=AXIS2_PLACEMENT_3D('',#5602,#2217,#2218);
#1852=AXIS2_PLACEMENT_3D('',#5604,#2219,#2220);
#1853=AXIS2_PLACEMENT_3D('',#5606,#2221,#2222);
#1854=AXIS2_PLACEMENT_3D('',#5607,#2223,#2224);
#1855=AXIS2_PLACEMENT_3D('',#5608,#2225,#2226);
#1856=AXIS2_PLACEMENT_3D('',#5612,#2228,#2229);
#1857=AXIS2_PLACEMENT_3D('',#5614,#2231,#2232);
#1858=AXIS2_PLACEMENT_3D('',#5616,#2233,#2234);
#1859=AXIS2_PLACEMENT_3D('',#5618,#2235,#2236);
#1860=AXIS2_PLACEMENT_3D('',#5619,#2237,#2238);
#1861=AXIS2_PLACEMENT_3D('',#5620,#2239,#2240);
#1862=AXIS2_PLACEMENT_3D('',#5623,#2243,#2244);
#1863=AXIS2_PLACEMENT_3D('',#5626,#2247,#2248);
#1864=AXIS2_PLACEMENT_3D('',#5629,#2249,#2250);
#1865=AXIS2_PLACEMENT_3D('',#5632,#2253,#2254);
#1866=AXIS2_PLACEMENT_3D('',#5634,#2255,#2256);
#1867=AXIS2_PLACEMENT_3D('',#5636,#2257,#2258);
#1868=AXIS2_PLACEMENT_3D('',#5637,#2259,#2260);
#1869=AXIS2_PLACEMENT_3D('',#5638,#2261,#2262);
#1870=AXIS2_PLACEMENT_3D('',#5640,#2263,#2264);
#1871=AXIS2_PLACEMENT_3D('',#5642,#2265,#2266);
#1872=AXIS2_PLACEMENT_3D('',#5643,#2267,#2268);
#1873=AXIS2_PLACEMENT_3D('',#5644,#2269,#2270);
#1874=AXIS2_PLACEMENT_3D('',#5647,#2271,#2272);
#1875=AXIS2_PLACEMENT_3D('',#5650,#2275,#2276);
#1876=AXIS2_PLACEMENT_3D('',#5653,#2277,#2278);
#1877=AXIS2_PLACEMENT_3D('',#5654,#2279,#2280);
#1878=AXIS2_PLACEMENT_3D('',#5655,#2281,#2282);
#1879=AXIS2_PLACEMENT_3D('',#5656,#2283,#2284);
#1880=AXIS2_PLACEMENT_3D('',#5659,#2285,#2286);
#1881=AXIS2_PLACEMENT_3D('',#5662,#2289,#2290);
#1882=AXIS2_PLACEMENT_3D('',#5665,#2291,#2292);
#1883=AXIS2_PLACEMENT_3D('',#5666,#2293,#2294);
#1884=AXIS2_PLACEMENT_3D('',#5667,#2295,#2296);
#1885=AXIS2_PLACEMENT_3D('',#5668,#2297,#2298);
#1886=AXIS2_PLACEMENT_3D('',#5671,#2299,#2300);
#1887=AXIS2_PLACEMENT_3D('',#5674,#2303,#2304);
#1888=AXIS2_PLACEMENT_3D('',#5677,#2305,#2306);
#1889=AXIS2_PLACEMENT_3D('',#5678,#2307,#2308);
#1890=AXIS2_PLACEMENT_3D('',#5679,#2309,#2310);
#1891=AXIS2_PLACEMENT_3D('',#5680,#2311,#2312);
#1892=AXIS2_PLACEMENT_3D('',#5683,#2315,#2316);
#1893=AXIS2_PLACEMENT_3D('',#5686,#2319,#2320);
#1894=AXIS2_PLACEMENT_3D('',#5689,#2321,#2322);
#1895=AXIS2_PLACEMENT_3D('',#5692,#2325,#2326);
#1896=AXIS2_PLACEMENT_3D('',#5694,#2327,#2328);
#1897=AXIS2_PLACEMENT_3D('',#5696,#2329,#2330);
#1898=AXIS2_PLACEMENT_3D('',#5697,#2331,#2332);
#1899=AXIS2_PLACEMENT_3D('',#5698,#2333,#2334);
#1900=AXIS2_PLACEMENT_3D('',#5702,#2336,#2337);
#1901=AXIS2_PLACEMENT_3D('',#5704,#2339,#2340);
#1902=AXIS2_PLACEMENT_3D('',#5706,#2341,#2342);
#1903=AXIS2_PLACEMENT_3D('',#5708,#2343,#2344);
#1904=AXIS2_PLACEMENT_3D('',#5709,#2345,#2346);
#1905=AXIS2_PLACEMENT_3D('',#5710,#2347,#2348);
#1906=AXIS2_PLACEMENT_3D('',#5714,#2350,#2351);
#1907=AXIS2_PLACEMENT_3D('',#5716,#2353,#2354);
#1908=AXIS2_PLACEMENT_3D('',#5718,#2355,#2356);
#1909=AXIS2_PLACEMENT_3D('',#5720,#2357,#2358);
#1910=AXIS2_PLACEMENT_3D('',#5721,#2359,#2360);
#1911=AXIS2_PLACEMENT_3D('',#5722,#2361,#2362);
#1912=AXIS2_PLACEMENT_3D('',#5726,#2364,#2365);
#1913=AXIS2_PLACEMENT_3D('',#5728,#2367,#2368);
#1914=AXIS2_PLACEMENT_3D('',#5731,#2369,#2370);
#1915=AXIS2_PLACEMENT_3D('',#5732,#2371,#2372);
#1916=AXIS2_PLACEMENT_3D('',#5733,#2373,#2374);
#1917=AXIS2_PLACEMENT_3D('',#5734,#2375,#2376);
#1918=AXIS2_PLACEMENT_3D('',#5737,#2377,#2378);
#1919=AXIS2_PLACEMENT_3D('',#5738,#2379,#2380);
#1920=AXIS2_PLACEMENT_3D('',#5739,#2381,#2382);
#1921=AXIS2_PLACEMENT_3D('',#5740,#2383,#2384);
#1922=AXIS2_PLACEMENT_3D('',#5743,#2387,#2388);
#1923=AXIS2_PLACEMENT_3D('',#5746,#2391,#2392);
#1924=AXIS2_PLACEMENT_3D('',#5748,#2394,#2395);
#1925=AXIS2_PLACEMENT_3D('',#5751,#2398,#2399);
#1926=AXIS2_PLACEMENT_3D('',#5753,#2401,#2402);
#1927=AXIS2_PLACEMENT_3D('',#5755,#2404,#2405);
#1928=AXIS2_PLACEMENT_3D('',#5757,#2407,#2408);
#1929=AXIS2_PLACEMENT_3D('',#5759,#2410,#2411);
#1930=AXIS2_PLACEMENT_3D('',#5761,#2413,#2414);
#1931=AXIS2_PLACEMENT_3D('',#5763,#2416,#2417);
#1932=AXIS2_PLACEMENT_3D('',#5765,#2419,#2420);
#1933=AXIS2_PLACEMENT_3D('',#5766,#2421,#2422);
#1934=AXIS2_PLACEMENT_3D('',#5769,#2425,#2426);
#1935=AXIS2_PLACEMENT_3D('',#5771,#2428,#2429);
#1936=AXIS2_PLACEMENT_3D('',#5773,#2431,#2432);
#1937=AXIS2_PLACEMENT_3D('',#5775,#2434,#2435);
#1938=AXIS2_PLACEMENT_3D('',#5777,#2437,#2438);
#1939=AXIS2_PLACEMENT_3D('',#5779,#2440,#2441);
#1940=AXIS2_PLACEMENT_3D('',#5781,#2443,#2444);
#1941=AXIS2_PLACEMENT_3D('',#5783,#2446,#2447);
#1942=AXIS2_PLACEMENT_3D('',#5784,#2448,#2449);
#1943=AXIS2_PLACEMENT_3D('',#5786,#2451,#2452);
#1944=AXIS2_PLACEMENT_3D('',#5787,#2453,#2454);
#1945=AXIS2_PLACEMENT_3D('',#5788,#2455,#2456);
#1946=AXIS2_PLACEMENT_3D('',#5790,#2457,#2458);
#1947=AXIS2_PLACEMENT_3D('',#5792,#2459,#2460);
#1948=AXIS2_PLACEMENT_3D('',#5793,#2461,#2462);
#1949=AXIS2_PLACEMENT_3D('',#5795,#2463,#2464);
#1950=AXIS2_PLACEMENT_3D('',#5797,#2465,#2466);
#1951=AXIS2_PLACEMENT_3D('',#5798,#2467,#2468);
#1952=AXIS2_PLACEMENT_3D('',#5799,#2469,#2470);
#1953=AXIS2_PLACEMENT_3D('',#5801,#2472,#2473);
#1954=AXIS2_PLACEMENT_3D('',#5803,#2475,#2476);
#1955=AXIS2_PLACEMENT_3D('',#5806,#2479,#2480);
#1956=AXIS2_PLACEMENT_3D('',#5807,#2481,#2482);
#1957=AXIS2_PLACEMENT_3D('',#5809,#2484,#2485);
#1958=AXIS2_PLACEMENT_3D('',#5811,#2487,#2488);
#1959=AXIS2_PLACEMENT_3D('',#5813,#2490,#2491);
#1960=AXIS2_PLACEMENT_3D('',#5815,#2493,#2494);
#1961=AXIS2_PLACEMENT_3D('',#5817,#2496,#2497);
#1962=AXIS2_PLACEMENT_3D('',#5819,#2499,#2500);
#1963=AXIS2_PLACEMENT_3D('',#5821,#2502,#2503);
#1964=AXIS2_PLACEMENT_3D('',#5822,#2504,#2505);
#1965=AXIS2_PLACEMENT_3D('',#5824,#2507,#2508);
#1966=AXIS2_PLACEMENT_3D('',#5826,#2510,#2511);
#1967=AXIS2_PLACEMENT_3D('',#5828,#2513,#2514);
#1968=AXIS2_PLACEMENT_3D('',#5830,#2516,#2517);
#1969=AXIS2_PLACEMENT_3D('',#5832,#2519,#2520);
#1970=AXIS2_PLACEMENT_3D('',#5833,#2521,#2522);
#1971=DIRECTION('axis',(0.,0.,1.));
#1972=DIRECTION('refdir',(1.,0.,0.));
#1973=DIRECTION('center_axis',(-0.314617709288728,-0.871916375774769,-0.375203319092071));
#1974=DIRECTION('ref_axis',(0.946100519219671,-0.320058494303424,-0.0495617569956362));
#1975=DIRECTION('center_axis',(-0.314617709288714,0.871916375774911,-0.375203319091752));
#1976=DIRECTION('ref_axis',(0.665464488129069,0.48447521627182,0.567838691758047));
#1977=DIRECTION('center_axis',(0.,0.,1.));
#1978=DIRECTION('ref_axis',(1.,0.,0.));
#1979=DIRECTION('center_axis',(0.,0.,1.));
#1980=DIRECTION('ref_axis',(1.,0.,0.));
#1981=DIRECTION('center_axis',(0.,0.,-1.));
#1982=DIRECTION('ref_axis',(1.,0.,0.));
#1983=DIRECTION('center_axis',(0.,0.,1.));
#1984=DIRECTION('ref_axis',(1.,0.,0.));
#1985=DIRECTION('center_axis',(0.328043844192248,0.88942571247416,0.318290964806424));
#1986=DIRECTION('ref_axis',(0.674470389045976,-0.456432776402163,0.580309240772524));
#1987=DIRECTION('center_axis',(0.328043844192145,-0.889425712474191,0.318290964806444));
#1988=DIRECTION('ref_axis',(0.942694589650466,0.329955924459146,-0.0495580322253586));
#1989=DIRECTION('center_axis',(0.,0.,1.));
#1990=DIRECTION('ref_axis',(1.,0.,0.));
#1991=DIRECTION('center_axis',(0.,0.,-1.));
#1992=DIRECTION('ref_axis',(-1.,0.,0.));
#1993=DIRECTION('center_axis',(0.,0.,1.));
#1994=DIRECTION('ref_axis',(1.,0.,0.));
#1995=DIRECTION('center_axis',(0.,0.,1.));
#1996=DIRECTION('ref_axis',(1.,0.,0.));
#1997=DIRECTION('center_axis',(-1.22464679914735E-16,1.,0.));
#1998=DIRECTION('ref_axis',(-1.,-1.22464679914735E-16,0.));
#1999=DIRECTION('center_axis',(0.,0.,-1.));
#2000=DIRECTION('ref_axis',(-1.,0.,0.));
#2001=DIRECTION('center_axis',(0.,0.,1.));
#2002=DIRECTION('ref_axis',(1.,0.,0.));
#2003=DIRECTION('center_axis',(0.,0.,1.));
#2004=DIRECTION('ref_axis',(1.,0.,0.));
#2005=DIRECTION('center_axis',(1.22464679914735E-16,-1.,0.));
#2006=DIRECTION('ref_axis',(-1.,-1.22464679914735E-16,0.));
#2007=DIRECTION('center_axis',(-0.999130441502711,0.,-0.0416936549441084));
#2008=DIRECTION('ref_axis',(-0.0416936549441071,0.,0.999130441502711));
#2009=DIRECTION('center_axis',(-0.999130441502711,5.91604064405444E-15,
-0.0416936549441083));
#2010=DIRECTION('ref_axis',(0.0416936549441083,0.,-0.999130441502711));
#2011=DIRECTION('center_axis',(0.,-1.,0.));
#2012=DIRECTION('ref_axis',(-0.999130441502711,0.,-0.0416936549441062));
#2013=DIRECTION('center_axis',(0.999130441502711,-1.22358189711698E-16,
0.0416936549441072));
#2014=DIRECTION('ref_axis',(0.0294818661434295,0.707106781186548,-0.706491910476475));
#2015=DIRECTION('center_axis',(-0.0416936549441084,0.,0.999130441502711));
#2016=DIRECTION('ref_axis',(0.,1.,0.));
#2017=DIRECTION('center_axis',(-0.999130441502711,1.30614473485313E-15,
-0.0416936549441083));
#2018=DIRECTION('ref_axis',(-0.0416936549441071,0.,0.999130441502711));
#2019=DIRECTION('center_axis',(-0.999130441502711,1.22358189711698E-16,
-0.0416936549441072));
#2020=DIRECTION('ref_axis',(0.0294818661434295,0.707106781186548,-0.706491910476475));
#2021=DIRECTION('center_axis',(-1.30500896560025E-15,-1.,-5.44579478820231E-17));
#2022=DIRECTION('ref_axis',(0.0416936549441029,0.,-0.999130441502711));
#2023=DIRECTION('center_axis',(0.999130441502711,0.,0.0416936549441053));
#2024=DIRECTION('ref_axis',(0.,1.,0.));
#2025=DIRECTION('center_axis',(-0.0416936549441083,0.,0.999130441502711));
#2026=DIRECTION('ref_axis',(0.999130441502711,0.,0.0416936549441084));
#2027=DIRECTION('center_axis',(-0.998858271553827,0.,-0.0477718886846689));
#2028=DIRECTION('ref_axis',(-0.0477718886846692,0.,0.998858271553828));
#2029=DIRECTION('center_axis',(-0.998858271553828,0.,-0.0477718886846673));
#2030=DIRECTION('ref_axis',(0.0337798264390198,0.707106781186547,-0.706299457259986));
#2031=DIRECTION('center_axis',(0.,-1.,0.));
#2032=DIRECTION('ref_axis',(0.0477718886846689,0.,-0.998858271553827));
#2033=DIRECTION('center_axis',(0.998858271553828,0.,0.0477718886846675));
#2034=DIRECTION('ref_axis',(0.,1.,0.));
#2035=DIRECTION('center_axis',(-0.0477718886846689,0.,0.998858271553827));
#2036=DIRECTION('ref_axis',(0.998858271553827,0.,0.0477718886846689));
#2037=DIRECTION('center_axis',(0.999130441502711,0.,0.0416936549441084));
#2038=DIRECTION('ref_axis',(0.0416936549441071,0.,-0.999130441502711));
#2039=DIRECTION('center_axis',(0.999130441502711,-1.22358189711698E-16,
0.0416936549441072));
#2040=DIRECTION('ref_axis',(0.0294818661434295,-0.707106781186548,-0.706491910476475));
#2041=DIRECTION('center_axis',(0.,1.,0.));
#2042=DIRECTION('ref_axis',(0.041693654944103,0.,-0.999130441502711));
#2043=DIRECTION('center_axis',(-0.999130441502711,0.,-0.0416936549441024));
#2044=DIRECTION('ref_axis',(0.,-1.,0.));
#2045=DIRECTION('center_axis',(-0.0416936549441084,0.,0.999130441502711));
#2046=DIRECTION('ref_axis',(-0.999130441502711,0.,-0.0416936549441084));
#2047=DIRECTION('center_axis',(-1.22464679914735E-16,-1.,7.70371977754894E-34));
#2048=DIRECTION('ref_axis',(-0.677010044333043,8.29098183783069E-17,-0.735973776619909));
#2049=DIRECTION('',(1.22464679914735E-16,1.,-7.69032793259123E-34));
#2050=DIRECTION('',(-1.22464679914735E-16,-1.,1.33918449577144E-36));
#2051=DIRECTION('center_axis',(-0.998858271553827,0.,-0.0477718886846689));
#2052=DIRECTION('ref_axis',(-0.0477718886846692,0.,0.998858271553828));
#2053=DIRECTION('center_axis',(-0.998858271553828,0.,-0.0477718886846675));
#2054=DIRECTION('ref_axis',(0.0477718886846674,0.,-0.998858271553828));
#2055=DIRECTION('center_axis',(0.,-1.,0.));
#2056=DIRECTION('ref_axis',(-0.998858271553827,0.,-0.0477718886846689));
#2057=DIRECTION('center_axis',(0.998858271553828,0.,0.0477718886846673));
#2058=DIRECTION('ref_axis',(0.033779826439014,0.707106781186547,-0.706299457259986));
#2059=DIRECTION('center_axis',(-0.0477718886846689,0.,0.998858271553827));
#2060=DIRECTION('ref_axis',(0.,1.,0.));
#2061=DIRECTION('center_axis',(0.999130441502711,0.,0.0416936549441083));
#2062=DIRECTION('ref_axis',(0.0416936549441071,0.,-0.999130441502711));
#2063=DIRECTION('center_axis',(0.999130441502711,2.98887982582704E-15,0.0416936549441083));
#2064=DIRECTION('ref_axis',(0.0416936549441083,0.,-0.999130441502711));
#2065=DIRECTION('center_axis',(0.,1.,0.));
#2066=DIRECTION('ref_axis',(0.999130441502711,0.,0.0416936549441084));
#2067=DIRECTION('center_axis',(-0.999130441502711,1.22358189711698E-16,
-0.0416936549441072));
#2068=DIRECTION('ref_axis',(0.0294818661434295,-0.707106781186548,-0.706491910476475));
#2069=DIRECTION('center_axis',(-0.0416936549441083,0.,0.999130441502711));
#2070=DIRECTION('ref_axis',(0.,-1.,0.));
#2071=DIRECTION('center_axis',(-1.22464679914735E-16,-1.,7.70371977754894E-34));
#2072=DIRECTION('ref_axis',(0.735973776619907,-9.0130792979395E-17,-0.677010044333045));
#2073=DIRECTION('',(1.22464679914735E-16,1.,-1.33918449577144E-36));
#2074=DIRECTION('',(-1.22464679914735E-16,-1.,7.69032793259123E-34));
#2075=DIRECTION('center_axis',(0.998858271553827,0.,0.0477718886846689));
#2076=DIRECTION('ref_axis',(0.0477718886846692,0.,-0.998858271553828));
#2077=DIRECTION('center_axis',(0.998858271553828,0.,0.0477718886846675));
#2078=DIRECTION('ref_axis',(0.0477718886846674,0.,-0.998858271553828));
#2079=DIRECTION('center_axis',(0.,1.,0.));
#2080=DIRECTION('ref_axis',(0.998858271553827,0.,0.0477718886846689));
#2081=DIRECTION('center_axis',(-0.998858271553828,0.,-0.0477718886846673));
#2082=DIRECTION('ref_axis',(0.0337798264390198,-0.707106781186547,-0.706299457259986));
#2083=DIRECTION('center_axis',(-0.0477718886846689,0.,0.998858271553827));
#2084=DIRECTION('ref_axis',(0.,-1.,0.));
#2085=DIRECTION('center_axis',(0.,-1.,0.));
#2086=DIRECTION('ref_axis',(0.740079283699003,0.,-0.672519630820967));
#2087=DIRECTION('',(0.,1.,0.));
#2088=DIRECTION('',(0.,-1.,0.));
#2089=DIRECTION('center_axis',(0.0477718886846673,0.,-0.998858271553828));
#2090=DIRECTION('ref_axis',(0.706299457259984,-0.707106781186548,0.0337798264390182));
#2091=DIRECTION('center_axis',(0.0477718886846684,9.39350500023258E-14,
-0.998858271553827));
#2092=DIRECTION('ref_axis',(0.998858271553827,0.,0.0477718886846684));
#2093=DIRECTION('',(0.0477718886846673,0.,-0.998858271553827));
#2094=DIRECTION('',(-0.0477718886846673,0.,0.998858271553827));
#2095=DIRECTION('center_axis',(0.,-1.,0.));
#2096=DIRECTION('ref_axis',(0.,0.,-1.));
#2097=DIRECTION('center_axis',(-0.967098487643531,1.01053647817602E-14,
-0.254402270425394));
#2098=DIRECTION('ref_axis',(0.254402270425394,0.,-0.967098487643531));
#2099=DIRECTION('center_axis',(0.,-1.,0.));
#2100=DIRECTION('ref_axis',(-0.806322495474106,0.,0.591476147695248));
#2101=DIRECTION('center_axis',(0.,1.,0.));
#2102=DIRECTION('ref_axis',(-0.806322495474106,0.,0.591476147695248));
#2103=DIRECTION('center_axis',(-0.96709848764353,0.,-0.254402270425399));
#2104=DIRECTION('ref_axis',(0.179889570567047,-0.707106781186559,-0.683841898687984));
#2105=DIRECTION('center_axis',(-0.96709848764353,0.,-0.254402270425399));
#2106=DIRECTION('ref_axis',(0.254402270425399,0.,-0.96709848764353));
#2107=DIRECTION('',(-0.96709848764353,0.,-0.254402270425399));
#2108=DIRECTION('',(0.96709848764353,0.,0.254402270425399));
#2109=DIRECTION('center_axis',(0.,-1.,0.));
#2110=DIRECTION('ref_axis',(0.541148114708333,0.,0.840927296469568));
#2111=DIRECTION('center_axis',(-0.16914600597959,-2.05971920253457E-14,
0.985591004758644));
#2112=DIRECTION('ref_axis',(-0.985591004758644,0.,-0.16914600597959));
#2113=DIRECTION('center_axis',(0.,-1.,0.));
#2114=DIRECTION('ref_axis',(0.541148114708332,0.,0.840927296469568));
#2115=DIRECTION('center_axis',(0.,1.,0.));
#2116=DIRECTION('ref_axis',(0.541148114708333,0.,0.840927296469568));
#2117=DIRECTION('center_axis',(-0.169146005979575,0.,0.985591004758646));
#2118=DIRECTION('ref_axis',(-0.6969180829413,-0.707106781186549,-0.119604287838775));
#2119=DIRECTION('center_axis',(-0.169146005979568,5.14929800633644E-15,
0.985591004758647));
#2120=DIRECTION('ref_axis',(-0.985591004758647,0.,-0.169146005979568));
#2121=DIRECTION('',(-0.169146005979575,0.,0.985591004758646));
#2122=DIRECTION('',(0.169146005979575,0.,-0.985591004758646));
#2123=DIRECTION('center_axis',(0.,-1.,0.));
#2124=DIRECTION('ref_axis',(0.,0.,-1.));
#2125=DIRECTION('center_axis',(1.,1.0449157878825E-14,0.));
#2126=DIRECTION('ref_axis',(0.,0.,1.));
#2127=DIRECTION('center_axis',(0.,-1.,0.));
#2128=DIRECTION('ref_axis',(0.764573739406335,0.,-0.644536265085382));
#2129=DIRECTION('center_axis',(0.,1.,0.));
#2130=DIRECTION('ref_axis',(0.764573739406335,0.,-0.644536265085382));
#2131=DIRECTION('center_axis',(1.,0.,-5.0716726876266E-16));
#2132=DIRECTION('ref_axis',(0.,-0.707106781186548,0.707106781186548));
#2133=DIRECTION('center_axis',(1.,0.,0.));
#2134=DIRECTION('ref_axis',(0.,0.,1.));
#2135=DIRECTION('',(1.,0.,-5.0716726876266E-16));
#2136=DIRECTION('',(-1.,0.,5.0716726876266E-16));
#2137=DIRECTION('center_axis',(-1.22464679914735E-16,-1.,0.));
#2138=DIRECTION('ref_axis',(0.,0.,-1.));
#2139=DIRECTION('center_axis',(-1.22464679914735E-16,-1.,0.));
#2140=DIRECTION('ref_axis',(-0.693565550762715,7.93016446190333E-17,0.720393522177435));
#2141=DIRECTION('center_axis',(0.0379336535904189,-5.22081860070423E-15,
0.999280259949771));
#2142=DIRECTION('ref_axis',(-0.999280259949771,1.30614473485313E-15,0.0379336535904189));
#2143=DIRECTION('center_axis',(1.22464679914735E-16,1.,0.));
#2144=DIRECTION('ref_axis',(-0.693565550762716,8.49372831740431E-17,0.720393522177435));
#2145=DIRECTION('center_axis',(-1.22464679914735E-16,-1.,0.));
#2146=DIRECTION('ref_axis',(0.,0.,-1.));
#2147=DIRECTION('center_axis',(-1.22464679914735E-16,-1.,0.));
#2148=DIRECTION('ref_axis',(-0.999998229991465,1.09273919746571E-16,-0.00188149247585423));
#2149=DIRECTION('center_axis',(-0.0416936549441031,0.,0.999130441502711));
#2150=DIRECTION('ref_axis',(-0.999130441502711,1.30614473485313E-15,-0.0416936549441031));
#2151=DIRECTION('center_axis',(1.22464679914735E-16,1.,0.));
#2152=DIRECTION('ref_axis',(-0.999998229991465,1.22464463151207E-16,-0.00188149247585423));
#2153=DIRECTION('center_axis',(0.0416936549441072,-5.10600010720552E-18,
-0.999130441502711));
#2154=DIRECTION('ref_axis',(-0.706491910476475,-0.707106781186548,-0.029481866143431));
#2155=DIRECTION('',(0.0416936549441072,-5.10600010720552E-18,-0.999130441502711));
#2156=DIRECTION('',(-0.0416936549441072,5.10600010720552E-18,0.999130441502711));
#2157=DIRECTION('center_axis',(0.998858271553827,0.,0.0477718886846689));
#2158=DIRECTION('ref_axis',(0.0477718886846694,0.,-0.998858271553828));
#2159=DIRECTION('center_axis',(0.998858271553828,0.,0.0477718886846673));
#2160=DIRECTION('ref_axis',(0.033779826439014,-0.707106781186547,-0.706299457259986));
#2161=DIRECTION('center_axis',(0.,1.,0.));
#2162=DIRECTION('ref_axis',(0.0477718886846689,0.,-0.998858271553827));
#2163=DIRECTION('center_axis',(-0.998858271553828,0.,-0.0477718886846675));
#2164=DIRECTION('ref_axis',(0.,-1.,0.));
#2165=DIRECTION('center_axis',(-0.0477718886846689,0.,0.998858271553827));
#2166=DIRECTION('ref_axis',(-0.998858271553827,0.,-0.0477718886846689));
#2167=DIRECTION('center_axis',(0.,-1.,0.));
#2168=DIRECTION('ref_axis',(-0.672519630820967,0.,-0.740079283699003));
#2169=DIRECTION('',(0.,1.,0.));
#2170=DIRECTION('',(0.,-1.,0.));
#2171=DIRECTION('center_axis',(0.998858271553828,0.,0.0477718886846673));
#2172=DIRECTION('ref_axis',(0.0337798264390152,-0.707106781186547,-0.706299457259986));
#2173=DIRECTION('',(-0.998858271553827,0.,-0.0477718886846673));
#2174=DIRECTION('',(0.998858271553827,0.,0.0477718886846673));
#2175=DIRECTION('center_axis',(0.0416936549441072,-5.10600010720552E-18,
-0.999130441502711));
#2176=DIRECTION('ref_axis',(0.706491910476475,-0.707106781186548,0.029481866143431));
#2177=DIRECTION('center_axis',(0.0416936549441083,-5.22003586240097E-15,
-0.999130441502711));
#2178=DIRECTION('ref_axis',(0.999130441502711,0.,0.0416936549441084));
#2179=DIRECTION('',(0.0416936549441072,-5.10600010720552E-18,-0.999130441502711));
#2180=DIRECTION('',(-0.0416936549441072,5.10600010720552E-18,0.999130441502711));
#2181=DIRECTION('center_axis',(-1.22464679914735E-16,-1.,0.));
#2182=DIRECTION('ref_axis',(0.,0.,-1.));
#2183=DIRECTION('center_axis',(-0.0379336535904242,3.96374735287E-16,-0.999280259949771));
#2184=DIRECTION('ref_axis',(0.999280259949771,0.,-0.0379336535904242));
#2185=DIRECTION('center_axis',(-1.22464679914735E-16,-1.,0.));
#2186=DIRECTION('ref_axis',(-0.999998229991465,1.22464463151207E-16,-0.00188149247585423));
#2187=DIRECTION('center_axis',(1.22464679914735E-16,1.,0.));
#2188=DIRECTION('ref_axis',(-0.999998229991465,1.09273919746571E-16,-0.00188149247585423));
#2189=DIRECTION('center_axis',(-1.22464679914735E-16,-1.,0.));
#2190=DIRECTION('ref_axis',(0.,0.,-1.));
#2191=DIRECTION('center_axis',(-1.,0.,0.));
#2192=DIRECTION('ref_axis',(0.,0.,-1.));
#2193=DIRECTION('center_axis',(-1.22464679914735E-16,-1.,0.));
#2194=DIRECTION('ref_axis',(-0.693565550762715,8.4937283174043E-17,0.720393522177436));
#2195=DIRECTION('center_axis',(1.22464679914735E-16,1.,0.));
#2196=DIRECTION('ref_axis',(-0.693565550762715,9.33483484885085E-17,0.720393522177436));
#2197=DIRECTION('center_axis',(1.,0.,-5.0716726876266E-16));
#2198=DIRECTION('ref_axis',(0.,-0.707106781186548,-0.707106781186548));
#2199=DIRECTION('',(1.,0.,-5.0716726876266E-16));
#2200=DIRECTION('center_axis',(-1.,0.,0.));
#2201=DIRECTION('ref_axis',(0.,0.,-1.));
#2202=DIRECTION('',(-1.,0.,5.0716726876266E-16));
#2203=DIRECTION('center_axis',(0.,-1.,0.));
#2204=DIRECTION('ref_axis',(0.,0.,-1.));
#2205=DIRECTION('center_axis',(0.,-1.,0.));
#2206=DIRECTION('ref_axis',(0.764573739406336,0.,-0.644536265085381));
#2207=DIRECTION('center_axis',(0.169146005979574,1.76743332105325E-15,-0.985591004758646));
#2208=DIRECTION('ref_axis',(0.985591004758646,0.,0.169146005979574));
#2209=DIRECTION('center_axis',(0.,1.,0.));
#2210=DIRECTION('ref_axis',(0.764573739406336,0.,-0.644536265085381));
#2211=DIRECTION('center_axis',(-0.169146005979575,0.,0.985591004758646));
#2212=DIRECTION('ref_axis',(0.6969180829413,-0.707106781186549,0.119604287838775));
#2213=DIRECTION('',(-0.169146005979575,0.,0.985591004758646));
#2214=DIRECTION('center_axis',(0.169146005979569,0.,-0.985591004758647));
#2215=DIRECTION('ref_axis',(0.985591004758647,0.,0.169146005979569));
#2216=DIRECTION('',(0.169146005979575,0.,-0.985591004758646));
#2217=DIRECTION('center_axis',(0.,-1.,0.));
#2218=DIRECTION('ref_axis',(0.541148114708332,0.,0.840927296469569));
#2219=DIRECTION('center_axis',(0.,-1.,0.));
#2220=DIRECTION('ref_axis',(0.541148114708332,0.,0.840927296469569));
#2221=DIRECTION('center_axis',(0.96709848764353,-5.31657897681305E-15,0.254402270425399));
#2222=DIRECTION('ref_axis',(-0.254402270425399,0.,0.96709848764353));
#2223=DIRECTION('center_axis',(0.,1.,0.));
#2224=DIRECTION('ref_axis',(0.541148114708332,0.,0.840927296469569));
#2225=DIRECTION('center_axis',(-0.96709848764353,0.,-0.254402270425399));
#2226=DIRECTION('ref_axis',(-0.179889570567062,-0.707106781186557,0.683841898687983));
#2227=DIRECTION('',(-0.96709848764353,0.,-0.254402270425399));
#2228=DIRECTION('center_axis',(0.96709848764353,0.,0.254402270425399));
#2229=DIRECTION('ref_axis',(-0.254402270425399,0.,0.96709848764353));
#2230=DIRECTION('',(0.96709848764353,0.,0.254402270425399));
#2231=DIRECTION('center_axis',(0.,-1.,0.));
#2232=DIRECTION('ref_axis',(0.,0.,-1.));
#2233=DIRECTION('center_axis',(0.,-1.,0.));
#2234=DIRECTION('ref_axis',(-0.806322495474114,0.,0.591476147695236));
#2235=DIRECTION('center_axis',(-0.0477718886845745,5.2685314897216E-14,
0.998858271553832));
#2236=DIRECTION('ref_axis',(-0.998858271553832,0.,-0.0477718886845745));
#2237=DIRECTION('center_axis',(0.,1.,0.));
#2238=DIRECTION('ref_axis',(-0.806322495474114,0.,0.591476147695236));
#2239=DIRECTION('center_axis',(0.0477718886846673,0.,-0.998858271553828));
#2240=DIRECTION('ref_axis',(-0.706299457259984,-0.707106781186548,-0.0337798264390182));
#2241=DIRECTION('',(0.0477718886846673,0.,-0.998858271553827));
#2242=DIRECTION('',(-0.0477718886846673,0.,0.998858271553827));
#2243=DIRECTION('center_axis',(0.999130441502711,-1.22358189711698E-16,
0.0416936549441072));
#2244=DIRECTION('ref_axis',(0.029481866143431,-0.707106781186548,-0.706491910476476));
#2245=DIRECTION('',(-0.999130441502711,1.22358189711698E-16,-0.0416936549441072));
#2246=DIRECTION('',(0.999130441502711,-1.22358189711698E-16,0.0416936549441072));
#2247=DIRECTION('center_axis',(-0.0416936549441072,5.10600010720552E-18,
0.999130441502711));
#2248=DIRECTION('ref_axis',(0.706491910476475,0.707106781186548,0.029481866143431));
#2249=DIRECTION('center_axis',(0.0416936549441031,0.,-0.999130441502711));
#2250=DIRECTION('ref_axis',(0.,1.,0.));
#2251=DIRECTION('',(0.0416936549441072,-5.10600010720552E-18,-0.999130441502711));
#2252=DIRECTION('',(-0.0416936549441072,5.10600010720552E-18,0.999130441502711));
#2253=DIRECTION('center_axis',(1.22464679914735E-16,1.,0.));
#2254=DIRECTION('ref_axis',(0.,0.,1.));
#2255=DIRECTION('center_axis',(1.22464679914735E-16,1.,0.));
#2256=DIRECTION('ref_axis',(-0.999998229991465,1.22464463151207E-16,-0.00188149247585423));
#2257=DIRECTION('center_axis',(-0.0379336535904242,-3.96374735286998E-16,
-0.999280259949771));
#2258=DIRECTION('ref_axis',(-1.0449157878825E-14,1.,0.));
#2259=DIRECTION('center_axis',(-1.22464679914735E-16,-1.,0.));
#2260=DIRECTION('ref_axis',(-0.999998229991465,1.09273919746571E-16,-0.00188149247585423));
#2261=DIRECTION('center_axis',(1.22464679914735E-16,1.,0.));
#2262=DIRECTION('ref_axis',(0.,0.,1.));
#2263=DIRECTION('center_axis',(1.22464679914735E-16,1.,0.));
#2264=DIRECTION('ref_axis',(-0.693565550762715,8.4937283174043E-17,0.720393522177436));
#2265=DIRECTION('center_axis',(-1.,0.,0.));
#2266=DIRECTION('ref_axis',(0.,1.,0.));
#2267=DIRECTION('center_axis',(-1.22464679914735E-16,-1.,0.));
#2268=DIRECTION('ref_axis',(-0.693565550762715,9.33483484885085E-17,0.720393522177436));
#2269=DIRECTION('center_axis',(-1.,0.,5.0716726876266E-16));
#2270=DIRECTION('ref_axis',(0.,0.707106781186548,-0.707106781186548));
#2271=DIRECTION('center_axis',(-1.,0.,0.));
#2272=DIRECTION('ref_axis',(0.,1.,0.));
#2273=DIRECTION('',(-1.,0.,5.0716726876266E-16));
#2274=DIRECTION('',(1.,0.,-5.0716726876266E-16));
#2275=DIRECTION('center_axis',(0.,1.,0.));
#2276=DIRECTION('ref_axis',(0.,0.,1.));
#2277=DIRECTION('center_axis',(0.169146005979574,-1.76743332105325E-15,
-0.985591004758646));
#2278=DIRECTION('ref_axis',(1.0449157878825E-14,1.,0.));
#2279=DIRECTION('center_axis',(0.,1.,0.));
#2280=DIRECTION('ref_axis',(0.764573739406336,0.,-0.644536265085381));
#2281=DIRECTION('center_axis',(0.,-1.,0.));
#2282=DIRECTION('ref_axis',(0.764573739406336,0.,-0.644536265085381));
#2283=DIRECTION('center_axis',(0.169146005979575,0.,-0.985591004758646));
#2284=DIRECTION('ref_axis',(0.6969180829413,0.707106781186549,0.119604287838775));
#2285=DIRECTION('center_axis',(0.169146005979569,0.,-0.985591004758647));
#2286=DIRECTION('ref_axis',(0.,1.,0.));
#2287=DIRECTION('',(0.169146005979575,0.,-0.985591004758646));
#2288=DIRECTION('',(-0.169146005979575,0.,0.985591004758646));
#2289=DIRECTION('center_axis',(0.,1.,0.));
#2290=DIRECTION('ref_axis',(0.,0.,1.));
#2291=DIRECTION('center_axis',(0.96709848764353,5.31657897681305E-15,0.254402270425399));
#2292=DIRECTION('ref_axis',(0.,1.,-2.089831575765E-14));
#2293=DIRECTION('center_axis',(0.,1.,0.));
#2294=DIRECTION('ref_axis',(0.541148114708332,0.,0.840927296469569));
#2295=DIRECTION('center_axis',(0.,-1.,0.));
#2296=DIRECTION('ref_axis',(0.541148114708332,0.,0.840927296469569));
#2297=DIRECTION('center_axis',(0.96709848764353,0.,0.254402270425399));
#2298=DIRECTION('ref_axis',(-0.179889570567062,0.707106781186557,0.683841898687983));
#2299=DIRECTION('center_axis',(0.96709848764353,0.,0.254402270425399));
#2300=DIRECTION('ref_axis',(0.,1.,0.));
#2301=DIRECTION('',(0.96709848764353,0.,0.254402270425399));
#2302=DIRECTION('',(-0.96709848764353,0.,-0.254402270425399));
#2303=DIRECTION('center_axis',(0.,1.,0.));
#2304=DIRECTION('ref_axis',(0.,0.,1.));
#2305=DIRECTION('center_axis',(-0.0477718886846272,0.,0.998858271553829));
#2306=DIRECTION('ref_axis',(0.,1.,0.));
#2307=DIRECTION('center_axis',(0.,1.,0.));
#2308=DIRECTION('ref_axis',(-0.806322495474114,0.,0.591476147695236));
#2309=DIRECTION('center_axis',(0.,-1.,0.));
#2310=DIRECTION('ref_axis',(-0.806322495474114,0.,0.591476147695236));
#2311=DIRECTION('center_axis',(-0.0477718886846673,0.,0.998858271553828));
#2312=DIRECTION('ref_axis',(-0.706299457259984,0.707106781186548,-0.0337798264390182));
#2313=DIRECTION('',(0.0477718886846673,0.,-0.998858271553827));
#2314=DIRECTION('',(-0.0477718886846673,0.,0.998858271553827));
#2315=DIRECTION('center_axis',(0.998858271553828,0.,0.0477718886846673));
#2316=DIRECTION('ref_axis',(0.0337798264390152,0.707106781186547,-0.706299457259986));
#2317=DIRECTION('',(-0.998858271553827,0.,-0.0477718886846673));
#2318=DIRECTION('',(0.998858271553827,0.,0.0477718886846673));
#2319=DIRECTION('center_axis',(-0.0477718886846673,0.,0.998858271553828));
#2320=DIRECTION('ref_axis',(0.706299457259984,0.707106781186548,0.0337798264390182));
#2321=DIRECTION('center_axis',(0.0477718886847622,0.,-0.998858271553823));
#2322=DIRECTION('ref_axis',(0.,1.,0.));
#2323=DIRECTION('',(0.0477718886846673,0.,-0.998858271553827));
#2324=DIRECTION('',(-0.0477718886846673,0.,0.998858271553827));
#2325=DIRECTION('center_axis',(0.,1.,0.));
#2326=DIRECTION('ref_axis',(0.,0.,1.));
#2327=DIRECTION('center_axis',(0.,1.,0.));
#2328=DIRECTION('ref_axis',(-0.806322495474106,0.,0.591476147695248));
#2329=DIRECTION('center_axis',(-0.967098487643528,0.,-0.254402270425404));
#2330=DIRECTION('ref_axis',(0.,1.,0.));
#2331=DIRECTION('center_axis',(0.,-1.,0.));
#2332=DIRECTION('ref_axis',(-0.806322495474106,0.,0.591476147695248));
#2333=DIRECTION('center_axis',(0.96709848764353,0.,0.254402270425399));
#2334=DIRECTION('ref_axis',(0.179889570567047,0.707106781186559,-0.683841898687984));
#2335=DIRECTION('',(0.96709848764353,0.,0.254402270425399));
#2336=DIRECTION('center_axis',(-0.96709848764353,0.,-0.254402270425399));
#2337=DIRECTION('ref_axis',(0.,1.,0.));
#2338=DIRECTION('',(-0.96709848764353,0.,-0.254402270425399));
#2339=DIRECTION('center_axis',(0.,1.,0.));
#2340=DIRECTION('ref_axis',(0.,0.,1.));
#2341=DIRECTION('center_axis',(0.,1.,0.));
#2342=DIRECTION('ref_axis',(0.541148114708332,0.,0.840927296469568));
#2343=DIRECTION('center_axis',(-0.169146005979569,0.,0.985591004758647));
#2344=DIRECTION('ref_axis',(0.,1.,0.));
#2345=DIRECTION('center_axis',(0.,-1.,0.));
#2346=DIRECTION('ref_axis',(0.541148114708333,0.,0.840927296469568));
#2347=DIRECTION('center_axis',(0.169146005979575,0.,-0.985591004758646));
#2348=DIRECTION('ref_axis',(-0.6969180829413,0.707106781186549,-0.119604287838775));
#2349=DIRECTION('',(0.169146005979575,0.,-0.985591004758646));
#2350=DIRECTION('center_axis',(-0.169146005979568,-5.14929800633644E-15,
0.985591004758647));
#2351=DIRECTION('ref_axis',(0.,1.,5.2245789394125E-15));
#2352=DIRECTION('',(-0.169146005979575,0.,0.985591004758646));
#2353=DIRECTION('center_axis',(0.,1.,0.));
#2354=DIRECTION('ref_axis',(0.,0.,1.));
#2355=DIRECTION('center_axis',(0.,1.,0.));
#2356=DIRECTION('ref_axis',(0.764573739406335,0.,-0.644536265085382));
#2357=DIRECTION('center_axis',(1.,0.,1.0449157878825E-14));
#2358=DIRECTION('ref_axis',(0.,1.,0.));
#2359=DIRECTION('center_axis',(0.,-1.,0.));
#2360=DIRECTION('ref_axis',(0.764573739406335,0.,-0.644536265085382));
#2361=DIRECTION('center_axis',(-1.,0.,5.0716726876266E-16));
#2362=DIRECTION('ref_axis',(0.,0.707106781186548,0.707106781186548));
#2363=DIRECTION('',(-1.,0.,5.0716726876266E-16));
#2364=DIRECTION('center_axis',(1.,0.,0.));
#2365=DIRECTION('ref_axis',(0.,1.,5.2245789394125E-15));
#2366=DIRECTION('',(1.,0.,-5.0716726876266E-16));
#2367=DIRECTION('center_axis',(1.22464679914735E-16,1.,0.));
#2368=DIRECTION('ref_axis',(0.,0.,1.));
#2369=DIRECTION('center_axis',(0.0379336535904242,0.,0.999280259949771));
#2370=DIRECTION('ref_axis',(0.,1.,0.));
#2371=DIRECTION('center_axis',(1.22464679914735E-16,1.,0.));
#2372=DIRECTION('ref_axis',(-0.693565550762715,7.93016446190333E-17,0.720393522177435));
#2373=DIRECTION('center_axis',(-1.22464679914735E-16,-1.,0.));
#2374=DIRECTION('ref_axis',(-0.693565550762716,8.49372831740431E-17,0.720393522177435));
#2375=DIRECTION('center_axis',(1.22464679914735E-16,1.,0.));
#2376=DIRECTION('ref_axis',(0.,0.,1.));
#2377=DIRECTION('center_axis',(-0.0416936549441031,0.,0.999130441502711));
#2378=DIRECTION('ref_axis',(0.,1.,0.));
#2379=DIRECTION('center_axis',(1.22464679914735E-16,1.,0.));
#2380=DIRECTION('ref_axis',(-0.999998229991465,1.09273919746571E-16,-0.00188149247585423));
#2381=DIRECTION('center_axis',(-1.22464679914735E-16,-1.,0.));
#2382=DIRECTION('ref_axis',(-0.999998229991465,1.22464463151207E-16,-0.00188149247585423));
#2383=DIRECTION('center_axis',(-0.0416936549441072,5.10600010720552E-18,
0.999130441502711));
#2384=DIRECTION('ref_axis',(-0.706491910476475,0.707106781186548,-0.029481866143431));
#2385=DIRECTION('',(0.0416936549441072,-5.10600010720552E-18,-0.999130441502711));
#2386=DIRECTION('',(-0.0416936549441072,5.10600010720552E-18,0.999130441502711));
#2387=DIRECTION('center_axis',(0.999130441502711,-1.22358189711698E-16,
0.0416936549441072));
#2388=DIRECTION('ref_axis',(0.029481866143431,0.707106781186548,-0.706491910476476));
#2389=DIRECTION('',(-0.999130441502711,1.22358189711698E-16,-0.0416936549441072));
#2390=DIRECTION('',(0.999130441502711,-1.22358189711698E-16,0.0416936549441072));
#2391=DIRECTION('center_axis',(-0.999130441502711,1.22358189711698E-16,
-0.0416936549441072));
#2392=DIRECTION('ref_axis',(-0.0416936549441072,5.10600010720552E-18,0.999130441502711));
#2393=DIRECTION('',(1.22464679914735E-16,1.,0.));
#2394=DIRECTION('center_axis',(1.22464679914735E-16,1.,0.));
#2395=DIRECTION('ref_axis',(-0.999998229991465,1.22464463151207E-16,-0.00188149247585454));
#2396=DIRECTION('',(-1.22464679914735E-16,-1.,0.));
#2397=DIRECTION('',(1.22464679914735E-16,1.,0.));
#2398=DIRECTION('center_axis',(1.22464679914735E-16,1.,0.));
#2399=DIRECTION('ref_axis',(-1.,1.22464679914735E-16,0.));
#2400=DIRECTION('',(0.,1.,0.));
#2401=DIRECTION('center_axis',(-5.0716726876266E-16,0.,-1.));
#2402=DIRECTION('ref_axis',(-1.,0.,5.0716726876266E-16));
#2403=DIRECTION('',(0.,1.,0.));
#2404=DIRECTION('center_axis',(0.,1.,0.));
#2405=DIRECTION('ref_axis',(0.985591004758646,0.,0.169146005979575));
#2406=DIRECTION('',(0.,1.,0.));
#2407=DIRECTION('center_axis',(0.985591004758646,0.,0.169146005979575));
#2408=DIRECTION('ref_axis',(0.169146005979575,0.,-0.985591004758646));
#2409=DIRECTION('',(0.,1.,0.));
#2410=DIRECTION('center_axis',(0.,1.,0.));
#2411=DIRECTION('ref_axis',(-0.254402270425396,0.,0.96709848764353));
#2412=DIRECTION('',(0.,1.,0.));
#2413=DIRECTION('center_axis',(-0.998858271553828,0.,-0.0477718886846673));
#2414=DIRECTION('ref_axis',(-0.0477718886846673,0.,0.998858271553827));
#2415=DIRECTION('',(0.,1.,0.));
#2416=DIRECTION('center_axis',(-0.254402270425399,0.,0.96709848764353));
#2417=DIRECTION('ref_axis',(0.96709848764353,0.,0.254402270425399));
#2418=DIRECTION('',(0.,1.,0.));
#2419=DIRECTION('center_axis',(0.,1.,0.));
#2420=DIRECTION('ref_axis',(-0.998858271553832,0.,-0.0477718886845695));
#2421=DIRECTION('center_axis',(0.,1.,0.));
#2422=DIRECTION('ref_axis',(0.,0.,1.));
#2423=DIRECTION('',(0.254402270425397,0.,-0.96709848764353));
#2424=DIRECTION('',(0.99885827155383,0.,0.0477718886846184));
#2425=DIRECTION('center_axis',(0.,1.,0.));
#2426=DIRECTION('ref_axis',(0.,0.,1.));
#2427=DIRECTION('',(0.254402270425397,0.,-0.96709848764353));
#2428=DIRECTION('center_axis',(0.,1.,0.));
#2429=DIRECTION('ref_axis',(0.,0.,1.));
#2430=DIRECTION('',(-0.985591004758646,0.,-0.169146005979575));
#2431=DIRECTION('center_axis',(0.,1.,0.));
#2432=DIRECTION('ref_axis',(0.,0.,1.));
#2433=DIRECTION('',(-0.985591004758646,0.,-0.169146005979575));
#2434=DIRECTION('center_axis',(0.,1.,0.));
#2435=DIRECTION('ref_axis',(0.,0.,1.));
#2436=DIRECTION('',(1.52240994823865E-15,0.,1.));
#2437=DIRECTION('center_axis',(0.,1.,0.));
#2438=DIRECTION('ref_axis',(0.,0.,1.));
#2439=DIRECTION('',(5.0716726876266E-16,0.,1.));
#2440=DIRECTION('center_axis',(1.22464679914735E-16,1.,0.));
#2441=DIRECTION('ref_axis',(0.,0.,1.));
#2442=DIRECTION('',(0.999130441502711,-1.22358189711698E-16,0.0416936549441073));
#2443=DIRECTION('center_axis',(1.22464679914735E-16,1.,0.));
#2444=DIRECTION('ref_axis',(0.,0.,1.));
#2445=DIRECTION('',(0.999280259949771,-1.22376537179862E-16,-0.0379336535904229));
#2446=DIRECTION('center_axis',(1.22464679914735E-16,1.,0.));
#2447=DIRECTION('ref_axis',(0.,0.,1.));
#2448=DIRECTION('center_axis',(0.,-1.,0.));
#2449=DIRECTION('ref_axis',(0.,0.,-1.));
#2450=DIRECTION('',(0.99885827155383,0.,0.0477718886846184));
#2451=DIRECTION('center_axis',(-0.0416936549441072,5.10600010720552E-18,
0.999130441502711));
#2452=DIRECTION('ref_axis',(0.999130441502711,-1.22358189711698E-16,0.0416936549441072));
#2453=DIRECTION('center_axis',(-0.0477718886846673,0.,0.998858271553828));
#2454=DIRECTION('ref_axis',(0.998858271553827,0.,0.0477718886846673));
#2455=DIRECTION('center_axis',(0.,0.,1.));
#2456=DIRECTION('ref_axis',(1.,0.,0.));
#2457=DIRECTION('center_axis',(-0.999130441502711,1.22358189711698E-16,
-0.0416936549441072));
#2458=DIRECTION('ref_axis',(-0.0416936549441072,0.,0.999130441502711));
#2459=DIRECTION('center_axis',(1.22464679914735E-16,-1.,0.));
#2460=DIRECTION('ref_axis',(-1.,-1.22464679914735E-16,0.));
#2461=DIRECTION('center_axis',(0.,0.,1.));
#2462=DIRECTION('ref_axis',(1.,0.,0.));
#2463=DIRECTION('center_axis',(-0.998858271553828,0.,-0.0477718886846673));
#2464=DIRECTION('ref_axis',(-0.0477718886846673,0.,0.998858271553827));
#2465=DIRECTION('center_axis',(1.22464679914735E-16,-1.,0.));
#2466=DIRECTION('ref_axis',(-1.,-1.22464679914735E-16,0.));
#2467=DIRECTION('center_axis',(-0.999130441502711,1.22358189711698E-16,
-0.0416936549441072));
#2468=DIRECTION('ref_axis',(-0.0416936549441072,5.10600010720552E-18,0.999130441502711));
#2469=DIRECTION('center_axis',(1.22464679914735E-16,1.,0.));
#2470=DIRECTION('ref_axis',(-0.999998229991465,1.22464463151207E-16,-0.00188149247585454));
#2471=DIRECTION('',(-1.22464679914735E-16,-1.,0.));
#2472=DIRECTION('center_axis',(1.22464679914735E-16,1.,0.));
#2473=DIRECTION('ref_axis',(-1.,1.22464679914735E-16,0.));
#2474=DIRECTION('',(0.,1.,0.));
#2475=DIRECTION('center_axis',(-1.22464679914735E-16,-1.,0.));
#2476=DIRECTION('ref_axis',(0.,0.,-1.));
#2477=DIRECTION('',(0.999280259949771,-1.22376537179862E-16,-0.0379336535904229));
#2478=DIRECTION('',(0.999130441502711,-1.22358189711698E-16,0.0416936549441073));
#2479=DIRECTION('center_axis',(-1.22464679914735E-16,-1.,0.));
#2480=DIRECTION('ref_axis',(0.,0.,-1.));
#2481=DIRECTION('center_axis',(-1.22464679914735E-16,-1.,0.));
#2482=DIRECTION('ref_axis',(0.,0.,-1.));
#2483=DIRECTION('',(5.0716726876266E-16,0.,1.));
#2484=DIRECTION('center_axis',(-5.0716726876266E-16,0.,-1.));
#2485=DIRECTION('ref_axis',(-1.,0.,5.0716726876266E-16));
#2486=DIRECTION('',(0.,1.,0.));
#2487=DIRECTION('center_axis',(0.,1.,0.));
#2488=DIRECTION('ref_axis',(0.985591004758646,0.,0.169146005979575));
#2489=DIRECTION('',(0.,1.,0.));
#2490=DIRECTION('center_axis',(0.985591004758646,0.,0.169146005979575));
#2491=DIRECTION('ref_axis',(0.169146005979575,0.,-0.985591004758646));
#2492=DIRECTION('',(0.,1.,0.));
#2493=DIRECTION('center_axis',(0.,1.,0.));
#2494=DIRECTION('ref_axis',(-0.254402270425396,0.,0.967098487643531));
#2495=DIRECTION('',(0.,1.,0.));
#2496=DIRECTION('center_axis',(-0.254402270425399,0.,0.96709848764353));
#2497=DIRECTION('ref_axis',(0.96709848764353,0.,0.254402270425399));
#2498=DIRECTION('',(0.,1.,0.));
#2499=DIRECTION('center_axis',(0.,1.,0.));
#2500=DIRECTION('ref_axis',(-0.998858271553832,0.,-0.0477718886845695));
#2501=DIRECTION('',(0.,1.,0.));
#2502=DIRECTION('center_axis',(-0.998858271553828,0.,-0.0477718886846673));
#2503=DIRECTION('ref_axis',(-0.0477718886846673,0.,0.998858271553827));
#2504=DIRECTION('center_axis',(0.,-1.,0.));
#2505=DIRECTION('ref_axis',(0.,0.,-1.));
#2506=DIRECTION('',(1.52240994823865E-15,0.,1.));
#2507=DIRECTION('center_axis',(0.,-1.,0.));
#2508=DIRECTION('ref_axis',(0.,0.,-1.));
#2509=DIRECTION('',(-0.985591004758646,0.,-0.169146005979575));
#2510=DIRECTION('center_axis',(0.,-1.,0.));
#2511=DIRECTION('ref_axis',(0.,0.,-1.));
#2512=DIRECTION('',(-0.985591004758646,0.,-0.169146005979575));
#2513=DIRECTION('center_axis',(0.,-1.,0.));
#2514=DIRECTION('ref_axis',(0.,0.,-1.));
#2515=DIRECTION('',(0.254402270425397,0.,-0.96709848764353));
#2516=DIRECTION('center_axis',(0.,-1.,0.));
#2517=DIRECTION('ref_axis',(0.,0.,-1.));
#2518=DIRECTION('',(0.254402270425397,0.,-0.96709848764353));
#2519=DIRECTION('center_axis',(0.,-1.,0.));
#2520=DIRECTION('ref_axis',(0.,0.,-1.));
#2521=DIRECTION('center_axis',(0.,1.,0.));
#2522=DIRECTION('ref_axis',(0.,0.,1.));
#2523=CARTESIAN_POINT('',(0.,0.,0.));
#2524=CARTESIAN_POINT('Ctrl Pts',(-38.051658397279,-12.8725819772546,93.3625995512463));
#2525=CARTESIAN_POINT('Ctrl Pts',(-38.3113261210857,-12.1540706083514,93.045699941563));
#2526=CARTESIAN_POINT('Ctrl Pts',(-38.6751853699952,-11.0865906047371,92.2715753418569));
#2527=CARTESIAN_POINT('Ctrl Pts',(-38.9471200859834,-10.259837389045,91.2464891016497));
#2528=CARTESIAN_POINT('Ctrl Pts',(-39.0872832580877,-9.83471044435543,90.6298097228218));
#2529=CARTESIAN_POINT('Ctrl Pts',(-39.1801895494996,-9.5490851813503,90.2039098664748));
#2530=CARTESIAN_POINT('Ctrl Pts',(-39.3556975463405,-8.99687521636087,89.3330471648836));
#2531=CARTESIAN_POINT('Ctrl Pts',(-39.6353150007176,-8.08828023760563,87.763902551909));
#2532=CARTESIAN_POINT('Ctrl Pts',(-39.8305678091308,-7.42951465519834,86.3522040305455));
#2533=CARTESIAN_POINT('Ctrl Pts',(-40.2694824536023,-5.97948667586936,82.6136657655155));
#2534=CARTESIAN_POINT('Ctrl Pts',(-40.4783040678229,-5.43311685116325,79.6555544034746));
#2535=CARTESIAN_POINT('Ctrl Pts',(-40.8223452193095,-4.78595700592318,74.2526607580108));
#2536=CARTESIAN_POINT('Ctrl Pts',(-40.9598138565662,-4.62518359523446,71.7415419622376));
#2537=CARTESIAN_POINT('Ctrl Pts',(-41.144572881596,-4.33760836443582,68.5062397803959));
#2538=CARTESIAN_POINT('Ctrl Pts',(-41.1872517139026,-4.26509624482703,67.7648590669912));
#2539=CARTESIAN_POINT('Ctrl Pts',(-41.2944765371512,-4.05009051914329,65.9551133280094));
#2540=CARTESIAN_POINT('Ctrl Pts',(-41.3613104522084,-3.88212444923066,64.887965405029));
#2541=CARTESIAN_POINT('Ctrl Pts',(-41.4610143980802,-3.53912166464175,63.4036117585737));
#2542=CARTESIAN_POINT('Ctrl Pts',(-41.4916773519339,-3.41267544143955,62.976704015825));
#2543=CARTESIAN_POINT('Ctrl Pts',(-41.5634235416613,-3.09220820987472,61.9804726857448));
#2544=CARTESIAN_POINT('Ctrl Pts',(-41.6044369815226,-2.8949051997261,61.4122684396288));
#2545=CARTESIAN_POINT('Ctrl Pts',(-41.6838618561875,-2.42078607822103,60.3507138794242));
#2546=CARTESIAN_POINT('Ctrl Pts',(-41.7224031969615,-2.14100519005725,59.8689789238922));
#2547=CARTESIAN_POINT('Ctrl Pts',(-41.7592845885343,-1.75783393768424,59.426295962444));
#2548=CARTESIAN_POINT('Ctrl Pts',(-41.7639001565081,-1.70883113740155,59.3707614087881));
#2549=CARTESIAN_POINT('Ctrl Pts',(-41.7729553454269,-1.60832926315837,59.2619722385356));
#2550=CARTESIAN_POINT('Ctrl Pts',(-41.783900701347,-1.47858448355924,59.1298825614383));
#2551=CARTESIAN_POINT('Ctrl Pts',(-41.7942710501295,-1.34508877706921,59.002201866618));
#2552=CARTESIAN_POINT('Ctrl Pts',(-41.8022538367424,-1.23793542103812,58.9003013029377));
#2553=CARTESIAN_POINT('Ctrl Pts',(-41.8061558779906,-1.18502356603397,58.8486360254445));
#2554=CARTESIAN_POINT('Ctrl Pts',(-41.8118610940512,-1.1086028699898,58.7709578631715));
#2555=CARTESIAN_POINT('Ctrl Pts',(-41.8192094887889,-1.00780636999348,58.6684352693265));
#2556=CARTESIAN_POINT('Ctrl Pts',(-41.8329569699175,-0.79673328998503,58.4724245889991));
#2557=CARTESIAN_POINT('Ctrl Pts',(-41.8415682845259,-0.617850239413323,
58.3504156394871));
#2558=CARTESIAN_POINT('Ctrl Pts',(-41.8507347888666,-0.332006027170341,
58.2237266716355));
#2559=CARTESIAN_POINT('Ctrl Pts',(-41.8559304716435,-4.2564237713951E-5,
58.1556003505115));
#2560=CARTESIAN_POINT('Ctrl Pts',(-41.850744196842,0.331616104229661,58.2237206082784));
#2561=CARTESIAN_POINT('Ctrl Pts',(-41.8372757382761,0.750893710168461,58.4093186484628));
#2562=CARTESIAN_POINT('Ctrl Pts',(-41.8231559606327,0.957115320493803,58.6167559529356));
#2563=CARTESIAN_POINT('Ctrl Pts',(-41.8042370563408,1.21069394923484,58.874740505873));
#2564=CARTESIAN_POINT('Ctrl Pts',(-41.7963759748571,1.31797940288708,58.9762258418925));
#2565=CARTESIAN_POINT('Ctrl Pts',(-41.7796787402709,1.53281254361783,59.1818481848737));
#2566=CARTESIAN_POINT('Ctrl Pts',(-41.7662270847196,1.68572612694884,59.3427731499981));
#2567=CARTESIAN_POINT('Ctrl Pts',(-41.7223123860789,2.14183186296848,59.8701787120269));
#2568=CARTESIAN_POINT('Ctrl Pts',(-41.6835590534395,2.42280224231904,60.3542763325313));
#2569=CARTESIAN_POINT('Ctrl Pts',(-41.6047119046279,2.8933604398121,61.4082636813252));
#2570=CARTESIAN_POINT('Ctrl Pts',(-41.5635093305208,3.09197619694693,61.9789893628639));
#2571=CARTESIAN_POINT('Ctrl Pts',(-41.491673137791,3.41269311621681,62.9768068864056));
#2572=CARTESIAN_POINT('Ctrl Pts',(-41.4609656277342,3.5395030025404,63.4037915130869));
#2573=CARTESIAN_POINT('Ctrl Pts',(-41.4142624234706,3.69979284801107,64.1002037787326));
#2574=CARTESIAN_POINT('Ctrl Pts',(-41.3794017198621,3.81225117571626,64.62736067217));
#2575=CARTESIAN_POINT('Ctrl Pts',(-41.311412629014,4.00462809744959,65.6888023114853));
#2576=CARTESIAN_POINT('Ctrl Pts',(-41.2628763879127,4.11266439604577,66.49072741717));
#2577=CARTESIAN_POINT('Ctrl Pts',(-41.1872625254354,4.2652114000124,67.7644852126342));
#2578=CARTESIAN_POINT('Ctrl Pts',(-41.144690777291,4.33718065612569,68.5046943029073));
#2579=CARTESIAN_POINT('Ctrl Pts',(-40.9598783355569,4.625329627715,71.7403110065158));
#2580=CARTESIAN_POINT('Ctrl Pts',(-40.8222996962465,4.78540076043185,74.2534522785245));
#2581=CARTESIAN_POINT('Ctrl Pts',(-40.4765880630633,5.43772031964569,79.682266506669));
#2582=CARTESIAN_POINT('Ctrl Pts',(-40.270605433837,5.97755769374076,82.6040076436678));
#2583=CARTESIAN_POINT('Ctrl Pts',(-39.773825612326,7.61620718962336,86.836229793376));
#2584=CARTESIAN_POINT('Ctrl Pts',(-39.5298269545227,8.4486015721966,88.4694133605054));
#2585=CARTESIAN_POINT('Ctrl Pts',(-39.1801740864238,9.54920631749451,90.2038699546995));
#2586=CARTESIAN_POINT('Ctrl Pts',(-39.0874473947853,9.83420637373393,90.6290263304401));
#2587=CARTESIAN_POINT('Ctrl Pts',(-39.0082485159215,10.0744931300773,90.9777343063899));
#2588=CARTESIAN_POINT('Ctrl Pts',(-38.9439969563859,10.269489644573,91.245821730791));
#2589=CARTESIAN_POINT('Ctrl Pts',(-38.8054790451517,10.6885657689491,91.757883289638));
#2590=CARTESIAN_POINT('Ctrl Pts',(-38.5388139229768,11.4884746624487,92.5724278937964));
#2591=CARTESIAN_POINT('Ctrl Pts',(-38.2594788804345,12.2975340750776,93.1089745375915));
#2592=CARTESIAN_POINT('Ctrl Pts',(-38.0516583972791,12.8725819772544,93.3625995512463));
#2593=CARTESIAN_POINT('Ctrl Pts',(-38.060791340273,-12.8285559946979,93.4725675570051));
#2594=CARTESIAN_POINT('Ctrl Pts',(-38.3250781998047,-12.094008787206,93.1537480662165));
#2595=CARTESIAN_POINT('Ctrl Pts',(-38.6948466833815,-11.0015951352042,92.3733189240427));
#2596=CARTESIAN_POINT('Ctrl Pts',(-38.971431262038,-10.1496375457813,91.3397363942898));
#2597=CARTESIAN_POINT('Ctrl Pts',(-39.1133600182288,-9.71303320446012,90.7184095152006));
#2598=CARTESIAN_POINT('Ctrl Pts',(-39.2051127844835,-9.42874900897396,90.2902539984541));
#2599=CARTESIAN_POINT('Ctrl Pts',(-39.3800162780077,-8.87269242194289,89.4139976418905));
#2600=CARTESIAN_POINT('Ctrl Pts',(-39.6577168406643,-7.96109397841325,87.8352359777623));
#2601=CARTESIAN_POINT('Ctrl Pts',(-39.8521216966222,-7.2976396368639,86.4142611810828));
#2602=CARTESIAN_POINT('Ctrl Pts',(-40.288688892229,-5.83855863072533,82.6515665604889));
#2603=CARTESIAN_POINT('Ctrl Pts',(-40.496524315429,-5.28817165340683,79.6810847983188));
#2604=CARTESIAN_POINT('Ctrl Pts',(-40.8392264960637,-4.63641376030879,74.266536769909));
#2605=CARTESIAN_POINT('Ctrl Pts',(-40.9763931614486,-4.47354460069769,71.7534644654328));
#2606=CARTESIAN_POINT('Ctrl Pts',(-41.1602415020648,-4.1820998483158,68.5223900137725));
#2607=CARTESIAN_POINT('Ctrl Pts',(-41.2028041535592,-4.10694783335832,67.7829083054266));
#2608=CARTESIAN_POINT('Ctrl Pts',(-41.3090833236607,-3.89018025673972,65.979607844524));
#2609=CARTESIAN_POINT('Ctrl Pts',(-41.3760397878132,-3.71137723440093,64.9188525677072));
#2610=CARTESIAN_POINT('Ctrl Pts',(-41.4745604274348,-3.35043049344129,63.4552555434825));
#2611=CARTESIAN_POINT('Ctrl Pts',(-41.5041760403588,-3.22408680836911,63.0367928453154));
#2612=CARTESIAN_POINT('Ctrl Pts',(-41.5737353169506,-2.9099122194296,62.0456112406686));
#2613=CARTESIAN_POINT('Ctrl Pts',(-41.6129169336004,-2.72453091599773,61.4785816132371));
#2614=CARTESIAN_POINT('Ctrl Pts',(-41.6877950988444,-2.29426788777429,60.4210773325786));
#2615=CARTESIAN_POINT('Ctrl Pts',(-41.7239276729591,-2.04302107953118,59.9404670219492));
#2616=CARTESIAN_POINT('Ctrl Pts',(-41.7593249597264,-1.68351789348657,59.49335267412));
#2617=CARTESIAN_POINT('Ctrl Pts',(-41.7637657437319,-1.63748904443027,59.4371392398557));
#2618=CARTESIAN_POINT('Ctrl Pts',(-41.7725104957278,-1.54273488118803,59.3266380366528));
#2619=CARTESIAN_POINT('Ctrl Pts',(-41.783148945217,-1.41981704089574,59.1916068548698));
#2620=CARTESIAN_POINT('Ctrl Pts',(-41.7933546642041,-1.29257038098961,59.0592782591188));
#2621=CARTESIAN_POINT('Ctrl Pts',(-41.8013264217697,-1.18990979394108,58.9519883803004));
#2622=CARTESIAN_POINT('Ctrl Pts',(-41.8052896653043,-1.13897939266931,58.8965364562654));
#2623=CARTESIAN_POINT('Ctrl Pts',(-41.8111123586197,-1.06518418727888,58.8130005509746));
#2624=CARTESIAN_POINT('Ctrl Pts',(-41.8182951681508,-0.968075649739125,
58.7097594225824));
#2625=CARTESIAN_POINT('Ctrl Pts',(-41.8317822675419,-0.765426188451825,
58.5113206815154));
#2626=CARTESIAN_POINT('Ctrl Pts',(-41.8400655767989,-0.594455712117478,
58.3910400585267));
#2627=CARTESIAN_POINT('Ctrl Pts',(-41.8489270095882,-0.320563701838839,
58.2653319909928));
#2628=CARTESIAN_POINT('Ctrl Pts',(-41.8539508024046,-3.67164081399336E-5,
58.1979829104531));
#2629=CARTESIAN_POINT('Ctrl Pts',(-41.8489315103475,0.320253322395656,58.2654407532294));
#2630=CARTESIAN_POINT('Ctrl Pts',(-41.8358999602147,0.721893251308523,58.4499441285353));
#2631=CARTESIAN_POINT('Ctrl Pts',(-41.822326610674,0.919065147967921,58.6541128412936));
#2632=CARTESIAN_POINT('Ctrl Pts',(-41.8034097980301,1.16371879923073,58.9232654676011));
#2633=CARTESIAN_POINT('Ctrl Pts',(-41.7954401734246,1.26671309339576,59.0323977694038));
#2634=CARTESIAN_POINT('Ctrl Pts',(-41.7790586043749,1.47147289911206,59.2443620235197));
#2635=CARTESIAN_POINT('Ctrl Pts',(-41.7660285254096,1.6158643674169,59.4085385835865));
#2636=CARTESIAN_POINT('Ctrl Pts',(-41.7238821705285,2.04375322851735,59.9410750049775));
#2637=CARTESIAN_POINT('Ctrl Pts',(-41.6875432987215,2.29615498134991,60.4243869036132));
#2638=CARTESIAN_POINT('Ctrl Pts',(-41.6131985516467,2.72316497928381,61.4744581204104));
#2639=CARTESIAN_POINT('Ctrl Pts',(-41.5737667078545,2.90981145137582,62.0449602291272));
#2640=CARTESIAN_POINT('Ctrl Pts',(-41.504178192153,3.22400914645549,63.0366588133925));
#2641=CARTESIAN_POINT('Ctrl Pts',(-41.4743094319548,3.35128632952251,63.458460189733));
#2642=CARTESIAN_POINT('Ctrl Pts',(-41.4285154788054,3.51896086078995,64.1394550893621));
#2643=CARTESIAN_POINT('Ctrl Pts',(-41.3937243898842,3.6381429529182,64.6639652522446));
#2644=CARTESIAN_POINT('Ctrl Pts',(-41.3261753206585,3.84094996110477,65.7141991117745));
#2645=CARTESIAN_POINT('Ctrl Pts',(-41.2778872231785,3.95211810321616,66.5130248297333));
#2646=CARTESIAN_POINT('Ctrl Pts',(-41.202742937511,4.10830469726118,67.7818846512426));
#2647=CARTESIAN_POINT('Ctrl Pts',(-41.1603780280966,4.18177123155673,68.5205714622412));
#2648=CARTESIAN_POINT('Ctrl Pts',(-40.9764338393354,4.47400973442558,71.7520961437072));
#2649=CARTESIAN_POINT('Ctrl Pts',(-40.8391908919713,4.63575305194011,74.2673362223891));
#2650=CARTESIAN_POINT('Ctrl Pts',(-40.494803728416,5.29291689609058,79.7078814364232));
#2651=CARTESIAN_POINT('Ctrl Pts',(-40.289848594935,5.83645811625574,82.6418720046663));
#2652=CARTESIAN_POINT('Ctrl Pts',(-39.795548442617,7.48601488573596,86.9014712096554));
#2653=CARTESIAN_POINT('Ctrl Pts',(-39.552934766122,8.32295863846354,88.5452738046396));
#2654=CARTESIAN_POINT('Ctrl Pts',(-39.2050778019742,9.42892277112647,90.2902171765197));
#2655=CARTESIAN_POINT('Ctrl Pts',(-39.1127973122481,9.71532116610751,90.7179136781073));
#2656=CARTESIAN_POINT('Ctrl Pts',(-39.0338997608667,9.95704183719725,91.0687205297626));
#2657=CARTESIAN_POINT('Ctrl Pts',(-38.968289658863,10.1593032065328,91.3390767399666));
#2658=CARTESIAN_POINT('Ctrl Pts',(-38.8276067117962,10.5902528361732,91.8552624912297));
#2659=CARTESIAN_POINT('Ctrl Pts',(-38.5563861793232,11.4125499014385,92.6766016922365));
#2660=CARTESIAN_POINT('Ctrl Pts',(-38.2723086672413,12.2406740919199,93.2174060003674));
#2661=CARTESIAN_POINT('Ctrl Pts',(-38.0607913402731,12.8285559946977,93.4725675570051));
#2662=CARTESIAN_POINT('Ctrl Pts',(-38.1195634256743,-12.7542232351316,93.6945876857265));
#2663=CARTESIAN_POINT('Ctrl Pts',(-38.396507074244,-11.987913418819,93.3720822564803));
#2664=CARTESIAN_POINT('Ctrl Pts',(-38.784714394672,-10.846326209939,92.5793689028084));
#2665=CARTESIAN_POINT('Ctrl Pts',(-39.0829529519113,-9.94595153380982,91.529361777216));
#2666=CARTESIAN_POINT('Ctrl Pts',(-39.2346404887925,-9.4872285050064,90.8990276560157));
#2667=CARTESIAN_POINT('Ctrl Pts',(-39.3218347061329,-9.20449463832784,90.4662518707941));
#2668=CARTESIAN_POINT('Ctrl Pts',(-39.4957073705948,-8.63978495957164,89.5792088825631));
#2669=CARTESIAN_POINT('Ctrl Pts',(-39.7673571625281,-7.72000626735988,87.9810969595936));
#2670=CARTESIAN_POINT('Ctrl Pts',(-39.9600809813999,-7.04610160924251,86.5415555454754));
#2671=CARTESIAN_POINT('Ctrl Pts',(-40.3913875051453,-5.5663437274137,82.7304920976052));
#2672=CARTESIAN_POINT('Ctrl Pts',(-40.5992940013438,-5.00733409115633,79.7353564729964));
#2673=CARTESIAN_POINT('Ctrl Pts',(-40.9420974550018,-4.34556943053558,74.2975968501163));
#2674=CARTESIAN_POINT('Ctrl Pts',(-41.0804614446042,-4.1784272380589,71.7806918197676));
#2675=CARTESIAN_POINT('Ctrl Pts',(-41.2664843056193,-3.87912591433943,68.5582352443775));
#2676=CARTESIAN_POINT('Ctrl Pts',(-41.3115692006676,-3.79886256446367,67.8226730979724));
#2677=CARTESIAN_POINT('Ctrl Pts',(-41.4184839606781,-3.57837150099362,66.0323640706987));
#2678=CARTESIAN_POINT('Ctrl Pts',(-41.4966482024233,-3.37873455663333,64.9849207727297));
#2679=CARTESIAN_POINT('Ctrl Pts',(-41.6202627603955,-2.9838383912419,63.5639275574956));
#2680=CARTESIAN_POINT('Ctrl Pts',(-41.650821886696,-2.8576038596832,63.1624242635537));
#2681=CARTESIAN_POINT('Ctrl Pts',(-41.710716703549,-2.55457737102258,62.1810752239909));
#2682=CARTESIAN_POINT('Ctrl Pts',(-41.7316654190266,-2.39113963356607,61.6157639043004));
#2683=CARTESIAN_POINT('Ctrl Pts',(-41.7577542303904,-2.04477663631859,60.5646235579561));
#2684=CARTESIAN_POINT('Ctrl Pts',(-41.7696120688686,-1.84913255633335,60.0853957825732));
#2685=CARTESIAN_POINT('Ctrl Pts',(-41.7895517782748,-1.53615258553357,59.6288516738205));
#2686=CARTESIAN_POINT('Ctrl Pts',(-41.7920096751992,-1.49596372721906,59.5712074356812));
#2687=CARTESIAN_POINT('Ctrl Pts',(-41.7970267434068,-1.41251019776635,59.4571422538093));
#2688=CARTESIAN_POINT('Ctrl Pts',(-41.8032962073177,-1.30302750291792,59.3160583623806));
#2689=CARTESIAN_POINT('Ctrl Pts',(-41.8094199174958,-1.18808948619103,59.1742634103948));
#2690=CARTESIAN_POINT('Ctrl Pts',(-41.8142542815746,-1.09427607123876,59.0560531861111));
#2691=CARTESIAN_POINT('Ctrl Pts',(-41.816661545018,-1.04724283854677,58.9929513342443));
#2692=CARTESIAN_POINT('Ctrl Pts',(-41.8203915900598,-0.978611099153107,
58.8975934905107));
#2693=CARTESIAN_POINT('Ctrl Pts',(-41.826152208375,-0.888826825550027,58.7928647354134));
#2694=CARTESIAN_POINT('Ctrl Pts',(-41.8366244402045,-0.702923669530623,
58.5894550205606));
#2695=CARTESIAN_POINT('Ctrl Pts',(-41.8434027641472,-0.547741732110753,
58.47259164835));
#2696=CARTESIAN_POINT('Ctrl Pts',(-41.8506331010851,-0.297707818440637,
58.3487980009898));
#2697=CARTESIAN_POINT('Ctrl Pts',(-41.854960391348,-1.73803597694097E-5,
58.2829870211675));
#2698=CARTESIAN_POINT('Ctrl Pts',(-41.8506448249425,0.297569900378545,58.3491374596001));
#2699=CARTESIAN_POINT('Ctrl Pts',(-41.8401214025629,0.664007769299965,58.5315274597594));
#2700=CARTESIAN_POINT('Ctrl Pts',(-41.8286907999693,0.843107619036408,58.7292101491707));
#2701=CARTESIAN_POINT('Ctrl Pts',(-41.8152642266222,1.07013411582905,59.0209508376409));
#2702=CARTESIAN_POINT('Ctrl Pts',(-41.8107053148151,1.1646926000668,59.1455423430095));
#2703=CARTESIAN_POINT('Ctrl Pts',(-41.8006734442362,1.34960298086446,59.3704497016451));
#2704=CARTESIAN_POINT('Ctrl Pts',(-41.7932225251281,1.4772362112567,59.5413433006843));
#2705=CARTESIAN_POINT('Ctrl Pts',(-41.7695411718651,1.84967146256838,60.0848166711459));
#2706=CARTESIAN_POINT('Ctrl Pts',(-41.7574767466764,2.04638385617807,60.5674262822481));
#2707=CARTESIAN_POINT('Ctrl Pts',(-41.7316260356875,2.39009327434559,61.6113900409932));
#2708=CARTESIAN_POINT('Ctrl Pts',(-41.7106770311462,2.55474514776783,62.1820821490333));
#2709=CARTESIAN_POINT('Ctrl Pts',(-41.6508969821949,2.85735326554781,63.1618117381066));
#2710=CARTESIAN_POINT('Ctrl Pts',(-41.619921871059,2.9856876207543,63.5731705972958));
#2711=CARTESIAN_POINT('Ctrl Pts',(-41.562703926956,3.16719195935704,64.22282902827));
#2712=CARTESIAN_POINT('Ctrl Pts',(-41.5197146466677,3.29923915427091,64.7416845233767));
#2713=CARTESIAN_POINT('Ctrl Pts',(-41.4394021134405,3.52189248423462,65.7689322480554));
#2714=CARTESIAN_POINT('Ctrl Pts',(-41.3883750748634,3.63920735534952,66.5614077946964));
#2715=CARTESIAN_POINT('Ctrl Pts',(-41.3099510937094,3.80253598240216,67.8202892203211));
#2716=CARTESIAN_POINT('Ctrl Pts',(-41.2664422126087,3.87895988842987,68.5558661285878));
#2717=CARTESIAN_POINT('Ctrl Pts',(-41.0801092925152,4.17949159432514,71.7790327046295));
#2718=CARTESIAN_POINT('Ctrl Pts',(-40.9421836510307,4.34471272161832,74.2984174459012));
#2719=CARTESIAN_POINT('Ctrl Pts',(-40.5974354130651,5.01234929338797,79.7623140419727));
#2720=CARTESIAN_POINT('Ctrl Pts',(-40.3927384464908,5.56392041381782,82.7207337814721));
#2721=CARTESIAN_POINT('Ctrl Pts',(-39.9035605704273,7.23807937210387,87.0351248793541));
#2722=CARTESIAN_POINT('Ctrl Pts',(-39.6647251102267,8.08574060763517,88.7002280556612));
#2723=CARTESIAN_POINT('Ctrl Pts',(-39.3217444077708,9.20477014290112,90.4662200558492));
#2724=CARTESIAN_POINT('Ctrl Pts',(-39.2306631544692,9.49458175595627,90.8990145325004));
#2725=CARTESIAN_POINT('Ctrl Pts',(-39.1524418653865,9.73964824743966,91.2540248406221));
#2726=CARTESIAN_POINT('Ctrl Pts',(-39.0799703735012,9.95568745033308,91.5287279534988));
#2727=CARTESIAN_POINT('Ctrl Pts',(-38.9293333596333,10.4095499866592,92.052900779045));
#2728=CARTESIAN_POINT('Ctrl Pts',(-38.6397440529046,11.2751991131049,92.8874023737549));
#2729=CARTESIAN_POINT('Ctrl Pts',(-38.3412103905297,12.1409206885602,93.4364761532508));
#2730=CARTESIAN_POINT('Ctrl Pts',(-38.1195634256745,12.7542232351312,93.6945876857268));
#2731=CARTESIAN_POINT('Ctrl Pts',(-38.251877066515,-12.7166042663273,93.8929569584434));
#2732=CARTESIAN_POINT('Ctrl Pts',(-38.5460415760484,-11.9237652917842,93.5654627532203));
#2733=CARTESIAN_POINT('Ctrl Pts',(-38.962504588469,-10.7433140189417,92.7584542831979));
#2734=CARTESIAN_POINT('Ctrl Pts',(-39.298976691806,-9.81357465112905,91.6895235327233));
#2735=CARTESIAN_POINT('Ctrl Pts',(-39.468641367062,-9.34253564778177,91.0494556264158));
#2736=CARTESIAN_POINT('Ctrl Pts',(-39.5486541530824,-9.0574075051597,90.6139593863063));
#2737=CARTESIAN_POINT('Ctrl Pts',(-39.7221001298744,-8.48385605583772,89.7182455681553));
#2738=CARTESIAN_POINT('Ctrl Pts',(-39.9854355837341,-7.55159582784712,88.1055035419333));
#2739=CARTESIAN_POINT('Ctrl Pts',(-40.1768529388921,-6.86690896645092,86.6508884961467));
#2740=CARTESIAN_POINT('Ctrl Pts',(-40.60310769908,-5.36455397292655,82.8008476933965));
#2741=CARTESIAN_POINT('Ctrl Pts',(-40.8145401145224,-4.79882214009575,79.7854228690524));
#2742=CARTESIAN_POINT('Ctrl Pts',(-41.1621931709775,-4.1295278568518,74.3289960645979));
#2743=CARTESIAN_POINT('Ctrl Pts',(-41.304732124874,-3.96034833319801,71.8090818753234));
#2744=CARTESIAN_POINT('Ctrl Pts',(-41.4993961048464,-3.65803191918284,68.5933151968942));
#2745=CARTESIAN_POINT('Ctrl Pts',(-41.551053799233,-3.57636703696483,67.8608245603734));
#2746=CARTESIAN_POINT('Ctrl Pts',(-41.6629822278843,-3.35504055492914,66.0801726759435));
#2747=CARTESIAN_POINT('Ctrl Pts',(-41.7688869213322,-3.14997744087951,65.0435009899939));
#2748=CARTESIAN_POINT('Ctrl Pts',(-41.9523877608159,-2.7597788413483,63.6475289099515));
#2749=CARTESIAN_POINT('Ctrl Pts',(-41.9880486092257,-2.63620614698656,63.2563476841806));
#2750=CARTESIAN_POINT('Ctrl Pts',(-42.0329968865618,-2.33268643361924,62.2829196104528));
#2751=CARTESIAN_POINT('Ctrl Pts',(-42.0189432321455,-2.16569673959538,61.7225915542924));
#2752=CARTESIAN_POINT('Ctrl Pts',(-41.9401097363094,-1.84497317810295,60.6878173642803));
#2753=CARTESIAN_POINT('Ctrl Pts',(-41.8954249171301,-1.68195618750769,60.2164209944952));
#2754=CARTESIAN_POINT('Ctrl Pts',(-41.8774478418169,-1.40448920903423,59.75508300079));
#2755=CARTESIAN_POINT('Ctrl Pts',(-41.8750286978158,-1.36872236661305,59.696616306615));
#2756=CARTESIAN_POINT('Ctrl Pts',(-41.8707137970067,-1.29405429205527,59.5801791579842));
#2757=CARTESIAN_POINT('Ctrl Pts',(-41.8657351137666,-1.19525954540929,59.4345313781082));
#2758=CARTESIAN_POINT('Ctrl Pts',(-41.8607497332514,-1.09034746164663,59.2847890180294));
#2759=CARTESIAN_POINT('Ctrl Pts',(-41.8565431652141,-1.00378187756561,59.1568862666931));
#2760=CARTESIAN_POINT('Ctrl Pts',(-41.8541778187696,-0.959899873605913,
59.086777732819));
#2761=CARTESIAN_POINT('Ctrl Pts',(-41.8513342004078,-0.895448244475664,
58.9804473673682));
#2762=CARTESIAN_POINT('Ctrl Pts',(-41.8535580864164,-0.812374051498883,
58.8744258809965));
#2763=CARTESIAN_POINT('Ctrl Pts',(-41.8561729997852,-0.642010951390481,
58.6665730333912));
#2764=CARTESIAN_POINT('Ctrl Pts',(-41.8597759295647,-0.502105408883323,
58.5531491561884));
#2765=CARTESIAN_POINT('Ctrl Pts',(-41.8633630285879,-0.275267541407586,
58.4313955664395));
#2766=CARTESIAN_POINT('Ctrl Pts',(-41.8662937814915,4.3849092531192E-5,
58.367144306418));
#2767=CARTESIAN_POINT('Ctrl Pts',(-41.8634263255037,0.275368983398306,58.4319541795318));
#2768=CARTESIAN_POINT('Ctrl Pts',(-41.8586347191182,0.607616979030519,58.6119715559237));
#2769=CARTESIAN_POINT('Ctrl Pts',(-41.8515171440339,0.769278510467115,58.8033653174302));
#2770=CARTESIAN_POINT('Ctrl Pts',(-41.8541529350268,0.981244086599245,59.11589573878));
#2771=CARTESIAN_POINT('Ctrl Pts',(-41.8599246268742,1.06904435908568,59.2544949175889));
#2772=CARTESIAN_POINT('Ctrl Pts',(-41.866914762654,1.23765807539369,59.4900504907494));
#2773=CARTESIAN_POINT('Ctrl Pts',(-41.8736511833892,1.35222696153263,59.6657869873352));
#2774=CARTESIAN_POINT('Ctrl Pts',(-41.895169411756,1.68240064851614,60.2146714894942));
#2775=CARTESIAN_POINT('Ctrl Pts',(-41.9397964665218,1.84637920372026,60.6900562564098));
#2776=CARTESIAN_POINT('Ctrl Pts',(-42.0182311988452,2.16466966333266,61.7179652794452));
#2777=CARTESIAN_POINT('Ctrl Pts',(-42.032953734474,2.33307270013243,62.2850045368233));
#2778=CARTESIAN_POINT('Ctrl Pts',(-41.9881833918866,2.63583001266635,63.2553966909309));
#2779=CARTESIAN_POINT('Ctrl Pts',(-41.9523417468906,2.76256294668124,63.6608825584248));
#2780=CARTESIAN_POINT('Ctrl Pts',(-41.8667204308367,2.93998250023741,64.2910771622604));
#2781=CARTESIAN_POINT('Ctrl Pts',(-41.8047117410784,3.07263158969725,64.8069449813695));
#2782=CARTESIAN_POINT('Ctrl Pts',(-41.692966550724,3.29646304941363,65.8186145406656));
#2783=CARTESIAN_POINT('Ctrl Pts',(-41.6341437331922,3.4155161999408,66.6060523091224));
#2784=CARTESIAN_POINT('Ctrl Pts',(-41.5460230858144,3.5804401989975,67.8574488015495));
#2785=CARTESIAN_POINT('Ctrl Pts',(-41.498998081497,3.65785848536239,68.5905542449478));
#2786=CARTESIAN_POINT('Ctrl Pts',(-41.3035097406598,3.96151672568549,71.8072163380693));
#2787=CARTESIAN_POINT('Ctrl Pts',(-41.1625422302239,4.12862480944627,74.3298184575698));
#2788=CARTESIAN_POINT('Ctrl Pts',(-40.8123859242853,4.80394582296348,79.8125428376866));
#2789=CARTESIAN_POINT('Ctrl Pts',(-40.6047908788233,5.36198925807922,82.7909927257343));
#2790=CARTESIAN_POINT('Ctrl Pts',(-40.1198976112363,7.06214139370259,87.149732925544));
#2791=CARTESIAN_POINT('Ctrl Pts',(-39.8856946152162,7.92257093097922,88.8317171956268));
#2792=CARTESIAN_POINT('Ctrl Pts',(-39.5484486634321,9.05771645574625,90.6139475919785));
#2793=CARTESIAN_POINT('Ctrl Pts',(-39.4587278087766,9.35169754773255,91.0506573855355));
#2794=CARTESIAN_POINT('Ctrl Pts',(-39.3810699061339,9.60044203770316,91.4089634644989));
#2795=CARTESIAN_POINT('Ctrl Pts',(-39.2963549330636,9.82373529728552,91.6888938570995));
#2796=CARTESIAN_POINT('Ctrl Pts',(-39.1281668126428,10.2917818769591,92.2220894320191));
#2797=CARTESIAN_POINT('Ctrl Pts',(-38.8076105398159,11.1866442779938,93.0718972113358));
#2798=CARTESIAN_POINT('Ctrl Pts',(-38.4873064437298,12.0820695758434,93.6308527470984));
#2799=CARTESIAN_POINT('Ctrl Pts',(-38.2518770665153,12.7166042663268,93.8929569584438));
#2800=CARTESIAN_POINT('Ctrl Pts',(-38.3322944283695,-12.7081652552862,93.9799999999998));
#2801=CARTESIAN_POINT('Ctrl Pts',(-38.6353831677464,-11.9043186180375,93.6493621210591));
#2802=CARTESIAN_POINT('Ctrl Pts',(-39.0667344046945,-10.7085873564879,92.8342568780634));
#2803=CARTESIAN_POINT('Ctrl Pts',(-39.4230784054533,-9.77149251037851,91.7546282754578));
#2804=CARTESIAN_POINT('Ctrl Pts',(-39.6019186911846,-9.29802781674731,91.1093347936984));
#2805=CARTESIAN_POINT('Ctrl Pts',(-39.6784059608411,-9.0105602952789,90.6733625965384));
#2806=CARTESIAN_POINT('Ctrl Pts',(-39.8518032567563,-8.43296181832431,89.7742833592396));
#2807=CARTESIAN_POINT('Ctrl Pts',(-40.1112105896774,-7.49368635189837,88.1564041864129));
#2808=CARTESIAN_POINT('Ctrl Pts',(-40.30214331253,-6.80399957319569,86.6958351335317));
#2809=CARTESIAN_POINT('Ctrl Pts',(-40.7263117081867,-5.29080602271048,82.830569558811));
#2810=CARTESIAN_POINT('Ctrl Pts',(-40.9399218333873,-4.72278241792048,79.8069608432597));
#2811=CARTESIAN_POINT('Ctrl Pts',(-41.2905532751026,-4.05112016493704,74.343199101237));
#2812=CARTESIAN_POINT('Ctrl Pts',(-41.4354117618848,-3.88183075867183,71.8221224053147));
#2813=CARTESIAN_POINT('Ctrl Pts',(-41.6348914901653,-3.57995583784823,68.608778083768));
#2814=CARTESIAN_POINT('Ctrl Pts',(-41.6900710337853,-3.4990417266729,67.877380949857));
#2815=CARTESIAN_POINT('Ctrl Pts',(-41.8047836838484,-3.27836320254106,66.1000861047297));
#2816=CARTESIAN_POINT('Ctrl Pts',(-41.9256018787303,-3.0765555921853,65.0673758132895));
#2817=CARTESIAN_POINT('Ctrl Pts',(-42.1378295323538,-2.70259442314617,63.6760340571964));
#2818=CARTESIAN_POINT('Ctrl Pts',(-42.1759859871771,-2.58123427181923,63.2871935989045));
#2819=CARTESIAN_POINT('Ctrl Pts',(-42.2146207338452,-2.27380162940802,62.3169266126173));
#2820=CARTESIAN_POINT('Ctrl Pts',(-42.1851464892817,-2.09647069647805,61.7604682757367));
#2821=CARTESIAN_POINT('Ctrl Pts',(-42.0520360021955,-1.76630327127294,60.7386124335447));
#2822=CARTESIAN_POINT('Ctrl Pts',(-41.9748422722718,-1.60991520574876,60.2743804450057));
#2823=CARTESIAN_POINT('Ctrl Pts',(-41.9338607096618,-1.34549357056504,59.8130787319128));
#2824=CARTESIAN_POINT('Ctrl Pts',(-41.9284805848792,-1.31132345822708,59.7545214914665));
#2825=CARTESIAN_POINT('Ctrl Pts',(-41.918446426996,-1.23995810521045,59.6375286218821));
#2826=CARTESIAN_POINT('Ctrl Pts',(-41.906495921908,-1.1453134794581,59.4903893852023));
#2827=CARTESIAN_POINT('Ctrl Pts',(-41.8944989418131,-1.04441929024175,59.3374869261263));
#2828=CARTESIAN_POINT('Ctrl Pts',(-41.8844971475491,-0.960775385818011,
59.2054033789116));
#2829=CARTESIAN_POINT('Ctrl Pts',(-41.8790324079805,-0.918141370376055,
59.1321430219224));
#2830=CARTESIAN_POINT('Ctrl Pts',(-41.8718961383443,-0.855347355464817,
59.020794327215));
#2831=CARTESIAN_POINT('Ctrl Pts',(-41.8718724491967,-0.775359342125138,
58.914246158989));
#2832=CARTESIAN_POINT('Ctrl Pts',(-41.8694453481127,-0.612229313737822,
58.7044869118384));
#2833=CARTESIAN_POINT('Ctrl Pts',(-41.8710638059984,-0.479736177973729,
58.5928129974004));
#2834=CARTESIAN_POINT('Ctrl Pts',(-41.8723549559377,-0.264212880717574,
58.4721639536718));
#2835=CARTESIAN_POINT('Ctrl Pts',(-41.8744177934042,0.000100723228273912,
58.4087114011602));
#2836=CARTESIAN_POINT('Ctrl Pts',(-41.872450861929,0.264478279542202,58.4728269857725));
#2837=CARTESIAN_POINT('Ctrl Pts',(-41.8712763100574,0.580068585989891,58.6514955692671));
#2838=CARTESIAN_POINT('Ctrl Pts',(-41.8668319619888,0.733265137026918,58.8398210551092));
#2839=CARTESIAN_POINT('Ctrl Pts',(-41.879862619887,0.93882047782312,59.1617450884009));
#2840=CARTESIAN_POINT('Ctrl Pts',(-41.8923161706743,1.02397775835214,59.3065601815249));
#2841=CARTESIAN_POINT('Ctrl Pts',(-41.910025876625,1.18599693728022,59.5462092909309));
#2842=CARTESIAN_POINT('Ctrl Pts',(-41.9254938544671,1.29563105150869,59.723378028123));
#2843=CARTESIAN_POINT('Ctrl Pts',(-41.9744192914636,1.61033452218884,60.2720649791664));
#2844=CARTESIAN_POINT('Ctrl Pts',(-42.0516526907458,1.76757801814796,60.7405594725991));
#2845=CARTESIAN_POINT('Ctrl Pts',(-42.184044366666,2.09529412412995,61.7557244834269));
#2846=CARTESIAN_POINT('Ctrl Pts',(-42.2145747794084,2.27427082761276,62.3192894709626));
#2847=CARTESIAN_POINT('Ctrl Pts',(-42.176151208817,2.58084480631877,63.2861103361657));
#2848=CARTESIAN_POINT('Ctrl Pts',(-42.1379674507121,2.70582703404047,63.6905801635333));
#2849=CARTESIAN_POINT('Ctrl Pts',(-42.0386681640402,2.87484937175157,64.3163002836234));
#2850=CARTESIAN_POINT('Ctrl Pts',(-41.9673802953551,3.00330160691978,64.8319395023673));
#2851=CARTESIAN_POINT('Ctrl Pts',(-41.8395958576499,3.22072236845208,65.83931376813));
#2852=CARTESIAN_POINT('Ctrl Pts',(-41.7765599447811,3.33895544728548,66.6248804810317));
#2853=CARTESIAN_POINT('Ctrl Pts',(-41.6832542478246,3.50255899854191,67.8737107407692));
#2854=CARTESIAN_POINT('Ctrl Pts',(-41.6342955900979,3.57968205614589,68.6059025026109));
#2855=CARTESIAN_POINT('Ctrl Pts',(-41.4337373808779,3.88286401365511,71.8201979079179));
#2856=CARTESIAN_POINT('Ctrl Pts',(-41.2910388750813,4.05024974254442,74.3440133643553));
#2857=CARTESIAN_POINT('Ctrl Pts',(-40.9376083767722,4.72789224069249,79.8341569209867));
#2858=CARTESIAN_POINT('Ctrl Pts',(-40.7281646614612,5.28823929469709,82.8206616542101));
#2859=CARTESIAN_POINT('Ctrl Pts',(-40.2449114236453,7.00059598419894,87.196828395595));
#2860=CARTESIAN_POINT('Ctrl Pts',(-40.0128376649984,7.86748636290557,88.8852323694586));
#2861=CARTESIAN_POINT('Ctrl Pts',(-39.678146971827,9.0108755305937,90.6733674879141));
#2862=CARTESIAN_POINT('Ctrl Pts',(-39.5890233596739,9.30698027474675,91.1114891498793));
#2863=CARTESIAN_POINT('Ctrl Pts',(-39.5115757290545,9.55749304531494,91.4710233460332));
#2864=CARTESIAN_POINT('Ctrl Pts',(-39.4206023291462,9.78197819581011,91.7539960068241));
#2865=CARTESIAN_POINT('Ctrl Pts',(-39.2433135390921,10.2537561406609,92.2922093530495));
#2866=CARTESIAN_POINT('Ctrl Pts',(-38.9065553318229,11.1576842930631,93.1507300143429));
#2867=CARTESIAN_POINT('Ctrl Pts',(-38.5748661555488,12.0648207760908,93.7153798048378));
#2868=CARTESIAN_POINT('Ctrl Pts',(-38.33229442837,12.7081652552857,93.9800000000002));
#2869=CARTESIAN_POINT('',(-38.0516583972791,12.8725819772544,93.3625995512463));
#2870=CARTESIAN_POINT('',(-38.3322944283702,12.7081652552859,93.98));
#2871=CARTESIAN_POINT('Origin',(-38.997758916499,13.192640471558,93.4121613082419));
#2872=CARTESIAN_POINT('',(-39.5468816549074,9.45559146724874,91.3289737177094));
#2873=CARTESIAN_POINT('Ctrl Pts',(-38.33229442837,12.7081652552857,93.9800000000002));
#2874=CARTESIAN_POINT('Ctrl Pts',(-38.5748661555488,12.0648207760908,93.7153798048378));
#2875=CARTESIAN_POINT('Ctrl Pts',(-38.9065553318229,11.1576842930631,93.1507300143429));
#2876=CARTESIAN_POINT('Ctrl Pts',(-39.2433135390921,10.2537561406609,92.2922093530495));
#2877=CARTESIAN_POINT('Ctrl Pts',(-39.4206023291462,9.78197819581011,91.7539960068241));
#2878=CARTESIAN_POINT('Ctrl Pts',(-39.5115757290545,9.55749304531494,91.4710233460332));
#2879=CARTESIAN_POINT('Ctrl Pts',(-39.5421589905117,9.45856816537501,91.3290470423575));
#2880=CARTESIAN_POINT('Ctrl Pts',(-39.5423814003363,9.45784866931667,91.3280142797771));
#2881=CARTESIAN_POINT('Ctrl Pts',(-39.5426037539203,9.45712926806169,91.3269815065159));
#2882=CARTESIAN_POINT('',(-41.7395305698758,3.40666315248206,67.1514571579381));
#2883=CARTESIAN_POINT('Ctrl Pts',(-39.5426037539203,9.45712926806169,91.3269815065159));
#2884=CARTESIAN_POINT('Ctrl Pts',(-39.5894444021536,9.30558135723986,91.1094191530957));
#2885=CARTESIAN_POINT('Ctrl Pts',(-39.6783446315393,9.01020027436917,90.6723114613195));
#2886=CARTESIAN_POINT('Ctrl Pts',(-40.0128376649984,7.86748636290557,88.8852323694586));
#2887=CARTESIAN_POINT('Ctrl Pts',(-40.2449114236453,7.00059598419894,87.196828395595));
#2888=CARTESIAN_POINT('Ctrl Pts',(-40.7281646614612,5.28823929469709,82.8206616542101));
#2889=CARTESIAN_POINT('Ctrl Pts',(-40.9376083767722,4.72789224069249,79.8341569209867));
#2890=CARTESIAN_POINT('Ctrl Pts',(-41.2910388750813,4.05024974254442,74.3440133643553));
#2891=CARTESIAN_POINT('Ctrl Pts',(-41.4337373808779,3.88286401365511,71.8201979079179));
#2892=CARTESIAN_POINT('Ctrl Pts',(-41.634273009937,3.5797161903626,68.6062643891058));
#2893=CARTESIAN_POINT('Ctrl Pts',(-41.683206196847,3.50263469105458,67.8744293697682));
#2894=CARTESIAN_POINT('Ctrl Pts',(-41.7372418909292,3.40789628220366,67.1511246675119));
#2895=CARTESIAN_POINT('',(-42.0759947012074,2.81030791507104,64.0757392553962));
#2896=CARTESIAN_POINT('Ctrl Pts',(-41.7372418909292,3.40789628220366,67.1511246675119));
#2897=CARTESIAN_POINT('Ctrl Pts',(-41.7372684212836,3.40784976769852,67.1507695405819));
#2898=CARTESIAN_POINT('Ctrl Pts',(-41.7372949528681,3.40780324893702,67.1504144157082));
#2899=CARTESIAN_POINT('Ctrl Pts',(-41.7765599447811,3.33895544728548,66.6248804810317));
#2900=CARTESIAN_POINT('Ctrl Pts',(-41.8395958576499,3.22072236845208,65.83931376813));
#2901=CARTESIAN_POINT('Ctrl Pts',(-41.9673802953551,3.00330160691978,64.8319395023673));
#2902=CARTESIAN_POINT('Ctrl Pts',(-42.0386681640402,2.87484937175157,64.3163002836234));
#2903=CARTESIAN_POINT('Ctrl Pts',(-42.076338936302,2.81072804515936,64.0789233503793));
#2904=CARTESIAN_POINT('Ctrl Pts',(-42.0765791355635,2.8103182829634,64.0774072921915));
#2905=CARTESIAN_POINT('Ctrl Pts',(-42.0768189768604,2.80990822422693,64.0758910136321));
#2906=CARTESIAN_POINT('',(-41.8760620016158,0.896730169974369,59.0916119902758));
#2907=CARTESIAN_POINT('Ctrl Pts',(-42.0698015255605,2.8123901067659,64.0748167747742));
#2908=CARTESIAN_POINT('Ctrl Pts',(-42.130911659463,2.70713336556151,63.6862492469473));
#2909=CARTESIAN_POINT('Ctrl Pts',(-42.1687704323393,2.58254901818764,63.2832880202281));
#2910=CARTESIAN_POINT('Ctrl Pts',(-42.2073824896296,2.27663014794212,62.3179207451744));
#2911=CARTESIAN_POINT('Ctrl Pts',(-42.1774800657452,2.0980682407436,61.7542188305192));
#2912=CARTESIAN_POINT('Ctrl Pts',(-42.0472273423918,1.77071436794951,60.7385508601115));
#2913=CARTESIAN_POINT('Ctrl Pts',(-41.9712848676483,1.61319871857566,60.2697848132939));
#2914=CARTESIAN_POINT('Ctrl Pts',(-41.9234438753654,1.29787873687828,59.7210915459781));
#2915=CARTESIAN_POINT('Ctrl Pts',(-41.9083213310446,1.18804807368086,59.5439801288769));
#2916=CARTESIAN_POINT('Ctrl Pts',(-41.8910356041081,1.02576654234633,59.3044940127515));
#2917=CARTESIAN_POINT('Ctrl Pts',(-41.8788462601435,0.940504055568123,59.1599258548523));
#2918=CARTESIAN_POINT('Ctrl Pts',(-41.8762406821402,0.898010408931975,59.093535191555));
#2919=CARTESIAN_POINT('Ctrl Pts',(-41.8762026145719,0.897386273143426,59.092560808244));
#2920=CARTESIAN_POINT('Ctrl Pts',(-41.8761647577401,0.896762285139458,59.0915874068984));
#2921=CARTESIAN_POINT('',(-41.8760620016171,-0.896730169972516,59.0916119902788));
#2922=CARTESIAN_POINT('Ctrl Pts',(-41.8765880312308,0.89601835015808,59.0923817489417));
#2923=CARTESIAN_POINT('Ctrl Pts',(-41.866536638963,0.732872850627066,58.8376013392371));
#2924=CARTESIAN_POINT('Ctrl Pts',(-41.8710073218998,0.579901326574373,58.6502128368824));
#2925=CARTESIAN_POINT('Ctrl Pts',(-41.8722567170582,0.264713096196148,58.4719457579644));
#2926=CARTESIAN_POINT('Ctrl Pts',(-41.8742430348972,9.95011853531509E-5,
58.4078152094408));
#2927=CARTESIAN_POINT('Ctrl Pts',(-41.872161513002,-0.264451225139958,58.4712849777499));
#2928=CARTESIAN_POINT('Ctrl Pts',(-41.8708209399801,-0.480218488261028,
58.5919578204512));
#2929=CARTESIAN_POINT('Ctrl Pts',(-41.869159761888,-0.612871457265014,58.7036694563001));
#2930=CARTESIAN_POINT('Ctrl Pts',(-41.8714736696742,-0.775828689130158,
58.9129652433498));
#2931=CARTESIAN_POINT('Ctrl Pts',(-41.8714538279871,-0.855567233706231,
59.0190662391748));
#2932=CARTESIAN_POINT('Ctrl Pts',(-41.8759946754771,-0.896709213128269,
59.0916280858631));
#2933=CARTESIAN_POINT('',(-42.0759947012075,-2.81030791507095,64.0757392553961));
#2934=CARTESIAN_POINT('Ctrl Pts',(-41.8764967199145,-0.89582140587539,59.0925678522571));
#2935=CARTESIAN_POINT('Ctrl Pts',(-41.8765340795991,-0.896155298255308,
59.0931576417279));
#2936=CARTESIAN_POINT('Ctrl Pts',(-41.8765717417231,-0.896489285808587,
59.0937487361343));
#2937=CARTESIAN_POINT('Ctrl Pts',(-41.8790324079805,-0.918141370376055,
59.1321430219224));
#2938=CARTESIAN_POINT('Ctrl Pts',(-41.8844971475491,-0.960775385818011,
59.2054033789116));
#2939=CARTESIAN_POINT('Ctrl Pts',(-41.8944989418131,-1.04441929024175,59.3374869261263));
#2940=CARTESIAN_POINT('Ctrl Pts',(-41.906495921908,-1.1453134794581,59.4903893852023));
#2941=CARTESIAN_POINT('Ctrl Pts',(-41.918446426996,-1.23995810521045,59.6375286218821));
#2942=CARTESIAN_POINT('Ctrl Pts',(-41.9284805848792,-1.31132345822708,59.7545214914665));
#2943=CARTESIAN_POINT('Ctrl Pts',(-41.9338607096618,-1.34549357056504,59.8130787319128));
#2944=CARTESIAN_POINT('Ctrl Pts',(-41.9748422722718,-1.60991520574876,60.2743804450057));
#2945=CARTESIAN_POINT('Ctrl Pts',(-42.0520360021955,-1.76630327127294,60.7386124335447));
#2946=CARTESIAN_POINT('Ctrl Pts',(-42.1851464892817,-2.09647069647805,61.7604682757367));
#2947=CARTESIAN_POINT('Ctrl Pts',(-42.2146207338452,-2.27380162940802,62.3169266126173));
#2948=CARTESIAN_POINT('Ctrl Pts',(-42.1760808831014,-2.58047914574094,63.2848103975031));
#2949=CARTESIAN_POINT('Ctrl Pts',(-42.1382697845929,-2.70119154055587,63.6715394014963));
#2950=CARTESIAN_POINT('Ctrl Pts',(-42.0768403763353,-2.81005650575624,64.0758585301889));
#2951=CARTESIAN_POINT('',(-41.739530569878,-3.40666315248057,67.1514571579365));
#2952=CARTESIAN_POINT('Ctrl Pts',(-42.0768403763353,-2.81005650575624,64.0758585301889));
#2953=CARTESIAN_POINT('Ctrl Pts',(-42.0764833402606,-2.81068924373887,64.0782084879494));
#2954=CARTESIAN_POINT('Ctrl Pts',(-42.0761255063375,-2.81132158150437,64.0805590399207));
#2955=CARTESIAN_POINT('Ctrl Pts',(-41.9256566906864,-3.07645900937521,65.0670164719789));
#2956=CARTESIAN_POINT('Ctrl Pts',(-41.8048718878288,-3.27821586996192,66.0993322088122));
#2957=CARTESIAN_POINT('Ctrl Pts',(-41.7369529424345,-3.40885264116294,67.1510187217066));
#2958=CARTESIAN_POINT('',(-39.5468816549099,-9.45559146724436,91.3289737177074));
#2959=CARTESIAN_POINT('Ctrl Pts',(-41.7369529424345,-3.40885264116294,67.1510187217066));
#2960=CARTESIAN_POINT('Ctrl Pts',(-41.7369281421833,-3.40890034250337,67.15140273959));
#2961=CARTESIAN_POINT('Ctrl Pts',(-41.7369033489808,-3.4089480343613,67.1517867600562));
#2962=CARTESIAN_POINT('Ctrl Pts',(-41.6900710337853,-3.4990417266729,67.877380949857));
#2963=CARTESIAN_POINT('Ctrl Pts',(-41.6348914901653,-3.57995583784823,68.608778083768));
#2964=CARTESIAN_POINT('Ctrl Pts',(-41.4354117618848,-3.88183075867183,71.8221224053147));
#2965=CARTESIAN_POINT('Ctrl Pts',(-41.2905532751026,-4.05112016493704,74.343199101237));
#2966=CARTESIAN_POINT('Ctrl Pts',(-40.9399218333873,-4.72278241792048,79.8069608432597));
#2967=CARTESIAN_POINT('Ctrl Pts',(-40.7263117081867,-5.29080602271048,82.830569558811));
#2968=CARTESIAN_POINT('Ctrl Pts',(-40.30214331253,-6.80399957319569,86.6958351335317));
#2969=CARTESIAN_POINT('Ctrl Pts',(-40.1112105896774,-7.49368635189837,88.1564041864129));
#2970=CARTESIAN_POINT('Ctrl Pts',(-39.8518032567563,-8.43296181832431,89.7742833592396));
#2971=CARTESIAN_POINT('Ctrl Pts',(-39.6786263356703,-9.0098262113646,90.6722199349281));
#2972=CARTESIAN_POINT('Ctrl Pts',(-39.6023075952653,-9.29656641036029,91.107118355479));
#2973=CARTESIAN_POINT('Ctrl Pts',(-39.5417735735324,-9.45725369596547,91.3263448764163));
#2974=CARTESIAN_POINT('',(-38.3322944283692,-12.7081652552859,93.98));
#2975=CARTESIAN_POINT('Ctrl Pts',(-39.5417735735324,-9.45725369596547,91.3263448764163));
#2976=CARTESIAN_POINT('Ctrl Pts',(-39.5414642644728,-9.45807475545847,91.3274650522626));
#2977=CARTESIAN_POINT('Ctrl Pts',(-39.5411543687,-9.45889627662064,91.3285852889799));
#2978=CARTESIAN_POINT('Ctrl Pts',(-39.4230784054533,-9.77149251037851,91.7546282754578));
#2979=CARTESIAN_POINT('Ctrl Pts',(-39.0667344046945,-10.7085873564879,92.8342568780634));
#2980=CARTESIAN_POINT('Ctrl Pts',(-38.6353831677464,-11.9043186180375,93.6493621210591));
#2981=CARTESIAN_POINT('Ctrl Pts',(-38.3322944283695,-12.7081652552862,93.9799999999998));
#2982=CARTESIAN_POINT('',(-38.051658397279,-12.8725819772545,93.3625995512463));
#2983=CARTESIAN_POINT('Origin',(-38.9977589164983,-13.1926404715578,93.412161308242));
#2984=CARTESIAN_POINT('',(-41.8533349834897,-5.84783845481446E-8,58.1896619999513));
#2985=CARTESIAN_POINT('Ctrl Pts',(-38.051658397279,-12.8725819772546,93.3625995512463));
#2986=CARTESIAN_POINT('Ctrl Pts',(-38.3113261210857,-12.1540706083514,93.045699941563));
#2987=CARTESIAN_POINT('Ctrl Pts',(-38.6751853699952,-11.0865906047371,92.2715753418569));
#2988=CARTESIAN_POINT('Ctrl Pts',(-38.9471200859834,-10.259837389045,91.2464891016497));
#2989=CARTESIAN_POINT('Ctrl Pts',(-39.0872832580877,-9.83471044435543,90.6298097228218));
#2990=CARTESIAN_POINT('Ctrl Pts',(-39.1801895494996,-9.5490851813503,90.2039098664748));
#2991=CARTESIAN_POINT('Ctrl Pts',(-39.3556975463405,-8.99687521636087,89.3330471648836));
#2992=CARTESIAN_POINT('Ctrl Pts',(-39.6353150007176,-8.08828023760563,87.763902551909));
#2993=CARTESIAN_POINT('Ctrl Pts',(-39.8305678091308,-7.42951465519834,86.3522040305455));
#2994=CARTESIAN_POINT('Ctrl Pts',(-40.2694824536023,-5.97948667586936,82.6136657655155));
#2995=CARTESIAN_POINT('Ctrl Pts',(-40.4783040678229,-5.43311685116325,79.6555544034746));
#2996=CARTESIAN_POINT('Ctrl Pts',(-40.8223452193095,-4.78595700592318,74.2526607580108));
#2997=CARTESIAN_POINT('Ctrl Pts',(-40.9598138565662,-4.62518359523446,71.7415419622376));
#2998=CARTESIAN_POINT('Ctrl Pts',(-41.144572881596,-4.33760836443582,68.5062397803959));
#2999=CARTESIAN_POINT('Ctrl Pts',(-41.1872517139026,-4.26509624482703,67.7648590669912));
#3000=CARTESIAN_POINT('Ctrl Pts',(-41.2944765371512,-4.05009051914329,65.9551133280094));
#3001=CARTESIAN_POINT('Ctrl Pts',(-41.3613104522084,-3.88212444923066,64.887965405029));
#3002=CARTESIAN_POINT('Ctrl Pts',(-41.4610143980802,-3.53912166464175,63.4036117585737));
#3003=CARTESIAN_POINT('Ctrl Pts',(-41.4916773519339,-3.41267544143955,62.976704015825));
#3004=CARTESIAN_POINT('Ctrl Pts',(-41.5634235416613,-3.09220820987472,61.9804726857448));
#3005=CARTESIAN_POINT('Ctrl Pts',(-41.6044369815226,-2.8949051997261,61.4122684396288));
#3006=CARTESIAN_POINT('Ctrl Pts',(-41.6838618561875,-2.42078607822103,60.3507138794242));
#3007=CARTESIAN_POINT('Ctrl Pts',(-41.7224031969615,-2.14100519005725,59.8689789238922));
#3008=CARTESIAN_POINT('Ctrl Pts',(-41.7592845885343,-1.75783393768424,59.426295962444));
#3009=CARTESIAN_POINT('Ctrl Pts',(-41.7639001565081,-1.70883113740155,59.3707614087881));
#3010=CARTESIAN_POINT('Ctrl Pts',(-41.7729553454269,-1.60832926315837,59.2619722385356));
#3011=CARTESIAN_POINT('Ctrl Pts',(-41.783900701347,-1.47858448355924,59.1298825614383));
#3012=CARTESIAN_POINT('Ctrl Pts',(-41.7942710501295,-1.34508877706921,59.002201866618));
#3013=CARTESIAN_POINT('Ctrl Pts',(-41.8022538367424,-1.23793542103812,58.9003013029377));
#3014=CARTESIAN_POINT('Ctrl Pts',(-41.8061558779906,-1.18502356603397,58.8486360254445));
#3015=CARTESIAN_POINT('Ctrl Pts',(-41.8118610940512,-1.1086028699898,58.7709578631715));
#3016=CARTESIAN_POINT('Ctrl Pts',(-41.8192094887889,-1.00780636999348,58.6684352693265));
#3017=CARTESIAN_POINT('Ctrl Pts',(-41.8329569699175,-0.79673328998503,58.4724245889991));
#3018=CARTESIAN_POINT('Ctrl Pts',(-41.8415682845259,-0.617850239413323,
58.3504156394871));
#3019=CARTESIAN_POINT('Ctrl Pts',(-41.8507347888666,-0.332006027170341,
58.2237266716355));
#3020=CARTESIAN_POINT('Ctrl Pts',(-41.8533332509809,-0.165984636181752,
58.1896553720532));
#3021=CARTESIAN_POINT('Ctrl Pts',(-41.8533349832247,-3.94802274807787E-5,
58.1896619964545));
#3022=CARTESIAN_POINT('Ctrl Pts',(-41.8533349834897,-5.8478384530799E-8,
58.1896619999513));
#3023=CARTESIAN_POINT('Ctrl Pts',(-41.8533349834897,-5.8478384530799E-8,
58.1896619999513));
#3024=CARTESIAN_POINT('Ctrl Pts',(-41.8533360983379,0.165865796088054,58.1896767128375));
#3025=CARTESIAN_POINT('Ctrl Pts',(-41.8507430214431,0.331652694788721,58.2237368055089));
#3026=CARTESIAN_POINT('Ctrl Pts',(-41.8372757382761,0.750893710168461,58.4093186484628));
#3027=CARTESIAN_POINT('Ctrl Pts',(-41.8231559606327,0.957115320493803,58.6167559529356));
#3028=CARTESIAN_POINT('Ctrl Pts',(-41.8042370563408,1.21069394923484,58.874740505873));
#3029=CARTESIAN_POINT('Ctrl Pts',(-41.7963759748571,1.31797940288708,58.9762258418925));
#3030=CARTESIAN_POINT('Ctrl Pts',(-41.7796787402709,1.53281254361783,59.1818481848737));
#3031=CARTESIAN_POINT('Ctrl Pts',(-41.7662270847196,1.68572612694884,59.3427731499981));
#3032=CARTESIAN_POINT('Ctrl Pts',(-41.7223123860789,2.14183186296848,59.8701787120269));
#3033=CARTESIAN_POINT('Ctrl Pts',(-41.6835590534395,2.42280224231904,60.3542763325313));
#3034=CARTESIAN_POINT('Ctrl Pts',(-41.6047119046279,2.8933604398121,61.4082636813252));
#3035=CARTESIAN_POINT('Ctrl Pts',(-41.5635093305208,3.09197619694693,61.9789893628639));
#3036=CARTESIAN_POINT('Ctrl Pts',(-41.491673137791,3.41269311621681,62.9768068864056));
#3037=CARTESIAN_POINT('Ctrl Pts',(-41.4609656277342,3.5395030025404,63.4037915130869));
#3038=CARTESIAN_POINT('Ctrl Pts',(-41.4142624234706,3.69979284801107,64.1002037787326));
#3039=CARTESIAN_POINT('Ctrl Pts',(-41.3794017198621,3.81225117571626,64.62736067217));
#3040=CARTESIAN_POINT('Ctrl Pts',(-41.311412629014,4.00462809744959,65.6888023114853));
#3041=CARTESIAN_POINT('Ctrl Pts',(-41.2628763879127,4.11266439604577,66.49072741717));
#3042=CARTESIAN_POINT('Ctrl Pts',(-41.1872625254354,4.2652114000124,67.7644852126342));
#3043=CARTESIAN_POINT('Ctrl Pts',(-41.144690777291,4.33718065612569,68.5046943029073));
#3044=CARTESIAN_POINT('Ctrl Pts',(-40.9598783355569,4.625329627715,71.7403110065158));
#3045=CARTESIAN_POINT('Ctrl Pts',(-40.8222996962465,4.78540076043185,74.2534522785245));
#3046=CARTESIAN_POINT('Ctrl Pts',(-40.4765880630633,5.43772031964569,79.682266506669));
#3047=CARTESIAN_POINT('Ctrl Pts',(-40.270605433837,5.97755769374076,82.6040076436678));
#3048=CARTESIAN_POINT('Ctrl Pts',(-39.773825612326,7.61620718962336,86.836229793376));
#3049=CARTESIAN_POINT('Ctrl Pts',(-39.5298269545227,8.4486015721966,88.4694133605054));
#3050=CARTESIAN_POINT('Ctrl Pts',(-39.1801740864238,9.54920631749451,90.2038699546995));
#3051=CARTESIAN_POINT('Ctrl Pts',(-39.0874473947853,9.83420637373393,90.6290263304401));
#3052=CARTESIAN_POINT('Ctrl Pts',(-39.0082485159215,10.0744931300773,90.9777343063899));
#3053=CARTESIAN_POINT('Ctrl Pts',(-38.9439969563859,10.269489644573,91.245821730791));
#3054=CARTESIAN_POINT('Ctrl Pts',(-38.8054790451517,10.6885657689491,91.757883289638));
#3055=CARTESIAN_POINT('Ctrl Pts',(-38.5388139229768,11.4884746624487,92.5724278937964));
#3056=CARTESIAN_POINT('Ctrl Pts',(-38.2594788804345,12.2975340750776,93.1089745375915));
#3057=CARTESIAN_POINT('Ctrl Pts',(-38.0516583972791,12.8725819772544,93.3625995512463));
#3058=CARTESIAN_POINT('Ctrl Pts',(-38.3322944283705,-12.7081652552842,93.98));
#3059=CARTESIAN_POINT('Ctrl Pts',(-38.2413733526348,-12.8330524426829,93.98));
#3060=CARTESIAN_POINT('Ctrl Pts',(-38.0951243185006,-13.0454253026873,93.98));
#3061=CARTESIAN_POINT('Ctrl Pts',(-37.9356049368208,-13.3002398689934,93.98));
#3062=CARTESIAN_POINT('Ctrl Pts',(-37.8456705706496,-13.4518766942745,93.98));
#3063=CARTESIAN_POINT('Ctrl Pts',(-37.8172045982936,-13.501428608359,93.98));
#3064=CARTESIAN_POINT('Ctrl Pts',(-37.8172035698984,-13.501431366697,93.9800027081312));
#3065=CARTESIAN_POINT('Ctrl Pts',(-38.1714597046614,-12.7250432773664,93.8059139168874));
#3066=CARTESIAN_POINT('Ctrl Pts',(-38.1067560266684,-12.860206942926,93.81541061098));
#3067=CARTESIAN_POINT('Ctrl Pts',(-38.0008864173972,-13.085874237648,93.8393092262383));
#3068=CARTESIAN_POINT('Ctrl Pts',(-37.881561354882,-13.3490560009998,93.8859681130104));
#3069=CARTESIAN_POINT('Ctrl Pts',(-37.8119795268283,-13.502982683426,93.9303943745091));
#3070=CARTESIAN_POINT('Ctrl Pts',(-37.7888406290967,-13.5524384838469,93.9625553423385));
#3071=CARTESIAN_POINT('Ctrl Pts',(-37.7880760011747,-13.5520024153289,93.98));
#3072=CARTESIAN_POINT('Ctrl Pts',(-38.069924283268,-12.7845300121394,93.5825355627642));
#3073=CARTESIAN_POINT('Ctrl Pts',(-38.0222481700968,-12.9220007774098,93.6170074722163));
#3074=CARTESIAN_POINT('Ctrl Pts',(-37.9410925885789,-13.1484432208479,93.6833472846003));
#3075=CARTESIAN_POINT('Ctrl Pts',(-37.8443234319951,-13.4080033343199,93.7878915728837));
#3076=CARTESIAN_POINT('Ctrl Pts',(-37.7856092000542,-13.5583308203691,93.8802539523115));
#3077=CARTESIAN_POINT('Ctrl Pts',(-37.764921439243,-13.606007330893,93.9450980752577));
#3078=CARTESIAN_POINT('Ctrl Pts',(-37.763380918829,-13.6051287055053,93.9802581328766));
#3079=CARTESIAN_POINT('Ctrl Pts',(-38.05165839728,-12.8725819772529,93.3625995512467));
#3080=CARTESIAN_POINT('Ctrl Pts',(-38.0032637264762,-13.006492039917,93.4216606161477));
#3081=CARTESIAN_POINT('Ctrl Pts',(-37.9222146454622,-13.2254444545948,93.5294576211679));
#3082=CARTESIAN_POINT('Ctrl Pts',(-37.8258614163399,-13.4736668702286,93.6908257544403));
#3083=CARTESIAN_POINT('Ctrl Pts',(-37.7671719916407,-13.6165437757123,93.8305446930013));
#3084=CARTESIAN_POINT('Ctrl Pts',(-37.7458119286607,-13.6613179154718,93.9278946263772));
#3085=CARTESIAN_POINT('Ctrl Pts',(-37.7434961407878,-13.6599968952384,93.9807704601224));
#3086=CARTESIAN_POINT('',(-37.8172045982963,-13.5014286083542,93.98));
#3087=CARTESIAN_POINT('',(-37.7435304545384,-13.6600145778925,93.9799999681539));
#3088=CARTESIAN_POINT('Ctrl Pts',(-37.8172045982963,-13.5014286083542,93.98));
#3089=CARTESIAN_POINT('Ctrl Pts',(-37.81708029447,-13.5016444278011,93.98));
#3090=CARTESIAN_POINT('Ctrl Pts',(-37.8169560713801,-13.5018602937334,93.98));
#3091=CARTESIAN_POINT('Ctrl Pts',(-37.8024084534586,-13.5271619838475,93.98));
#3092=CARTESIAN_POINT('Ctrl Pts',(-37.789082023451,-13.5528627636526,93.98));
#3093=CARTESIAN_POINT('Ctrl Pts',(-37.7645935500973,-13.6055749947737,93.98));
#3094=CARTESIAN_POINT('Ctrl Pts',(-37.7534629172375,-13.6325705123535,93.9800000000001));
#3095=CARTESIAN_POINT('Ctrl Pts',(-37.7435304516574,-13.6600145765588,93.9800000000001));
#3096=CARTESIAN_POINT('Ctrl Pts',(-37.7435304742,-13.660014467399,93.9800003293496));
#3097=CARTESIAN_POINT('Ctrl Pts',(-37.7459157181518,-13.6611002974027,93.9274219754642));
#3098=CARTESIAN_POINT('Ctrl Pts',(-37.767243252924,-13.6163702931523,93.8303750448761));
#3099=CARTESIAN_POINT('Ctrl Pts',(-37.8258614163399,-13.4736668702286,93.6908257544403));
#3100=CARTESIAN_POINT('Ctrl Pts',(-37.9222146454622,-13.2254444545948,93.5294576211679));
#3101=CARTESIAN_POINT('Ctrl Pts',(-38.0032637264762,-13.006492039917,93.4216606161477));
#3102=CARTESIAN_POINT('Ctrl Pts',(-38.05165839728,-12.8725819772529,93.3625995512467));
#3103=CARTESIAN_POINT('Ctrl Pts',(-37.8172045982963,-13.5014286083542,93.98));
#3104=CARTESIAN_POINT('Ctrl Pts',(-37.9100396645493,-13.3402460185592,93.98));
#3105=CARTESIAN_POINT('Ctrl Pts',(-38.0068495231593,-13.1838816670749,93.9800000001239));
#3106=CARTESIAN_POINT('Ctrl Pts',(-38.1798117598533,-12.9225871308174,93.9800000001239));
#3107=CARTESIAN_POINT('Ctrl Pts',(-38.2549033819432,-12.8144678923784,93.98));
#3108=CARTESIAN_POINT('Ctrl Pts',(-38.3322944283692,-12.7081652552859,93.98));
#3109=CARTESIAN_POINT('Ctrl Pts',(-37.8172035699001,13.5014313666949,93.9800027081312));
#3110=CARTESIAN_POINT('Ctrl Pts',(-37.8172045982953,13.5014286083568,93.98));
#3111=CARTESIAN_POINT('Ctrl Pts',(-37.8453921086585,13.4523324329952,93.98));
#3112=CARTESIAN_POINT('Ctrl Pts',(-37.9358017181419,13.2999456954724,93.98));
#3113=CARTESIAN_POINT('Ctrl Pts',(-38.0944873103076,13.0464289942822,93.9800000000001));
#3114=CARTESIAN_POINT('Ctrl Pts',(-38.2414736386667,12.8329146919992,93.98));
#3115=CARTESIAN_POINT('Ctrl Pts',(-38.3322944283702,12.7081652552859,93.98));
#3116=CARTESIAN_POINT('Ctrl Pts',(-37.7880760011763,13.552002415327,93.98));
#3117=CARTESIAN_POINT('Ctrl Pts',(-37.7888393668039,13.5524377639565,93.9625841410426));
#3118=CARTESIAN_POINT('Ctrl Pts',(-37.8117678227919,13.5034495995355,93.9305094076283));
#3119=CARTESIAN_POINT('Ctrl Pts',(-37.8817037904635,13.3487454228029,93.8859522533905));
#3120=CARTESIAN_POINT('Ctrl Pts',(-38.0004117620944,13.0869149193016,93.8394977279079));
#3121=CARTESIAN_POINT('Ctrl Pts',(-38.1068273948892,12.8600578572674,93.8154001361131));
#3122=CARTESIAN_POINT('Ctrl Pts',(-38.1714597046609,12.7250432773681,93.8059139168873));
#3123=CARTESIAN_POINT('Ctrl Pts',(-37.7633809188304,13.6051287055037,93.9802581328766));
#3124=CARTESIAN_POINT('Ctrl Pts',(-37.7649188960594,13.6060058804031,93.9451561196237));
#3125=CARTESIAN_POINT('Ctrl Pts',(-37.7854339739038,13.5587890823217,93.8804999902141));
#3126=CARTESIAN_POINT('Ctrl Pts',(-37.8444330928248,13.4076926864886,93.7878379751407));
#3127=CARTESIAN_POINT('Ctrl Pts',(-37.9407101222682,13.1494719051605,93.6837750949684));
#3128=CARTESIAN_POINT('Ctrl Pts',(-38.0223007569021,12.9218491470053,93.6169694496577));
#3129=CARTESIAN_POINT('Ctrl Pts',(-38.0699242832674,12.7845300121411,93.582535562764));
#3130=CARTESIAN_POINT('Ctrl Pts',(-37.7434961407891,13.6599968952371,93.9807704601224));
#3131=CARTESIAN_POINT('Ctrl Pts',(-37.7458081056183,13.6613157346499,93.9279819170261));
#3132=CARTESIAN_POINT('Ctrl Pts',(-37.7669966149103,13.6169805078086,93.8309199392246));
#3133=CARTESIAN_POINT('Ctrl Pts',(-37.8259702629161,13.4733670218943,93.6907356358688));
#3134=CARTESIAN_POINT('Ctrl Pts',(-37.9218325558206,13.2264293353319,93.530120584462));
#3135=CARTESIAN_POINT('Ctrl Pts',(-38.0033171058559,13.0063443369578,93.4215954717217));
#3136=CARTESIAN_POINT('Ctrl Pts',(-38.0516583972793,12.8725819772546,93.3625995512464));
#3137=CARTESIAN_POINT('',(-37.7435304552978,13.6600145782421,93.9799999597765));
#3138=CARTESIAN_POINT('',(-37.8172045982953,13.5014286083568,93.98));
#3139=CARTESIAN_POINT('Ctrl Pts',(-37.7435304516529,13.6600145765675,93.98));
#3140=CARTESIAN_POINT('Ctrl Pts',(-37.7534629172265,13.6325705123803,93.98));
#3141=CARTESIAN_POINT('Ctrl Pts',(-37.7645935500668,13.6055749948492,93.98));
#3142=CARTESIAN_POINT('Ctrl Pts',(-37.7890819365898,13.5528629506157,93.98));
#3143=CARTESIAN_POINT('Ctrl Pts',(-37.8024082636714,13.5271623498516,93.98));
#3144=CARTESIAN_POINT('Ctrl Pts',(-37.8169558659077,13.5018606507895,93.98));
#3145=CARTESIAN_POINT('Ctrl Pts',(-37.8170801916688,13.5016446062881,93.98));
#3146=CARTESIAN_POINT('Ctrl Pts',(-37.8172045982953,13.5014286083568,93.98));
#3147=CARTESIAN_POINT('Ctrl Pts',(-38.3322944283702,12.7081652552859,93.98));
#3148=CARTESIAN_POINT('Ctrl Pts',(-38.2414736386667,12.8329146919992,93.98));
#3149=CARTESIAN_POINT('Ctrl Pts',(-38.1532818416512,12.961023273369,93.98));
#3150=CARTESIAN_POINT('Ctrl Pts',(-38.0703994451953,13.088321716274,93.98));
#3151=CARTESIAN_POINT('Ctrl Pts',(-38.0151445142247,13.1731873448773,93.98));
#3152=CARTESIAN_POINT('Ctrl Pts',(-37.9622493168362,13.2576929119407,93.98));
#3153=CARTESIAN_POINT('Ctrl Pts',(-37.9144810478789,13.3366570134694,93.98));
#3154=CARTESIAN_POINT('Ctrl Pts',(-37.8905969134002,13.3761390642338,93.98));
#3155=CARTESIAN_POINT('Ctrl Pts',(-37.8679945110294,13.4142357486145,93.98));
#3156=CARTESIAN_POINT('Ctrl Pts',(-37.8496464322531,13.4455581346453,93.98));
#3157=CARTESIAN_POINT('Ctrl Pts',(-37.8312994128539,13.4768787121917,93.98));
#3158=CARTESIAN_POINT('Ctrl Pts',(-37.8172232206018,13.5013899844727,93.979982671844));
#3159=CARTESIAN_POINT('Ctrl Pts',(-37.8172035702192,13.5014313659716,93.9800027076621));
#3160=CARTESIAN_POINT('Ctrl Pts',(-38.0516583972793,12.8725819772546,93.3625995512464));
#3161=CARTESIAN_POINT('Ctrl Pts',(-38.0033171058559,13.0063443369578,93.4215954717217));
#3162=CARTESIAN_POINT('Ctrl Pts',(-37.9218325558206,13.2264293353319,93.530120584462));
#3163=CARTESIAN_POINT('Ctrl Pts',(-37.8259702629161,13.4733670218943,93.6907356358688));
#3164=CARTESIAN_POINT('Ctrl Pts',(-37.7670683389304,13.616805844431,93.8307494464345));
#3165=CARTESIAN_POINT('Ctrl Pts',(-37.7459112329633,13.6610998892899,93.9275098877131));
#3166=CARTESIAN_POINT('Ctrl Pts',(-37.743530469978,13.6600144773693,93.9800003426853));
#3167=CARTESIAN_POINT('Origin',(0.,0.,93.98));
#3168=CARTESIAN_POINT('',(-37.7913556667343,-14.9473421339844,93.98));
#3169=CARTESIAN_POINT('',(-37.7913556667334,14.9473421339869,93.98));
#3170=CARTESIAN_POINT('Origin',(0.,0.,93.9800000000069));
#3171=CARTESIAN_POINT('',(-38.6559826095976,13.3097605602759,93.98));
#3172=CARTESIAN_POINT('Ctrl Pts',(-37.7913556667334,14.9473421339869,93.98));
#3173=CARTESIAN_POINT('Ctrl Pts',(-37.7928334147549,14.9436059445984,93.98));
#3174=CARTESIAN_POINT('Ctrl Pts',(-37.7943144138858,14.9398713737356,93.98));
#3175=CARTESIAN_POINT('Ctrl Pts',(-37.7957966677113,14.9361363085791,93.98));
#3176=CARTESIAN_POINT('Ctrl Pts',(-38.0248505352125,14.3589537068061,93.9800000000013));
#3177=CARTESIAN_POINT('Ctrl Pts',(-38.3197023662102,13.8066816367459,93.9799999999997));
#3178=CARTESIAN_POINT('Ctrl Pts',(-38.6559826095973,13.3097605602759,93.9799999999996));
#3179=CARTESIAN_POINT('',(-38.6559826095982,-13.3097605602738,93.9799999999999));
#3180=CARTESIAN_POINT('Ctrl Pts',(-38.6559826095976,13.3097605602759,93.98));
#3181=CARTESIAN_POINT('Ctrl Pts',(-39.3741551469446,12.2485175126474,93.98));
#3182=CARTESIAN_POINT('Ctrl Pts',(-40.3350331545838,11.3524689493534,93.98));
#3183=CARTESIAN_POINT('Ctrl Pts',(-46.3846447798123,7.86622319796139,93.9800000000001));
#3184=CARTESIAN_POINT('Ctrl Pts',(-51.2981623857674,5.00199589462934,93.9800000000005));
#3185=CARTESIAN_POINT('Ctrl Pts',(-57.0122152177854,1.73188713950493,93.9800000000006));
#3186=CARTESIAN_POINT('Ctrl Pts',(-57.508189467876,0.875630291600587,93.9800000000007));
#3187=CARTESIAN_POINT('Ctrl Pts',(-57.5021092765845,-0.108733852576829,
93.9800000000007));
#3188=CARTESIAN_POINT('Ctrl Pts',(-57.4507270274399,-0.984176896486821,
93.9800000000007));
#3189=CARTESIAN_POINT('Ctrl Pts',(-56.9164219103049,-1.78503101782433,93.9800000000007));
#3190=CARTESIAN_POINT('Ctrl Pts',(-51.3046382637517,-5.00474685393213,93.9800000000005));
#3191=CARTESIAN_POINT('Ctrl Pts',(-46.3837497667023,-7.86561871605445,93.9800000000002));
#3192=CARTESIAN_POINT('Ctrl Pts',(-40.3352619741805,-11.3525677198262,93.98));
#3193=CARTESIAN_POINT('Ctrl Pts',(-39.3741551469453,-12.248517512645,93.98));
#3194=CARTESIAN_POINT('Ctrl Pts',(-38.6559826095983,-13.3097605602738,93.98));
#3195=CARTESIAN_POINT('Ctrl Pts',(-38.6559826095982,-13.3097605602739,93.98));
#3196=CARTESIAN_POINT('Ctrl Pts',(-38.3197022711409,-13.8066817772288,93.98));
#3197=CARTESIAN_POINT('Ctrl Pts',(-38.0249788324259,-14.3590898524623,93.98));
#3198=CARTESIAN_POINT('Ctrl Pts',(-37.7957967195387,-14.9361370576687,93.98));
#3199=CARTESIAN_POINT('Ctrl Pts',(-37.7943137010352,-14.9398710824228,93.98));
#3200=CARTESIAN_POINT('Ctrl Pts',(-37.7928333476286,-14.9436061143138,93.98));
#3201=CARTESIAN_POINT('Ctrl Pts',(-37.7913556667343,-14.9473421339844,93.98));
#3202=CARTESIAN_POINT('Origin',(0.,0.,93.98));
#3203=CARTESIAN_POINT('Ctrl Pts',(-38.3322944283692,-12.7081652552859,93.98));
#3204=CARTESIAN_POINT('Ctrl Pts',(-38.9335450777613,-11.8823006038102,93.98));
#3205=CARTESIAN_POINT('Ctrl Pts',(-39.6736021578608,-11.1660952159816,93.9799999999856));
#3206=CARTESIAN_POINT('Ctrl Pts',(-40.7762515764057,-10.4193779346711,93.9799999999856));
#3207=CARTESIAN_POINT('Ctrl Pts',(-40.9757095714077,-10.3037470281295,93.98));
#3208=CARTESIAN_POINT('Ctrl Pts',(-43.7458566560182,-8.69577541531365,93.98));
#3209=CARTESIAN_POINT('Ctrl Pts',(-46.4838613613221,-7.09125697265889,93.9800000000001));
#3210=CARTESIAN_POINT('Ctrl Pts',(-49.6722182944878,-5.2253736775213,93.9800000000001));
#3211=CARTESIAN_POINT('Ctrl Pts',(-50.9090934439819,-4.50228519054298,93.9800000003875));
#3212=CARTESIAN_POINT('Ctrl Pts',(-52.7241826757762,-3.44717023604287,93.9800000003875));
#3213=CARTESIAN_POINT('Ctrl Pts',(-53.3306035576845,-3.09566749181145,93.98));
#3214=CARTESIAN_POINT('Ctrl Pts',(-54.2449411373673,-2.56779649863268,93.98));
#3215=CARTESIAN_POINT('Ctrl Pts',(-54.5501113295086,-2.39196584005514,93.9800000007228));
#3216=CARTESIAN_POINT('Ctrl Pts',(-55.0908984222352,-2.08107511532763,93.9800000007228));
#3217=CARTESIAN_POINT('Ctrl Pts',(-55.325845161063,-1.94623974406127,93.98));
#3218=CARTESIAN_POINT('Ctrl Pts',(-55.6150071345694,-1.78059440996004,93.98));
#3219=CARTESIAN_POINT('Ctrl Pts',(-55.7344731528587,-1.71217161243319,93.9799999999493));
#3220=CARTESIAN_POINT('Ctrl Pts',(-56.0771605477347,-1.41086958854078,93.9799999999493));
#3221=CARTESIAN_POINT('Ctrl Pts',(-56.240794376288,-1.19327681610552,93.9800000000544));
#3222=CARTESIAN_POINT('Ctrl Pts',(-56.4830974143287,-0.699874810101254,
93.9800000000544));
#3223=CARTESIAN_POINT('Ctrl Pts',(-56.5560883679053,-0.424771089094738,
93.9800000000018));
#3224=CARTESIAN_POINT('Ctrl Pts',(-56.5934356585449,0.137650942751816,93.9800000000018));
#3225=CARTESIAN_POINT('Ctrl Pts',(-56.5571152928911,0.420660982991425,93.9800000000001));
#3226=CARTESIAN_POINT('Ctrl Pts',(-56.381082584556,0.94664561502303,93.9800000000001));
#3227=CARTESIAN_POINT('Ctrl Pts',(-56.2459487969601,1.1872427485693,93.9799999999979));
#3228=CARTESIAN_POINT('Ctrl Pts',(-55.9857443880589,1.48915041470242,93.9799999999979));
#3229=CARTESIAN_POINT('Ctrl Pts',(-55.8940683492278,1.5773040139627,93.9799999999746));
#3230=CARTESIAN_POINT('Ctrl Pts',(-55.6892616105338,1.73808569353946,93.9799999999746));
#3231=CARTESIAN_POINT('Ctrl Pts',(-55.603984876169,1.7868882453849,93.98));
#3232=CARTESIAN_POINT('Ctrl Pts',(-51.1424092991238,4.34376404235645,93.98));
#3233=CARTESIAN_POINT('Ctrl Pts',(-47.3346619965404,6.60454714147035,93.9800000000001));
#3234=CARTESIAN_POINT('Ctrl Pts',(-40.6614605562516,10.4877946061714,93.9800000000001));
#3235=CARTESIAN_POINT('Ctrl Pts',(-39.9127854005982,10.8749904852452,93.98));
#3236=CARTESIAN_POINT('Ctrl Pts',(-38.6914603520679,12.2395378645903,93.98));
#3237=CARTESIAN_POINT('Ctrl Pts',(-38.5048307015442,12.4711732299871,93.98));
#3238=CARTESIAN_POINT('Ctrl Pts',(-38.3322944283702,12.7081652552859,93.98));
#3239=CARTESIAN_POINT('Ctrl Pts',(-43.9419085340205,0.,10.3920106907524));
#3240=CARTESIAN_POINT('Ctrl Pts',(-43.9419085340205,-43.9419085340205,10.3920106907524));
#3241=CARTESIAN_POINT('Ctrl Pts',(0.,-43.9419085340205,10.3920106907525));
#3242=CARTESIAN_POINT('Ctrl Pts',(43.9419085340205,-43.9419085340205,10.3920106907525));
#3243=CARTESIAN_POINT('Ctrl Pts',(43.9419085340205,0.,10.3920106907525));
#3244=CARTESIAN_POINT('Ctrl Pts',(43.9419085340205,43.9419085340205,10.3920106907525));
#3245=CARTESIAN_POINT('Ctrl Pts',(0.,43.9419085340205,10.3920106907525));
#3246=CARTESIAN_POINT('Ctrl Pts',(-43.9419085340205,43.9419085340205,10.3920106907524));
#3247=CARTESIAN_POINT('Ctrl Pts',(-43.9419085340205,0.,10.3920106907524));
#3248=CARTESIAN_POINT('Ctrl Pts',(-42.2155106205122,0.,52.1939601666149));
#3249=CARTESIAN_POINT('Ctrl Pts',(-42.2155106205122,-42.2155106205122,52.1939601666149));
#3250=CARTESIAN_POINT('Ctrl Pts',(0.,-42.2155106205122,52.1939601666149));
#3251=CARTESIAN_POINT('Ctrl Pts',(42.2155106205122,-42.2155106205122,52.1939601666149));
#3252=CARTESIAN_POINT('Ctrl Pts',(42.2155106205122,0.,52.1939601666149));
#3253=CARTESIAN_POINT('Ctrl Pts',(42.2155106205122,42.2155106205122,52.1939601666149));
#3254=CARTESIAN_POINT('Ctrl Pts',(0.,42.2155106205122,52.1939601666149));
#3255=CARTESIAN_POINT('Ctrl Pts',(-42.2155106205122,42.2155106205122,52.1939601666149));
#3256=CARTESIAN_POINT('Ctrl Pts',(-42.2155106205122,0.,52.1939601666149));
#3257=CARTESIAN_POINT('Ctrl Pts',(-40.1393832686418,0.,93.9799999999988));
#3258=CARTESIAN_POINT('Ctrl Pts',(-40.1393832686418,-40.1393832686418,93.9799999999988));
#3259=CARTESIAN_POINT('Ctrl Pts',(0.,-40.1393832686418,93.9799999999988));
#3260=CARTESIAN_POINT('Ctrl Pts',(40.1393832686418,-40.1393832686418,93.9799999999987));
#3261=CARTESIAN_POINT('Ctrl Pts',(40.1393832686418,0.,93.9799999999987));
#3262=CARTESIAN_POINT('Ctrl Pts',(40.1393832686418,40.1393832686418,93.9799999999987));
#3263=CARTESIAN_POINT('Ctrl Pts',(0.,40.1393832686418,93.9799999999988));
#3264=CARTESIAN_POINT('Ctrl Pts',(-40.1393832686418,40.1393832686418,93.9799999999988));
#3265=CARTESIAN_POINT('Ctrl Pts',(-40.1393832686418,0.,93.9799999999988));
#3266=CARTESIAN_POINT('',(-43.9419085340197,-5.3813317634613E-15,10.3920106907528));
#3267=CARTESIAN_POINT('Origin',(0.,0.,10.3920106907527));
#3268=CARTESIAN_POINT('Ctrl Pts',(-43.9419085340205,0.,10.3920106907524));
#3269=CARTESIAN_POINT('Ctrl Pts',(-42.9547967755567,0.,34.2933346737488));
#3270=CARTESIAN_POINT('Ctrl Pts',(-41.8533391971125,0.,58.1896621942432));
#3271=CARTESIAN_POINT('Ctrl Pts',(-38.387758408994,-13.4362374122169,93.3501327270021));
#3272=CARTESIAN_POINT('Ctrl Pts',(-38.8218917795652,-12.260646245977,92.9190843454949));
#3273=CARTESIAN_POINT('Ctrl Pts',(-39.1690364383942,-11.2217759460016,92.0307491423908));
#3274=CARTESIAN_POINT('Ctrl Pts',(-39.4789245819002,-10.3018639553999,90.737025125728));
#3275=CARTESIAN_POINT('Ctrl Pts',(-39.580893999191,-9.99480351627955,90.295219478245));
#3276=CARTESIAN_POINT('Ctrl Pts',(-39.7726050924536,-9.40273880493228,89.3910048839801));
#3277=CARTESIAN_POINT('Ctrl Pts',(-40.0774828796788,-8.42771915937002,87.7573690491074));
#3278=CARTESIAN_POINT('Ctrl Pts',(-40.2887869865429,-7.72196434792914,86.2708361380939));
#3279=CARTESIAN_POINT('Ctrl Pts',(-40.5743090214377,-6.79588789723065,83.8958907645266));
#3280=CARTESIAN_POINT('Ctrl Pts',(-40.8397026535457,-5.99136013586745,81.0669050717484));
#3281=CARTESIAN_POINT('Ctrl Pts',(-41.0413072865481,-5.54749760228661,78.1474179208194));
#3282=CARTESIAN_POINT('Ctrl Pts',(-41.2939372900566,-5.07332363565897,74.1997126175139));
#3283=CARTESIAN_POINT('Ctrl Pts',(-41.4328330150963,-4.91537714410686,71.6885314427373));
#3284=CARTESIAN_POINT('Ctrl Pts',(-41.6418802340721,-4.59449523475381,68.0531777596688));
#3285=CARTESIAN_POINT('Ctrl Pts',(-41.7077786731441,-4.48215161032315,66.9221413335785));
#3286=CARTESIAN_POINT('Ctrl Pts',(-41.819398240889,-4.22495939465206,65.1178357536297));
#3287=CARTESIAN_POINT('Ctrl Pts',(-41.8628322149191,-4.10931567093077,64.4410428002837));
#3288=CARTESIAN_POINT('Ctrl Pts',(-41.9380485586783,-3.87344853933019,63.3127939582423));
#3289=CARTESIAN_POINT('Ctrl Pts',(-41.9713727526165,-3.73999669648319,62.8629725761253));
#3290=CARTESIAN_POINT('Ctrl Pts',(-42.051178758624,-3.38109103918402,61.8094126654725));
#3291=CARTESIAN_POINT('Ctrl Pts',(-42.0986391860211,-3.14015656552012,61.2046659707087));
#3292=CARTESIAN_POINT('Ctrl Pts',(-42.1676925881607,-2.68786149348108,60.3724025027049));
#3293=CARTESIAN_POINT('Ctrl Pts',(-42.2000374191656,-2.450891880091,59.9953034397115));
#3294=CARTESIAN_POINT('Ctrl Pts',(-42.2356910657169,-2.12653449309071,59.5951920604762));
#3295=CARTESIAN_POINT('Ctrl Pts',(-42.2527257049734,-1.95161618593666,59.4063381016009));
#3296=CARTESIAN_POINT('Ctrl Pts',(-42.2621830542965,-1.84816901897961,59.3017686069187));
#3297=CARTESIAN_POINT('Ctrl Pts',(-42.2668091641356,-1.79533127007765,59.2506332507907));
#3298=CARTESIAN_POINT('Ctrl Pts',(-42.2701203749816,-1.75667188795169,59.2140034449246));
#3299=CARTESIAN_POINT('Ctrl Pts',(-42.2721610018123,-1.73261070246531,59.191420846552));
#3300=CARTESIAN_POINT('Ctrl Pts',(-42.2761956479542,-1.68408311201702,59.1467184152656));
#3301=CARTESIAN_POINT('Ctrl Pts',(-42.2831319030183,-1.59813482144707,59.0696589709366));
#3302=CARTESIAN_POINT('Ctrl Pts',(-42.2907533695978,-1.49784700616741,58.984227447181));
#3303=CARTESIAN_POINT('Ctrl Pts',(-42.2964617267714,-1.41842547591919,58.9189618979525));
#3304=CARTESIAN_POINT('Ctrl Pts',(-42.2987144962092,-1.38650442791439,58.8929197204275));
#3305=CARTESIAN_POINT('Ctrl Pts',(-42.299612672141,-1.37372900587141,58.8825085284268));
#3306=CARTESIAN_POINT('Ctrl Pts',(-42.3011767933308,-1.35134177194263,58.8643093258981));
#3307=CARTESIAN_POINT('Ctrl Pts',(-42.3060484588114,-1.28095761431649,58.8070573510849));
#3308=CARTESIAN_POINT('Ctrl Pts',(-42.3103272324621,-1.216725844758,58.7551759848875));
#3309=CARTESIAN_POINT('Ctrl Pts',(-42.3157298810603,-1.1386576985539,58.6848069589167));
#3310=CARTESIAN_POINT('Ctrl Pts',(-42.3196886538547,-1.08060369111711,58.6324556304293));
#3311=CARTESIAN_POINT('Ctrl Pts',(-42.3253997001546,-0.992324532805792,
58.5555691650852));
#3312=CARTESIAN_POINT('Ctrl Pts',(-42.3308329929275,-0.901718546915459,
58.4817837103659));
#3313=CARTESIAN_POINT('Ctrl Pts',(-42.3359299417923,-0.807796690151174,
58.4124525913878));
#3314=CARTESIAN_POINT('Ctrl Pts',(-42.3398376976794,-0.726220859965403,
58.3594865453416));
#3315=CARTESIAN_POINT('Ctrl Pts',(-42.34273461712,-0.658390873850419,58.3204316170272));
#3316=CARTESIAN_POINT('Ctrl Pts',(-42.3468160941651,-0.554339438944051,
58.2656383231815));
#3317=CARTESIAN_POINT('Ctrl Pts',(-42.3496048868539,-0.463010080853602,
58.2287324555859));
#3318=CARTESIAN_POINT('Ctrl Pts',(-42.3542598453174,-0.261810395209962,
58.167764158419));
#3319=CARTESIAN_POINT('Ctrl Pts',(-42.3572386720317,-0.00146074175247794,
58.1300614294525));
#3320=CARTESIAN_POINT('Ctrl Pts',(-42.3542494917517,0.262348475949308,58.1680147828219));
#3321=CARTESIAN_POINT('Ctrl Pts',(-42.3444737991161,0.686161695747854,58.2951415783492));
#3322=CARTESIAN_POINT('Ctrl Pts',(-42.3297361309666,0.937339441755251,58.5013927160103));
#3323=CARTESIAN_POINT('Ctrl Pts',(-42.3120138266531,1.19230671886903,58.7331176982634));
#3324=CARTESIAN_POINT('Ctrl Pts',(-42.308623074165,1.24254300881579,58.7755882981703));
#3325=CARTESIAN_POINT('Ctrl Pts',(-42.3017053869298,1.34441565198953,58.8586449659878));
#3326=CARTESIAN_POINT('Ctrl Pts',(-42.2944983268838,1.44678532275072,58.9415512744476));
#3327=CARTESIAN_POINT('Ctrl Pts',(-42.2869658151331,1.54774975887705,59.0265536991738));
#3328=CARTESIAN_POINT('Ctrl Pts',(-42.2811609981782,1.62262891265249,59.0914204539645));
#3329=CARTESIAN_POINT('Ctrl Pts',(-42.2761975237895,1.68413667933244,59.1465668696403));
#3330=CARTESIAN_POINT('Ctrl Pts',(-42.2721551162162,1.73276061261475,59.1913494253395));
#3331=CARTESIAN_POINT('Ctrl Pts',(-42.2701114671015,1.75685778100787,59.2139750860923));
#3332=CARTESIAN_POINT('Ctrl Pts',(-42.2323541879604,2.1976837449236,59.6310264448879));
#3333=CARTESIAN_POINT('Ctrl Pts',(-42.1890778584999,2.54782714756231,60.1140697351453));
#3334=CARTESIAN_POINT('Ctrl Pts',(-42.0988725039453,3.13861922777891,61.2022056609638));
#3335=CARTESIAN_POINT('Ctrl Pts',(-42.0513862966771,3.38016775365298,61.8066201394766));
#3336=CARTESIAN_POINT('Ctrl Pts',(-41.9713173137362,3.74025337698651,62.8637202136401));
#3337=CARTESIAN_POINT('Ctrl Pts',(-41.9380356839566,3.87352087299287,63.312897953216));
#3338=CARTESIAN_POINT('Ctrl Pts',(-41.8963290202776,4.0042844011031,63.9386219937218));
#3339=CARTESIAN_POINT('Ctrl Pts',(-41.8741549777099,4.07119703245601,64.2744417994827));
#3340=CARTESIAN_POINT('Ctrl Pts',(-41.830449147492,4.19377517092753,64.9482918016946));
#3341=CARTESIAN_POINT('Ctrl Pts',(-41.7984482869585,4.2731724601334,65.4566834323652));
#3342=CARTESIAN_POINT('Ctrl Pts',(-41.7081285336452,4.4813965842704,66.9161518930292));
#3343=CARTESIAN_POINT('Ctrl Pts',(-41.6420103249685,4.59435977122884,68.0512701412373));
#3344=CARTESIAN_POINT('Ctrl Pts',(-41.4321447293086,4.91606275904749,71.6983013080984));
#3345=CARTESIAN_POINT('Ctrl Pts',(-41.2942055883304,5.07404082591208,74.2025368965914));
#3346=CARTESIAN_POINT('Ctrl Pts',(-40.9473348606288,5.72054031225235,79.595192930073));
#3347=CARTESIAN_POINT('Ctrl Pts',(-40.7386199657075,6.25856075472688,82.5137864443822));
#3348=CARTESIAN_POINT('Ctrl Pts',(-40.2262726667225,7.92556825049937,86.7938895522514));
#3349=CARTESIAN_POINT('Ctrl Pts',(-39.9645047541655,8.80955940621414,88.4862067491575));
#3350=CARTESIAN_POINT('Ctrl Pts',(-39.6046168467212,9.9216040343842,90.182958567608));
#3351=CARTESIAN_POINT('Ctrl Pts',(-39.5043341847401,10.22537311171,90.6268421081416));
#3352=CARTESIAN_POINT('Ctrl Pts',(-39.4526215200383,10.3799956827045,90.8464648314676));
#3353=CARTESIAN_POINT('Ctrl Pts',(-39.3941316975261,10.5536447224241,91.089736983285));
#3354=CARTESIAN_POINT('Ctrl Pts',(-39.3272817413713,10.7522728520371,91.3517729872939));
#3355=CARTESIAN_POINT('Ctrl Pts',(-39.1833894383274,11.1787640243077,91.8483081821211));
#3356=CARTESIAN_POINT('Ctrl Pts',(-38.8997147168434,12.0127050482926,92.6429258281255));
#3357=CARTESIAN_POINT('Ctrl Pts',(-38.6049163886731,12.8481946127125,93.1345178906002));
#3358=CARTESIAN_POINT('Ctrl Pts',(-38.3877584089934,13.4362374122189,93.3501327270021));
#3359=CARTESIAN_POINT('Ctrl Pts',(-38.3949809710343,-13.398751124362,93.4623275086595));
#3360=CARTESIAN_POINT('Ctrl Pts',(-38.8373750581238,-12.1963338227395,93.0290057377913));
#3361=CARTESIAN_POINT('Ctrl Pts',(-39.1902827797663,-11.1315010870826,92.132273642572));
#3362=CARTESIAN_POINT('Ctrl Pts',(-39.5057217614035,-10.1813761226166,90.8275101425768));
#3363=CARTESIAN_POINT('Ctrl Pts',(-39.6064407636703,-9.87581110731269,90.3834049027563));
#3364=CARTESIAN_POINT('Ctrl Pts',(-39.7974815002016,-9.27997942404066,89.4735148068755));
#3365=CARTESIAN_POINT('Ctrl Pts',(-40.1003570765255,-8.30187333623961,87.8297198848641));
#3366=CARTESIAN_POINT('Ctrl Pts',(-40.3107550805725,-7.59139097027581,86.3331636363341));
#3367=CARTESIAN_POINT('Ctrl Pts',(-40.5948746396538,-6.65961351757147,83.9426367306746));
#3368=CARTESIAN_POINT('Ctrl Pts',(-40.8589973390631,-5.84963881028442,81.098290397295));
#3369=CARTESIAN_POINT('Ctrl Pts',(-41.0597543678338,-5.40305851641598,78.169709283365));
#3370=CARTESIAN_POINT('Ctrl Pts',(-41.3114174217986,-4.92581463724312,74.213277707728));
#3371=CARTESIAN_POINT('Ctrl Pts',(-41.4499707328015,-4.76637288212227,71.7002950848651));
#3372=CARTESIAN_POINT('Ctrl Pts',(-41.657991784103,-4.4416665071009,68.0694428447397));
#3373=CARTESIAN_POINT('Ctrl Pts',(-41.7235641211768,-4.32717006947245,66.9413760690729));
#3374=CARTESIAN_POINT('Ctrl Pts',(-41.8343376341716,-4.06400397108971,65.1461019474516));
#3375=CARTESIAN_POINT('Ctrl Pts',(-41.8775716488343,-3.94340216780582,64.4737160228202));
#3376=CARTESIAN_POINT('Ctrl Pts',(-41.9519718850918,-3.69902929649475,63.3568599117731));
#3377=CARTESIAN_POINT('Ctrl Pts',(-41.9839459480047,-3.56791404994636,62.9184464113289));
#3378=CARTESIAN_POINT('Ctrl Pts',(-42.0610475725353,-3.21908822343433,61.8738343935395));
#3379=CARTESIAN_POINT('Ctrl Pts',(-42.1062914194257,-2.99158151973672,61.273037694231));
#3380=CARTESIAN_POINT('Ctrl Pts',(-42.1717370442493,-2.56958142725915,60.4460009506212));
#3381=CARTESIAN_POINT('Ctrl Pts',(-42.2023791485054,-2.34882459179916,60.070193000776));
#3382=CARTESIAN_POINT('Ctrl Pts',(-42.2364165901745,-2.0437217334015,59.6689760125454));
#3383=CARTESIAN_POINT('Ctrl Pts',(-42.2527662723392,-1.87815254512145,59.4787005858337));
#3384=CARTESIAN_POINT('Ctrl Pts',(-42.2618783743859,-1.77993841695764,59.3729640348255));
#3385=CARTESIAN_POINT('Ctrl Pts',(-42.2663467718924,-1.72967289657415,59.3211172836443));
#3386=CARTESIAN_POINT('Ctrl Pts',(-42.2695507000007,-1.69285936894012,59.2839103247457));
#3387=CARTESIAN_POINT('Ctrl Pts',(-42.2715267585249,-1.66993726489701,59.2609512547809));
#3388=CARTESIAN_POINT('Ctrl Pts',(-42.2754398491268,-1.6236682630437,59.2154187057678));
#3389=CARTESIAN_POINT('Ctrl Pts',(-42.2821840408342,-1.54161808470001,59.1366800495856));
#3390=CARTESIAN_POINT('Ctrl Pts',(-42.2896381077086,-1.44564727346661,59.0487316623478));
#3391=CARTESIAN_POINT('Ctrl Pts',(-42.295273847924,-1.36945119726763,58.980704135726));
#3392=CARTESIAN_POINT('Ctrl Pts',(-42.2975097837926,-1.33879332081503,58.9533747188716));
#3393=CARTESIAN_POINT('Ctrl Pts',(-42.2984023998393,-1.32652017706756,58.9424306173954));
#3394=CARTESIAN_POINT('Ctrl Pts',(-42.2999592448603,-1.30500608295109,58.9232609492278));
#3395=CARTESIAN_POINT('Ctrl Pts',(-42.3048305002739,-1.23730222874953,58.8625919165584));
#3396=CARTESIAN_POINT('Ctrl Pts',(-42.309159213278,-1.17538249527842,58.8067899440647));
#3397=CARTESIAN_POINT('Ctrl Pts',(-42.3148376360598,-1.09952227603485,58.7275813766466));
#3398=CARTESIAN_POINT('Ctrl Pts',(-42.3186995736929,-1.04335454021862,58.6750883778724));
#3399=CARTESIAN_POINT('Ctrl Pts',(-42.3243574121431,-0.958004393972491,
58.5961923908301));
#3400=CARTESIAN_POINT('Ctrl Pts',(-42.329661660057,-0.870603990727173,58.5221352316568));
#3401=CARTESIAN_POINT('Ctrl Pts',(-42.3346357739901,-0.780108173093606,
58.452550524723));
#3402=CARTESIAN_POINT('Ctrl Pts',(-42.3384294655786,-0.701563917852312,
58.399794299941));
#3403=CARTESIAN_POINT('Ctrl Pts',(-42.3412413564449,-0.63624635070454,58.3609074859992));
#3404=CARTESIAN_POINT('Ctrl Pts',(-42.345198913342,-0.536032583919418,58.3064387517549));
#3405=CARTESIAN_POINT('Ctrl Pts',(-42.3478957887299,-0.447975676726503,
58.2699044671064));
#3406=CARTESIAN_POINT('Ctrl Pts',(-42.35240267745,-0.253777010574611,58.2094899057614));
#3407=CARTESIAN_POINT('Ctrl Pts',(-42.3552830874921,-0.00137213920499052,
58.1723195491674));
#3408=CARTESIAN_POINT('Ctrl Pts',(-42.3523873355133,0.25439755270618,58.2098495568234));
#3409=CARTESIAN_POINT('Ctrl Pts',(-42.3428991154881,0.66343071585908,58.3363630595918));
#3410=CARTESIAN_POINT('Ctrl Pts',(-42.32873418332,0.904486217638339,58.5388389439811));
#3411=CARTESIAN_POINT('Ctrl Pts',(-42.3110366156289,1.15159942048505,58.7799083988028));
#3412=CARTESIAN_POINT('Ctrl Pts',(-42.30748922298,1.20023042508247,58.8277652555734));
#3413=CARTESIAN_POINT('Ctrl Pts',(-42.3005374166989,1.29837268070119,58.9161934397361));
#3414=CARTESIAN_POINT('Ctrl Pts',(-42.2933777999265,1.39667603950883,59.0034054578291));
#3415=CARTESIAN_POINT('Ctrl Pts',(-42.2859901578413,1.49337712754191,59.0911985523823));
#3416=CARTESIAN_POINT('Ctrl Pts',(-42.2803199577142,1.56497853974513,59.1578719750506));
#3417=CARTESIAN_POINT('Ctrl Pts',(-42.2754939215602,1.62369705134571,59.2142185076158));
#3418=CARTESIAN_POINT('Ctrl Pts',(-42.2715726820869,1.67005882288722,59.2598424259327));
#3419=CARTESIAN_POINT('Ctrl Pts',(-42.2695933589111,1.69301447564463,59.2828476007134));
#3420=CARTESIAN_POINT('Ctrl Pts',(-42.2330704835215,2.11284983074402,59.706438339268));
#3421=CARTESIAN_POINT('Ctrl Pts',(-42.192078739173,2.43897991504471,60.188723900827));
#3422=CARTESIAN_POINT('Ctrl Pts',(-42.1065435745739,2.9901445645731,61.2706087597108));
#3423=CARTESIAN_POINT('Ctrl Pts',(-42.0611970105018,3.21838046771105,61.8722096665601));
#3424=CARTESIAN_POINT('Ctrl Pts',(-41.9839008549162,3.56815797145246,62.9193472639167));
#3425=CARTESIAN_POINT('Ctrl Pts',(-41.9516020562643,3.70000778849681,63.3629786542233));
#3426=CARTESIAN_POINT('Ctrl Pts',(-41.9109440475565,3.83396345847568,63.97284996512));
#3427=CARTESIAN_POINT('Ctrl Pts',(-41.8888257682227,3.90377082013919,64.3080182566867));
#3428=CARTESIAN_POINT('Ctrl Pts',(-41.8454930463716,4.03091898907975,64.9758832466264));
#3429=CARTESIAN_POINT('Ctrl Pts',(-41.8136598992647,4.11290411152028,65.482088398146));
#3430=CARTESIAN_POINT('Ctrl Pts',(-41.7239037104016,4.32705788705611,66.9344378168291));
#3431=CARTESIAN_POINT('Ctrl Pts',(-41.6581499283215,4.44145388937557,68.0671956098685));
#3432=CARTESIAN_POINT('Ctrl Pts',(-41.4492808502098,4.7671900715762,71.7098912229364));
#3433=CARTESIAN_POINT('Ctrl Pts',(-41.3116892203386,4.92652874643434,74.2161738117235));
#3434=CARTESIAN_POINT('Ctrl Pts',(-40.9661337557429,5.57717029482567,79.6205581587197));
#3435=CARTESIAN_POINT('Ctrl Pts',(-40.7584066885623,6.1187481138733,82.5513800684228));
#3436=CARTESIAN_POINT('Ctrl Pts',(-40.248423773468,7.79673231788365,86.8597354256583));
#3437=CARTESIAN_POINT('Ctrl Pts',(-39.9880354991289,8.68554522926391,88.5633753361711));
#3438=CARTESIAN_POINT('Ctrl Pts',(-39.629903585519,9.80277106464518,90.270517687514));
#3439=CARTESIAN_POINT('Ctrl Pts',(-39.5300902248676,10.10795875499,90.7170952661224));
#3440=CARTESIAN_POINT('Ctrl Pts',(-39.4786074922233,10.2633141572949,90.9380422956409));
#3441=CARTESIAN_POINT('Ctrl Pts',(-39.4203402659657,10.4379116575836,91.1827957094289));
#3442=CARTESIAN_POINT('Ctrl Pts',(-39.3517772936078,10.6448004406136,91.4473421186981));
#3443=CARTESIAN_POINT('Ctrl Pts',(-39.2054195732118,11.0837312794971,91.9481856341179));
#3444=CARTESIAN_POINT('Ctrl Pts',(-38.916372730102,11.9419599527711,92.7499684645737));
#3445=CARTESIAN_POINT('Ctrl Pts',(-38.6162710461278,12.7972896158683,93.2455754995036));
#3446=CARTESIAN_POINT('Ctrl Pts',(-38.3949809710338,13.398751124364,93.4623275086595));
#3447=CARTESIAN_POINT('Ctrl Pts',(-38.4496114912163,-13.3378611517624,93.6887816687911));
#3448=CARTESIAN_POINT('Ctrl Pts',(-38.9137048421953,-12.082230530745,93.2511454766072));
#3449=CARTESIAN_POINT('Ctrl Pts',(-39.2853769889125,-10.9663722744427,92.3379691644875));
#3450=CARTESIAN_POINT('Ctrl Pts',(-39.6285935091602,-9.95866072986099,91.0118953890273));
#3451=CARTESIAN_POINT('Ctrl Pts',(-39.724411647706,-9.6548608021906,90.5630737947717));
#3452=CARTESIAN_POINT('Ctrl Pts',(-39.9140029934448,-9.05040412905475,89.6418183750947));
#3453=CARTESIAN_POINT('Ctrl Pts',(-40.2103508359688,-8.06377504787485,87.9775717710752));
#3454=CARTESIAN_POINT('Ctrl Pts',(-40.4186405948392,-7.34264007839377,86.4609436746759));
#3455=CARTESIAN_POINT('Ctrl Pts',(-40.6993961221608,-6.39781183409821,84.0392132217021));
#3456=CARTESIAN_POINT('Ctrl Pts',(-40.9619143209251,-5.5757911817845,81.164176095482));
#3457=CARTESIAN_POINT('Ctrl Pts',(-41.1622073109447,-5.12319290985783,78.2174535287245));
#3458=CARTESIAN_POINT('Ctrl Pts',(-41.413689519805,-4.63923362447339,74.2436291354091));
#3459=CARTESIAN_POINT('Ctrl Pts',(-41.552796699047,-4.47667520273566,71.7270895858132));
#3460=CARTESIAN_POINT('Ctrl Pts',(-41.7627267628173,-4.14419913902572,68.1053928141214));
#3461=CARTESIAN_POINT('Ctrl Pts',(-41.8298815914038,-4.02545401501827,66.9833613606989));
#3462=CARTESIAN_POINT('Ctrl Pts',(-41.9463006908773,-3.7506538236289,65.2064559373204));
#3463=CARTESIAN_POINT('Ctrl Pts',(-41.9949255132028,-3.62054463443537,64.5431362887269));
#3464=CARTESIAN_POINT('Ctrl Pts',(-42.079874451056,-3.3599263687428,63.4495610153701));
#3465=CARTESIAN_POINT('Ctrl Pts',(-42.110131169224,-3.23323040622748,63.0339566613068));
#3466=CARTESIAN_POINT('Ctrl Pts',(-42.1745257335525,-2.90297641391997,62.0068831578948));
#3467=CARTESIAN_POINT('Ctrl Pts',(-42.2024098209716,-2.70057963112317,61.4134137864892));
#3468=CARTESIAN_POINT('Ctrl Pts',(-42.2386432244487,-2.33683907237839,60.5958555157121));
#3469=CARTESIAN_POINT('Ctrl Pts',(-42.2550122608115,-2.14747446600603,60.2221472128883));
#3470=CARTESIAN_POINT('Ctrl Pts',(-42.2748487268641,-1.87996479235859,59.8182297287276));
#3471=CARTESIAN_POINT('Ctrl Pts',(-42.2848359832478,-1.7327094690874,59.6248872368825));
#3472=CARTESIAN_POINT('Ctrl Pts',(-42.2904994310564,-1.64475893695303,59.5166927984548));
#3473=CARTESIAN_POINT('Ctrl Pts',(-42.2933049515745,-1.59954295207056,59.4633625993372));
#3474=CARTESIAN_POINT('Ctrl Pts',(-42.2953223515532,-1.56635402052714,59.4249576223711));
#3475=CARTESIAN_POINT('Ctrl Pts',(-42.2965675886727,-1.54566897406073,59.4012185470566));
#3476=CARTESIAN_POINT('Ctrl Pts',(-42.2990361214634,-1.50383696043608,59.3539716802233));
#3477=CARTESIAN_POINT('Ctrl Pts',(-42.3032929370376,-1.42944809574037,59.2717797236422));
#3478=CARTESIAN_POINT('Ctrl Pts',(-42.3079794444974,-1.34196861711237,59.1786874451264));
#3479=CARTESIAN_POINT('Ctrl Pts',(-42.3114590423429,-1.27211859832112,59.105044657485));
#3480=CARTESIAN_POINT('Ctrl Pts',(-42.3128239718227,-1.24394545879062,59.0751027804772));
#3481=CARTESIAN_POINT('Ctrl Pts',(-42.3133675597231,-1.23266027181029,59.0630775328488));
#3482=CARTESIAN_POINT('Ctrl Pts',(-42.3143118687429,-1.21286362225211,59.0419397892105));
#3483=CARTESIAN_POINT('Ctrl Pts',(-42.3172471022155,-1.15043065590878,58.9743487106107));
#3484=CARTESIAN_POINT('Ctrl Pts',(-42.3197624584456,-1.09305811222287,58.9106179750452));
#3485=CARTESIAN_POINT('Ctrl Pts',(-42.3230372606178,-1.0215114080054,58.8135950828815));
#3486=CARTESIAN_POINT('Ctrl Pts',(-42.3262460583782,-0.969090738361698,
58.7607974691264));
#3487=CARTESIAN_POINT('Ctrl Pts',(-42.3306445124473,-0.889550968990931,
58.6778294022519));
#3488=CARTESIAN_POINT('Ctrl Pts',(-42.3350004976044,-0.808529176767697,
58.6031970087211));
#3489=CARTESIAN_POINT('Ctrl Pts',(-42.3390581254136,-0.724855315183769,
58.5330741542514));
#3490=CARTESIAN_POINT('Ctrl Pts',(-42.3422060911654,-0.652353891149559,
58.4807182621867));
#3491=CARTESIAN_POINT('Ctrl Pts',(-42.3445409871741,-0.592045603885746,
58.4421535310343));
#3492=CARTESIAN_POINT('Ctrl Pts',(-42.3478433154489,-0.499485416736162,
58.3883151420875));
#3493=CARTESIAN_POINT('Ctrl Pts',(-42.350128502798,-0.417959694752121,58.3525134121916));
#3494=CARTESIAN_POINT('Ctrl Pts',(-42.3539615931731,-0.237733872966159,
58.293188860078));
#3495=CARTESIAN_POINT('Ctrl Pts',(-42.3565066262913,-0.00118743061457267,
58.2570767963544));
#3496=CARTESIAN_POINT('Ctrl Pts',(-42.3539586601155,0.238534277730302,58.2937676200767));
#3497=CARTESIAN_POINT('Ctrl Pts',(-42.3459903401257,0.618071348820547,58.4190982524531));
#3498=CARTESIAN_POINT('Ctrl Pts',(-42.3337340812751,0.838909232306776,58.6140602167903));
#3499=CARTESIAN_POINT('Ctrl Pts',(-42.3205281772975,1.07050107126834,58.8740224990445));
#3500=CARTESIAN_POINT('Ctrl Pts',(-42.3186653851551,1.11599348894654,58.9327430842817));
#3501=CARTESIAN_POINT('Ctrl Pts',(-42.3144622643985,1.20679765206615,59.0320425096382));
#3502=CARTESIAN_POINT('Ctrl Pts',(-42.3101433960546,1.29710335960488,59.1279906319256));
#3503=CARTESIAN_POINT('Ctrl Pts',(-42.3055117125276,1.38541779397179,59.2214766325646));
#3504=CARTESIAN_POINT('Ctrl Pts',(-42.3019521826634,1.45057494972491,59.2918464913107));
#3505=CARTESIAN_POINT('Ctrl Pts',(-42.2989052848753,1.50381140084384,59.3506610944385));
#3506=CARTESIAN_POINT('Ctrl Pts',(-42.2964316514276,1.5457291824551,59.3980219784443));
#3507=CARTESIAN_POINT('Ctrl Pts',(-42.2951870749638,1.56644337264883,59.4218133854305));
#3508=CARTESIAN_POINT('Ctrl Pts',(-42.2720200855129,1.94503876295383,59.8589752409632));
#3509=CARTESIAN_POINT('Ctrl Pts',(-42.2496106668517,2.22432917836613,60.3403736452185));
#3510=CARTESIAN_POINT('Ctrl Pts',(-42.2025665418023,2.69932388251766,61.4110437494956));
#3511=CARTESIAN_POINT('Ctrl Pts',(-42.1745115906488,2.90268860863211,62.0075889230462));
#3512=CARTESIAN_POINT('Ctrl Pts',(-42.11009956029,3.23344474589827,63.0351628167315));
#3513=CARTESIAN_POINT('Ctrl Pts',(-42.079153100348,3.36274832445063,63.4677043784753));
#3514=CARTESIAN_POINT('Ctrl Pts',(-42.0332691296908,3.50260746515229,64.0456013631069));
#3515=CARTESIAN_POINT('Ctrl Pts',(-42.007990081621,3.57799883673671,64.3793241039796));
#3516=CARTESIAN_POINT('Ctrl Pts',(-41.9593358665355,3.7138846552466,65.0349688685151));
#3517=CARTESIAN_POINT('Ctrl Pts',(-41.9249149200781,3.80087902856183,65.5366742842703));
#3518=CARTESIAN_POINT('Ctrl Pts',(-41.8293257313987,4.02652370004659,66.9744890070146));
#3519=CARTESIAN_POINT('Ctrl Pts',(-41.7629273055587,4.14382889244185,68.1024674683719));
#3520=CARTESIAN_POINT('Ctrl Pts',(-41.5519373540848,4.47773901299628,71.7363311628466));
#3521=CARTESIAN_POINT('Ctrl Pts',(-41.4139703488487,4.63993742562067,74.2466693113438));
#3522=CARTESIAN_POINT('Ctrl Pts',(-41.0687156398302,5.29967639610933,79.6744294571353));
#3523=CARTESIAN_POINT('Ctrl Pts',(-40.861274865683,5.84896568366745,82.6296413219458));
#3524=CARTESIAN_POINT('Ctrl Pts',(-40.3564603360667,7.55173027532961,86.9945436865991));
#3525=CARTESIAN_POINT('Ctrl Pts',(-40.1000398733366,8.45189497864801,88.7209023694917));
#3526=CARTESIAN_POINT('Ctrl Pts',(-39.7469377764199,9.58189110953599,90.4489135456029));
#3527=CARTESIAN_POINT('Ctrl Pts',(-39.6484476926633,9.8905794431201,90.900901938773));
#3528=CARTESIAN_POINT('Ctrl Pts',(-39.5976099714586,10.0477399373459,91.1245084394556));
#3529=CARTESIAN_POINT('Ctrl Pts',(-39.5399050822061,10.2245931487818,91.3722323895033));
#3530=CARTESIAN_POINT('Ctrl Pts',(-39.46330061246,10.4470855078123,91.6415854477701));
#3531=CARTESIAN_POINT('Ctrl Pts',(-39.306386731558,10.9100055949225,92.1507850251611));
#3532=CARTESIAN_POINT('Ctrl Pts',(-38.9970955371664,11.8152543074007,92.9664574531506));
#3533=CARTESIAN_POINT('Ctrl Pts',(-38.681755761417,12.709781793283,93.469871541693));
#3534=CARTESIAN_POINT('Ctrl Pts',(-38.4496114912158,13.3378611517643,93.688781668791));
#3535=CARTESIAN_POINT('Ctrl Pts',(-38.5775964623464,-13.3126416964838,93.8911610041485));
#3536=CARTESIAN_POINT('Ctrl Pts',(-39.0700677788887,-12.0120825193733,93.4470225049056));
#3537=CARTESIAN_POINT('Ctrl Pts',(-39.4714263260981,-10.8564580035921,92.5153505033489));
#3538=CARTESIAN_POINT('Ctrl Pts',(-39.8638564682055,-9.81783442042336,91.1652327618588));
#3539=CARTESIAN_POINT('Ctrl Pts',(-39.9519927443933,-9.51156597257936,90.713709187474));
#3540=CARTESIAN_POINT('Ctrl Pts',(-40.1403474672937,-8.89781347751034,89.7834373479121));
#3541=CARTESIAN_POINT('Ctrl Pts',(-40.4275068028268,-7.89787035033182,88.1037970014618));
#3542=CARTESIAN_POINT('Ctrl Pts',(-40.6336211257186,-7.1652982162623,86.5709248027005));
#3543=CARTESIAN_POINT('Ctrl Pts',(-40.9108146613949,-6.2059920936774,84.1240233906057));
#3544=CARTESIAN_POINT('Ctrl Pts',(-41.1736356593052,-5.37236778490942,81.2238468230479));
#3545=CARTESIAN_POINT('Ctrl Pts',(-41.3756867019822,-4.91463736885269,78.2623743270734));
#3546=CARTESIAN_POINT('Ctrl Pts',(-41.6300118982573,-4.42539030373268,74.2744244580632));
#3547=CARTESIAN_POINT('Ctrl Pts',(-41.7717839919028,-4.26108310103827,71.7550913006007));
#3548=CARTESIAN_POINT('Ctrl Pts',(-41.9899754497793,-3.9253907820091,68.1405753746452));
#3549=CARTESIAN_POINT('Ctrl Pts',(-42.062254080218,-3.80520741363789,67.0233464064573));
#3550=CARTESIAN_POINT('Ctrl Pts',(-42.1951952914338,-3.5280343168675,65.2601747327057));
#3551=CARTESIAN_POINT('Ctrl Pts',(-42.257452510604,-3.39619691626527,64.603436470385));
#3552=CARTESIAN_POINT('Ctrl Pts',(-42.3694543396399,-3.1354994299309,63.5253301951639));
#3553=CARTESIAN_POINT('Ctrl Pts',(-42.3999572557329,-3.01222245996795,63.1256562497703));
#3554=CARTESIAN_POINT('Ctrl Pts',(-42.4433256589774,-2.68597774642753,62.1130232066651));
#3555=CARTESIAN_POINT('Ctrl Pts',(-42.4372140849266,-2.48714216499483,61.5285257058726));
#3556=CARTESIAN_POINT('Ctrl Pts',(-42.4111767780228,-2.15084481660566,60.7256259186957));
#3557=CARTESIAN_POINT('Ctrl Pts',(-42.3959377426955,-1.97902932824131,60.3573862466055));
#3558=CARTESIAN_POINT('Ctrl Pts',(-42.3829039632539,-1.73754446124696,59.9547866220217));
#3559=CARTESIAN_POINT('Ctrl Pts',(-42.3777566611267,-1.60388734609291,59.7603278064526));
#3560=CARTESIAN_POINT('Ctrl Pts',(-42.375068341728,-1.52379057425984,59.6507850425854));
#3561=CARTESIAN_POINT('Ctrl Pts',(-42.3737883889936,-1.48250612375517,59.5965242926193));
#3562=CARTESIAN_POINT('Ctrl Pts',(-42.3728670194109,-1.45216198004684,59.5573230344654));
#3563=CARTESIAN_POINT('Ctrl Pts',(-42.3722946864848,-1.43323852356288,59.5330537761767));
#3564=CARTESIAN_POINT('Ctrl Pts',(-42.3711390626188,-1.39492251953948,59.4845958946224));
#3565=CARTESIAN_POINT('Ctrl Pts',(-42.369063797951,-1.32665820775967,59.3998426101935));
#3566=CARTESIAN_POINT('Ctrl Pts',(-42.3664719198827,-1.24607384155442,59.3026573845688));
#3567=CARTESIAN_POINT('Ctrl Pts',(-42.3640189423283,-1.18142405978303,59.2242658571553));
#3568=CARTESIAN_POINT('Ctrl Pts',(-42.3629363958434,-1.15528946250732,59.1920690195626));
#3569=CARTESIAN_POINT('Ctrl Pts',(-42.3624942703429,-1.14481484214065,59.1791065645596));
#3570=CARTESIAN_POINT('Ctrl Pts',(-42.3616970972449,-1.12642797115682,59.1562549223444));
#3571=CARTESIAN_POINT('Ctrl Pts',(-42.3590298240309,-1.06831491261763,59.0825568291127));
#3572=CARTESIAN_POINT('Ctrl Pts',(-42.3560528222859,-1.01467094920632,59.0116869895304));
#3573=CARTESIAN_POINT('Ctrl Pts',(-42.3511976594116,-0.946395920937544,
58.8979581156736));
#3574=CARTESIAN_POINT('Ctrl Pts',(-42.3528622627063,-0.897453066508334,
58.8449309240741));
#3575=CARTESIAN_POINT('Ctrl Pts',(-42.3537600092904,-0.82322011848653,58.7581945261256));
#3576=CARTESIAN_POINT('Ctrl Pts',(-42.3558242014516,-0.748223241338906,
58.6830982729551));
#3577=CARTESIAN_POINT('Ctrl Pts',(-42.357654443429,-0.671035503113639,58.6125536757617));
#3578=CARTESIAN_POINT('Ctrl Pts',(-42.3593386615526,-0.6043455726187,58.5606501681821));
#3579=CARTESIAN_POINT('Ctrl Pts',(-42.360596837094,-0.548873683129055,58.522448049325));
#3580=CARTESIAN_POINT('Ctrl Pts',(-42.3624475586739,-0.463725868769058,
58.4692898393842));
#3581=CARTESIAN_POINT('Ctrl Pts',(-42.3638700591019,-0.388560964154679,
58.4342406476486));
#3582=CARTESIAN_POINT('Ctrl Pts',(-42.3662871028293,-0.221980485886485,
58.3760455628962));
#3583=CARTESIAN_POINT('Ctrl Pts',(-42.3682229310494,-0.000967280729480277,
58.3409895910032));
#3584=CARTESIAN_POINT('Ctrl Pts',(-42.3663439077613,0.223023649523424,58.3768332574434));
#3585=CARTESIAN_POINT('Ctrl Pts',(-42.3617569850277,0.573791168949317,58.5008154676735));
#3586=CARTESIAN_POINT('Ctrl Pts',(-42.3529892537179,0.774890767501936,58.6884731022913));
#3587=CARTESIAN_POINT('Ctrl Pts',(-42.352869418553,0.992891809578098,58.9659376486696));
#3588=CARTESIAN_POINT('Ctrl Pts',(-42.3565432147474,1.03598341132339,59.0347254744475));
#3589=CARTESIAN_POINT('Ctrl Pts',(-42.360455798516,1.12073600579229,59.1437337412663));
#3590=CARTESIAN_POINT('Ctrl Pts',(-42.3641563410808,1.20450030148555,59.2472337743436));
#3591=CARTESIAN_POINT('Ctrl Pts',(-42.3668628469332,1.28597476202408,59.3453491886566));
#3592=CARTESIAN_POINT('Ctrl Pts',(-42.3688055139643,1.34592972511282,59.418625911548));
#3593=CARTESIAN_POINT('Ctrl Pts',(-42.3702869638521,1.39478344116933,59.4792699487232));
#3594=CARTESIAN_POINT('Ctrl Pts',(-42.3714475747758,1.43317866426591,59.5278627180715));
#3595=CARTESIAN_POINT('Ctrl Pts',(-42.3720293194984,1.45213019870155,59.5521891064989));
#3596=CARTESIAN_POINT('Ctrl Pts',(-42.3820176413328,1.79819883239869,59.9983885667949));
#3597=CARTESIAN_POINT('Ctrl Pts',(-42.4021234906021,2.04672371089993,60.4735308903674));
#3598=CARTESIAN_POINT('Ctrl Pts',(-42.4372388470634,2.48612674000041,61.5260387862919));
#3599=CARTESIAN_POINT('Ctrl Pts',(-42.4432302723241,2.68607843608242,62.1153146830154));
#3600=CARTESIAN_POINT('Ctrl Pts',(-42.4000124086126,3.01250518348008,63.1270151654971));
#3601=CARTESIAN_POINT('Ctrl Pts',(-42.3691306469184,3.14012729864855,63.5521564294963));
#3602=CARTESIAN_POINT('Ctrl Pts',(-42.3078059689484,3.27716047287872,64.1076434983803));
#3603=CARTESIAN_POINT('Ctrl Pts',(-42.2749589385557,3.35352339012578,64.4406367632715));
#3604=CARTESIAN_POINT('Ctrl Pts',(-42.2125201428846,3.49016495736676,65.0877186058654));
#3605=CARTESIAN_POINT('Ctrl Pts',(-42.1712901347721,3.57827340789194,65.586097488184));
#3606=CARTESIAN_POINT('Ctrl Pts',(-42.0596386917566,3.80633597389837,67.0130680154441));
#3607=CARTESIAN_POINT('Ctrl Pts',(-41.9902174328532,3.92491331429893,68.1371505947082));
#3608=CARTESIAN_POINT('Ctrl Pts',(-41.7705310999371,4.26217676261478,71.7640675090666));
#3609=CARTESIAN_POINT('Ctrl Pts',(-41.6303025412448,4.42609025571596,74.2775932839265));
#3610=CARTESIAN_POINT('Ctrl Pts',(-41.2813230626568,5.09306515202305,79.7242881185936));
#3611=CARTESIAN_POINT('Ctrl Pts',(-41.071223462318,5.6486627068987,82.6995766294073));
#3612=CARTESIAN_POINT('Ctrl Pts',(-40.571198689779,7.37788640057522,87.1103480413963));
#3613=CARTESIAN_POINT('Ctrl Pts',(-40.3199214637998,8.29170084497921,88.8547186603557));
#3614=CARTESIAN_POINT('Ctrl Pts',(-39.973060075682,9.4378534228807,90.5987217534658));
#3615=CARTESIAN_POINT('Ctrl Pts',(-39.8761835059509,9.7509533167763,91.0548369890576));
#3616=CARTESIAN_POINT('Ctrl Pts',(-39.8261135294182,9.91036271743288,91.2804677835745));
#3617=CARTESIAN_POINT('Ctrl Pts',(-39.7689976906061,10.0898274809397,91.5304865681018));
#3618=CARTESIAN_POINT('Ctrl Pts',(-39.6784282456868,10.3204895900335,91.8057025933147));
#3619=CARTESIAN_POINT('Ctrl Pts',(-39.5034730127484,10.7985355253185,92.3243153881302));
#3620=CARTESIAN_POINT('Ctrl Pts',(-39.1611372365225,11.7359136290506,93.1561956419043));
#3621=CARTESIAN_POINT('Ctrl Pts',(-38.8239356829629,12.6620886118817,93.6689983561435));
#3622=CARTESIAN_POINT('Ctrl Pts',(-38.5775964623459,13.3126416964857,93.8911610041484));
#3623=CARTESIAN_POINT('Ctrl Pts',(-38.6559826095983,-13.3097605602741,93.9799999999998));
#3624=CARTESIAN_POINT('Ctrl Pts',(-39.1630067028572,-11.9903422687114,93.5315270164039));
#3625=CARTESIAN_POINT('Ctrl Pts',(-39.5802065083515,-10.8193856193584,92.5896320302858));
#3626=CARTESIAN_POINT('Ctrl Pts',(-39.9976296984134,-9.77531819317912,91.226155582097));
#3627=CARTESIAN_POINT('Ctrl Pts',(-40.0819970390696,-9.46659121531107,90.7742182808915));
#3628=CARTESIAN_POINT('Ctrl Pts',(-40.2698962127795,-8.84843516240261,89.8405158400044));
#3629=CARTESIAN_POINT('Ctrl Pts',(-40.55268015426,-7.84093864177162,88.1555094321453));
#3630=CARTESIAN_POINT('Ctrl Pts',(-40.7578591130488,-7.10291245759015,86.616264840287));
#3631=CARTESIAN_POINT('Ctrl Pts',(-41.0335112511203,-6.13657747270459,84.1595311016775));
#3632=CARTESIAN_POINT('Ctrl Pts',(-41.2968482985247,-5.29790803746559,81.2492988432918));
#3633=CARTESIAN_POINT('Ctrl Pts',(-41.5000838017485,-4.83824609012312,78.2819807316618));
#3634=CARTESIAN_POINT('Ctrl Pts',(-41.7562089122066,-4.34721672911431,74.2884169833571));
#3635=CARTESIAN_POINT('Ctrl Pts',(-41.8995171136205,-4.18263102481364,71.7680155457108));
#3636=CARTESIAN_POINT('Ctrl Pts',(-42.1223969091027,-3.84723119304034,68.1561320068178));
#3637=CARTESIAN_POINT('Ctrl Pts',(-42.197520454867,-3.72744050266963,67.0407120336599));
#3638=CARTESIAN_POINT('Ctrl Pts',(-42.3393550373812,-3.45270009817442,65.2822064525101));
#3639=CARTESIAN_POINT('Ctrl Pts',(-42.4087883043986,-3.32299830604453,64.6275445571905));
#3640=CARTESIAN_POINT('Ctrl Pts',(-42.5345275964369,-3.06833909430732,63.5535643709132));
#3641=CARTESIAN_POINT('Ctrl Pts',(-42.5654680654403,-2.94641827137186,63.1588541503036));
#3642=CARTESIAN_POINT('Ctrl Pts',(-42.5990886754652,-2.61709499438053,62.152141357728));
#3643=CARTESIAN_POINT('Ctrl Pts',(-42.576475476454,-2.41223499176238,61.5729046851394));
#3644=CARTESIAN_POINT('Ctrl Pts',(-42.5167970615018,-2.0775110479009,60.7798958123043));
#3645=CARTESIAN_POINT('Ctrl Pts',(-42.483852765377,-1.90885963934531,60.416064836511));
#3646=CARTESIAN_POINT('Ctrl Pts',(-42.4515080724753,-1.67551820740816,60.0161852820558));
#3647=CARTESIAN_POINT('Ctrl Pts',(-42.4372972601444,-1.5466605960663,59.8221784010982));
#3648=CARTESIAN_POINT('Ctrl Pts',(-42.4295509144212,-1.46945927435488,59.7125404026277));
#3649=CARTESIAN_POINT('Ctrl Pts',(-42.4257803740255,-1.429661755917,59.658103524463));
#3650=CARTESIAN_POINT('Ctrl Pts',(-42.4230601722399,-1.40040468488809,59.6187148816826));
#3651=CARTESIAN_POINT('Ctrl Pts',(-42.4213733524833,-1.38215736979641,59.5943117109988));
#3652=CARTESIAN_POINT('Ctrl Pts',(-42.417987973171,-1.3452025253354,59.5455129700347));
#3653=CARTESIAN_POINT('Ctrl Pts',(-42.4119970523283,-1.27933806881996,59.4599488242433));
#3654=CARTESIAN_POINT('Ctrl Pts',(-42.4048569671159,-1.20151264552816,59.3612728732337));
#3655=CARTESIAN_POINT('Ctrl Pts',(-42.3986492271651,-1.1389672779857,59.2809685514993));
#3656=CARTESIAN_POINT('Ctrl Pts',(-42.3960084333797,-1.11365784958666,59.24783562271));
#3657=CARTESIAN_POINT('Ctrl Pts',(-42.3949379051417,-1.10351127457481,59.2344816999954));
#3658=CARTESIAN_POINT('Ctrl Pts',(-42.3930287476986,-1.08569538458113,59.2109094359794));
#3659=CARTESIAN_POINT('Ctrl Pts',(-42.3867695932351,-1.02932808242131,59.134596154682));
#3660=CARTESIAN_POINT('Ctrl Pts',(-42.380237087855,-0.977195539522016,59.0605834195049));
#3661=CARTESIAN_POINT('Ctrl Pts',(-42.3700122896649,-0.910101536768989,
58.9391117899966));
#3662=CARTESIAN_POINT('Ctrl Pts',(-42.370702244599,-0.862779929918431,58.8860167259334));
#3663=CARTESIAN_POINT('Ctrl Pts',(-42.3693345193269,-0.790979205388471,
58.7975712170315));
#3664=CARTESIAN_POINT('Ctrl Pts',(-42.3699406773883,-0.718837890010658,
58.7223134199303));
#3665=CARTESIAN_POINT('Ctrl Pts',(-42.3703523545668,-0.644744913554821,
58.6516301695577));
#3666=CARTESIAN_POINT('Ctrl Pts',(-42.3711131042849,-0.580858365664328,
58.5999878021063));
#3667=CARTESIAN_POINT('Ctrl Pts',(-42.371691815268,-0.527727350967137,58.5619939145));
#3668=CARTESIAN_POINT('Ctrl Pts',(-42.372628851826,-0.446177647119939,58.509209610961));
#3669=CARTESIAN_POINT('Ctrl Pts',(-42.3735138589175,-0.374121028714307,
58.4745514593048));
#3670=CARTESIAN_POINT('Ctrl Pts',(-42.3750470666259,-0.214219493523418,
58.4169490345728));
#3671=CARTESIAN_POINT('Ctrl Pts',(-42.3766125202587,-0.000833865148649002,
58.3824231726586));
#3672=CARTESIAN_POINT('Ctrl Pts',(-42.3751445996091,0.215429209272517,58.4178358408935));
#3673=CARTESIAN_POINT('Ctrl Pts',(-42.372683832414,0.552127318637053,58.5410419062723));
#3674=CARTESIAN_POINT('Ctrl Pts',(-42.3660484283158,0.743556965334182,58.7251345364647));
#3675=CARTESIAN_POINT('Ctrl Pts',(-42.374422112991,0.955603722127381,59.0105691044336));
#3676=CARTESIAN_POINT('Ctrl Pts',(-42.3817318800263,0.997816987456098,59.0839558257469));
#3677=CARTESIAN_POINT('Ctrl Pts',(-42.3908760754182,1.08010461043838,59.1971902639536));
#3678=CARTESIAN_POINT('Ctrl Pts',(-42.3996840440591,1.16122958845943,59.3038333181657));
#3679=CARTESIAN_POINT('Ctrl Pts',(-42.4069956528454,1.2399536342464,59.4036990745654));
#3680=CARTESIAN_POINT('Ctrl Pts',(-42.4123684299132,1.29784507029809,59.4780114751427));
#3681=CARTESIAN_POINT('Ctrl Pts',(-42.4166500033623,1.34498114668796,59.539233890878));
#3682=CARTESIAN_POINT('Ctrl Pts',(-42.4200473733523,1.3820122869741,59.5881769170327));
#3683=CARTESIAN_POINT('Ctrl Pts',(-42.4217489351738,1.40028905451737,59.6126387520371));
#3684=CARTESIAN_POINT('Ctrl Pts',(-42.4520438180568,1.73381583795966,60.0609838925123));
#3685=CARTESIAN_POINT('Ctrl Pts',(-42.4968226794148,1.97365938502019,60.5303152934435));
#3686=CARTESIAN_POINT('Ctrl Pts',(-42.5763700808985,2.41130772371969,61.5702970034707));
#3687=CARTESIAN_POINT('Ctrl Pts',(-42.5989304789179,2.61732923290694,62.1549027751198));
#3688=CARTESIAN_POINT('Ctrl Pts',(-42.5655425797732,2.94674118163941,63.1602219297814));
#3689=CARTESIAN_POINT('Ctrl Pts',(-42.5344711910892,3.07377988917098,63.5832466480225));
#3690=CARTESIAN_POINT('Ctrl Pts',(-42.4651705770772,3.20619568859626,64.1318465666521));
#3691=CARTESIAN_POINT('Ctrl Pts',(-42.4284848847194,3.28127991561636,64.464839830917));
#3692=CARTESIAN_POINT('Ctrl Pts',(-42.3588833571286,3.41525483389806,65.1093692862159));
#3693=CARTESIAN_POINT('Ctrl Pts',(-42.314046569868,3.50240618037896,65.6066630881758));
#3694=CARTESIAN_POINT('Ctrl Pts',(-42.193819638914,3.72816131237842,67.0299855893253));
#3695=CARTESIAN_POINT('Ctrl Pts',(-42.1226504423272,3.84671281439725,68.1525383436004));
#3696=CARTESIAN_POINT('Ctrl Pts',(-41.8980569615768,4.18365458010007,71.7769020517292));
#3697=CARTESIAN_POINT('Ctrl Pts',(-41.7565026411679,4.3479185515187,74.2916446167066));
#3698=CARTESIAN_POINT('Ctrl Pts',(-41.4051524733301,5.01735936416779,79.7458265873122));
#3699=CARTESIAN_POINT('Ctrl Pts',(-41.1933395728661,5.5752443477931,82.7292243829397));
#3700=CARTESIAN_POINT('Ctrl Pts',(-40.6952598338689,7.31701159371606,87.158045473744));
#3701=CARTESIAN_POINT('Ctrl Pts',(-40.4463937193133,8.23778082195569,88.9092736361903));
#3702=CARTESIAN_POINT('Ctrl Pts',(-40.1023636267866,9.39230480698638,90.6590261404892));
#3703=CARTESIAN_POINT('Ctrl Pts',(-40.0062091950272,9.70767931947763,91.1166134550759));
#3704=CARTESIAN_POINT('Ctrl Pts',(-39.9564799444354,9.8682433624309,91.3429630597491));
#3705=CARTESIAN_POINT('Ctrl Pts',(-39.8996088413978,10.0489964586629,91.5938177017504));
#3706=CARTESIAN_POINT('Ctrl Pts',(-39.8019446395321,10.2810027102382,91.8724735398314));
#3707=CARTESIAN_POINT('Ctrl Pts',(-39.6176703489881,10.7631949683853,92.3963108668052));
#3708=CARTESIAN_POINT('Ctrl Pts',(-39.2581513035074,11.7108347176355,93.2374295369905));
#3709=CARTESIAN_POINT('Ctrl Pts',(-38.9096012788928,12.6497739525417,93.7556691983147));
#3710=CARTESIAN_POINT('Ctrl Pts',(-38.6559826095978,13.309760560276,93.9799999999997));
#3711=CARTESIAN_POINT('',(-38.3877584089935,13.4362374122189,93.3501327270021));
#3712=CARTESIAN_POINT('Origin',(-39.3304529986436,13.766193336678,93.3996907592274));
#3713=CARTESIAN_POINT('',(-42.3557466507734,-1.94367984980935E-7,58.1489758330154));
#3714=CARTESIAN_POINT('Ctrl Pts',(-38.3877584089934,13.4362374122189,93.3501327270021));
#3715=CARTESIAN_POINT('Ctrl Pts',(-38.6049163886731,12.8481946127125,93.1345178906002));
#3716=CARTESIAN_POINT('Ctrl Pts',(-38.8997147168434,12.0127050482926,92.6429258281255));
#3717=CARTESIAN_POINT('Ctrl Pts',(-39.1833894383274,11.1787640243077,91.8483081821211));
#3718=CARTESIAN_POINT('Ctrl Pts',(-39.3272817413713,10.7522728520371,91.3517729872939));
#3719=CARTESIAN_POINT('Ctrl Pts',(-39.3941316975261,10.5536447224241,91.089736983285));
#3720=CARTESIAN_POINT('Ctrl Pts',(-39.4526215200383,10.3799956827045,90.8464648314676));
#3721=CARTESIAN_POINT('Ctrl Pts',(-39.5043341847401,10.22537311171,90.6268421081416));
#3722=CARTESIAN_POINT('Ctrl Pts',(-39.6046168467212,9.9216040343842,90.182958567608));
#3723=CARTESIAN_POINT('Ctrl Pts',(-39.9645047541655,8.80955940621414,88.4862067491575));
#3724=CARTESIAN_POINT('Ctrl Pts',(-40.2262726667225,7.92556825049937,86.7938895522514));
#3725=CARTESIAN_POINT('Ctrl Pts',(-40.7386199657075,6.25856075472688,82.5137864443822));
#3726=CARTESIAN_POINT('Ctrl Pts',(-40.9473348606288,5.72054031225235,79.595192930073));
#3727=CARTESIAN_POINT('Ctrl Pts',(-41.2942055883304,5.07404082591208,74.2025368965914));
#3728=CARTESIAN_POINT('Ctrl Pts',(-41.4321447293086,4.91606275904749,71.6983013080984));
#3729=CARTESIAN_POINT('Ctrl Pts',(-41.6420103249685,4.59435977122884,68.0512701412373));
#3730=CARTESIAN_POINT('Ctrl Pts',(-41.7081285336452,4.4813965842704,66.9161518930292));
#3731=CARTESIAN_POINT('Ctrl Pts',(-41.7984482869585,4.2731724601334,65.4566834323652));
#3732=CARTESIAN_POINT('Ctrl Pts',(-41.830449147492,4.19377517092753,64.9482918016946));
#3733=CARTESIAN_POINT('Ctrl Pts',(-41.8741549777099,4.07119703245601,64.2744417994827));
#3734=CARTESIAN_POINT('Ctrl Pts',(-41.8963290202776,4.0042844011031,63.9386219937218));
#3735=CARTESIAN_POINT('Ctrl Pts',(-41.9380356839566,3.87352087299287,63.312897953216));
#3736=CARTESIAN_POINT('Ctrl Pts',(-41.9713173137362,3.74025337698651,62.8637202136401));
#3737=CARTESIAN_POINT('Ctrl Pts',(-42.0513862966771,3.38016775365298,61.8066201394766));
#3738=CARTESIAN_POINT('Ctrl Pts',(-42.0988725039453,3.13861922777891,61.2022056609638));
#3739=CARTESIAN_POINT('Ctrl Pts',(-42.1890778584999,2.54782714756231,60.1140697351453));
#3740=CARTESIAN_POINT('Ctrl Pts',(-42.2323541879604,2.1976837449236,59.6310264448879));
#3741=CARTESIAN_POINT('Ctrl Pts',(-42.2701114671015,1.75685778100787,59.2139750860923));
#3742=CARTESIAN_POINT('Ctrl Pts',(-42.2721551162162,1.73276061261475,59.1913494253395));
#3743=CARTESIAN_POINT('Ctrl Pts',(-42.2761975237895,1.68413667933244,59.1465668696403));
#3744=CARTESIAN_POINT('Ctrl Pts',(-42.2811609981782,1.62262891265249,59.0914204539645));
#3745=CARTESIAN_POINT('Ctrl Pts',(-42.2869658151331,1.54774975887705,59.0265536991738));
#3746=CARTESIAN_POINT('Ctrl Pts',(-42.2944983268838,1.44678532275072,58.9415512744476));
#3747=CARTESIAN_POINT('Ctrl Pts',(-42.3017053869298,1.34441565198953,58.8586449659878));
#3748=CARTESIAN_POINT('Ctrl Pts',(-42.308623074165,1.24254300881579,58.7755882981703));
#3749=CARTESIAN_POINT('Ctrl Pts',(-42.3120138266531,1.19230671886903,58.7331176982634));
#3750=CARTESIAN_POINT('Ctrl Pts',(-42.3297361309666,0.937339441755251,58.5013927160103));
#3751=CARTESIAN_POINT('Ctrl Pts',(-42.3444737991161,0.686161695747854,58.2951415783492));
#3752=CARTESIAN_POINT('Ctrl Pts',(-42.3542489630403,0.262371397587567,58.1680216583847));
#3753=CARTESIAN_POINT('Ctrl Pts',(-42.3557405491315,0.13075564547245,58.1490829613049));
#3754=CARTESIAN_POINT('Ctrl Pts',(-42.3557466507733,-1.94367984987874E-7,
58.1489758330155));
#3755=CARTESIAN_POINT('',(-38.387758408994,-13.4362374122169,93.3501327270021));
#3756=CARTESIAN_POINT('Ctrl Pts',(-42.3557466507733,-1.94367984987874E-7,
58.1489758330155));
#3757=CARTESIAN_POINT('Ctrl Pts',(-42.3557466518848,-2.40114076123232E-5,
58.1489758135021));
#3758=CARTESIAN_POINT('Ctrl Pts',(-42.3557525084485,-0.13135153801725,58.1488716618526));
#3759=CARTESIAN_POINT('Ctrl Pts',(-42.3542598453174,-0.261810395209962,
58.167764158419));
#3760=CARTESIAN_POINT('Ctrl Pts',(-42.3496048868539,-0.463010080853602,
58.2287324555859));
#3761=CARTESIAN_POINT('Ctrl Pts',(-42.3468160941651,-0.554339438944051,
58.2656383231815));
#3762=CARTESIAN_POINT('Ctrl Pts',(-42.34273461712,-0.658390873850419,58.3204316170272));
#3763=CARTESIAN_POINT('Ctrl Pts',(-42.3398376976794,-0.726220859965403,
58.3594865453416));
#3764=CARTESIAN_POINT('Ctrl Pts',(-42.3359299417923,-0.807796690151174,
58.4124525913878));
#3765=CARTESIAN_POINT('Ctrl Pts',(-42.3308329929275,-0.901718546915459,
58.4817837103659));
#3766=CARTESIAN_POINT('Ctrl Pts',(-42.3253997001546,-0.992324532805792,
58.5555691650852));
#3767=CARTESIAN_POINT('Ctrl Pts',(-42.3196886538547,-1.08060369111711,58.6324556304293));
#3768=CARTESIAN_POINT('Ctrl Pts',(-42.3157298810603,-1.1386576985539,58.6848069589167));
#3769=CARTESIAN_POINT('Ctrl Pts',(-42.3103272324621,-1.216725844758,58.7551759848875));
#3770=CARTESIAN_POINT('Ctrl Pts',(-42.3060484588114,-1.28095761431649,58.8070573510849));
#3771=CARTESIAN_POINT('Ctrl Pts',(-42.3011767933308,-1.35134177194263,58.8643093258981));
#3772=CARTESIAN_POINT('Ctrl Pts',(-42.299612672141,-1.37372900587141,58.8825085284268));
#3773=CARTESIAN_POINT('Ctrl Pts',(-42.2987144962092,-1.38650442791439,58.8929197204275));
#3774=CARTESIAN_POINT('Ctrl Pts',(-42.2964617267714,-1.41842547591919,58.9189618979525));
#3775=CARTESIAN_POINT('Ctrl Pts',(-42.2907533695978,-1.49784700616741,58.984227447181));
#3776=CARTESIAN_POINT('Ctrl Pts',(-42.2831319030183,-1.59813482144707,59.0696589709366));
#3777=CARTESIAN_POINT('Ctrl Pts',(-42.2761956479542,-1.68408311201702,59.1467184152656));
#3778=CARTESIAN_POINT('Ctrl Pts',(-42.2721610018123,-1.73261070246531,59.191420846552));
#3779=CARTESIAN_POINT('Ctrl Pts',(-42.2701203749816,-1.75667188795169,59.2140034449246));
#3780=CARTESIAN_POINT('Ctrl Pts',(-42.2668091641356,-1.79533127007765,59.2506332507907));
#3781=CARTESIAN_POINT('Ctrl Pts',(-42.2621830542965,-1.84816901897961,59.3017686069187));
#3782=CARTESIAN_POINT('Ctrl Pts',(-42.2527257049734,-1.95161618593666,59.4063381016009));
#3783=CARTESIAN_POINT('Ctrl Pts',(-42.2356910657169,-2.12653449309071,59.5951920604762));
#3784=CARTESIAN_POINT('Ctrl Pts',(-42.2000374191656,-2.450891880091,59.9953034397115));
#3785=CARTESIAN_POINT('Ctrl Pts',(-42.1676925881607,-2.68786149348108,60.3724025027049));
#3786=CARTESIAN_POINT('Ctrl Pts',(-42.0986391860211,-3.14015656552012,61.2046659707087));
#3787=CARTESIAN_POINT('Ctrl Pts',(-42.051178758624,-3.38109103918402,61.8094126654725));
#3788=CARTESIAN_POINT('Ctrl Pts',(-41.9713727526165,-3.73999669648319,62.8629725761253));
#3789=CARTESIAN_POINT('Ctrl Pts',(-41.9380485586783,-3.87344853933019,63.3127939582423));
#3790=CARTESIAN_POINT('Ctrl Pts',(-41.8628322149191,-4.10931567093077,64.4410428002837));
#3791=CARTESIAN_POINT('Ctrl Pts',(-41.819398240889,-4.22495939465206,65.1178357536297));
#3792=CARTESIAN_POINT('Ctrl Pts',(-41.7077786731441,-4.48215161032315,66.9221413335785));
#3793=CARTESIAN_POINT('Ctrl Pts',(-41.6418802340721,-4.59449523475381,68.0531777596688));
#3794=CARTESIAN_POINT('Ctrl Pts',(-41.4328330150963,-4.91537714410686,71.6885314427373));
#3795=CARTESIAN_POINT('Ctrl Pts',(-41.2939372900566,-5.07332363565897,74.1997126175139));
#3796=CARTESIAN_POINT('Ctrl Pts',(-41.0413072865481,-5.54749760228661,78.1474179208194));
#3797=CARTESIAN_POINT('Ctrl Pts',(-40.8397026535457,-5.99136013586745,81.0669050717484));
#3798=CARTESIAN_POINT('Ctrl Pts',(-40.5743090214377,-6.79588789723065,83.8958907645266));
#3799=CARTESIAN_POINT('Ctrl Pts',(-40.2887869865429,-7.72196434792914,86.2708361380939));
#3800=CARTESIAN_POINT('Ctrl Pts',(-40.0774828796788,-8.42771915937002,87.7573690491074));
#3801=CARTESIAN_POINT('Ctrl Pts',(-39.7726050924536,-9.40273880493228,89.3910048839801));
#3802=CARTESIAN_POINT('Ctrl Pts',(-39.580893999191,-9.99480351627955,90.295219478245));
#3803=CARTESIAN_POINT('Ctrl Pts',(-39.4789245819002,-10.3018639553999,90.737025125728));
#3804=CARTESIAN_POINT('Ctrl Pts',(-39.1690364383942,-11.2217759460016,92.0307491423908));
#3805=CARTESIAN_POINT('Ctrl Pts',(-38.8218917795652,-12.260646245977,92.9190843454949));
#3806=CARTESIAN_POINT('Ctrl Pts',(-38.387758408994,-13.4362374122169,93.3501327270021));
#3807=CARTESIAN_POINT('Origin',(-39.3304529986442,-13.7661933366759,93.3996907592274));
#3808=CARTESIAN_POINT('',(-39.934950240695,-9.94646437262745,91.4546231024447));
#3809=CARTESIAN_POINT('Ctrl Pts',(-38.6559826095983,-13.3097605602741,93.9799999999998));
#3810=CARTESIAN_POINT('Ctrl Pts',(-39.1630067028572,-11.9903422687114,93.5315270164039));
#3811=CARTESIAN_POINT('Ctrl Pts',(-39.5802065083515,-10.8193856193584,92.5896320302858));
#3812=CARTESIAN_POINT('Ctrl Pts',(-39.9275393310041,-9.95062965464841,91.4550996548814));
#3813=CARTESIAN_POINT('Ctrl Pts',(-39.9280776914822,-9.94928024057675,91.4533359925626));
#3814=CARTESIAN_POINT('Ctrl Pts',(-39.9286144028146,-9.9479321200302,91.4515726035113));
#3815=CARTESIAN_POINT('',(-42.2867292886864,-3.55506358167137,65.9406891445384));
#3816=CARTESIAN_POINT('Ctrl Pts',(-39.9286144028146,-9.9479321200302,91.4515726035113));
#3817=CARTESIAN_POINT('Ctrl Pts',(-39.9982748913591,-9.77295773395744,91.2226999574909));
#3818=CARTESIAN_POINT('Ctrl Pts',(-40.0823561973269,-9.46540964624783,90.7724335634027));
#3819=CARTESIAN_POINT('Ctrl Pts',(-40.2698962127795,-8.84843516240261,89.8405158400044));
#3820=CARTESIAN_POINT('Ctrl Pts',(-40.55268015426,-7.84093864177162,88.1555094321453));
#3821=CARTESIAN_POINT('Ctrl Pts',(-40.7578591130488,-7.10291245759015,86.616264840287));
#3822=CARTESIAN_POINT('Ctrl Pts',(-41.0335112511203,-6.13657747270459,84.1595311016775));
#3823=CARTESIAN_POINT('Ctrl Pts',(-41.2968482985247,-5.29790803746559,81.2492988432918));
#3824=CARTESIAN_POINT('Ctrl Pts',(-41.5000838017485,-4.83824609012312,78.2819807316618));
#3825=CARTESIAN_POINT('Ctrl Pts',(-41.7562089122066,-4.34721672911431,74.2884169833571));
#3826=CARTESIAN_POINT('Ctrl Pts',(-41.8995171136205,-4.18263102481364,71.7680155457108));
#3827=CARTESIAN_POINT('Ctrl Pts',(-42.1223969091027,-3.84723119304034,68.1561320068178));
#3828=CARTESIAN_POINT('Ctrl Pts',(-42.197520454867,-3.72744050266963,67.0407120336599));
#3829=CARTESIAN_POINT('Ctrl Pts',(-42.2860740693644,-3.5559078945054,65.9427990806663));
#3830=CARTESIAN_POINT('Ctrl Pts',(-42.2861638853617,-3.5557339301636,65.9416860996858));
#3831=CARTESIAN_POINT('Ctrl Pts',(-42.2862537467514,-3.55555989138009,65.9405731386799));
#3832=CARTESIAN_POINT('',(-42.4836799071357,-3.16996749718765,63.9799999999998));
#3833=CARTESIAN_POINT('Ctrl Pts',(-42.2862537467514,-3.55555989138009,65.9405731386799));
#3834=CARTESIAN_POINT('Ctrl Pts',(-42.3395886282521,-3.45226371568491,65.2800041936746));
#3835=CARTESIAN_POINT('Ctrl Pts',(-42.4089139114797,-3.32274391459901,64.6264717062609));
#3836=CARTESIAN_POINT('Ctrl Pts',(-42.4838373010723,-3.17100191712928,63.9865266691388));
#3837=CARTESIAN_POINT('Ctrl Pts',(-42.4842088160254,-3.17024633470624,63.9833464945212));
#3838=CARTESIAN_POINT('Ctrl Pts',(-42.4845792609292,-3.16948976799453,63.9801684989595));
#3839=CARTESIAN_POINT('',(-42.3728394786848,-0.934854989303089,58.9799999999996));
#3840=CARTESIAN_POINT('Ctrl Pts',(-42.4845792609292,-3.16948976799453,63.9801684989595));
#3841=CARTESIAN_POINT('Ctrl Pts',(-42.5349782220873,-3.06655900577058,63.547802786273));
#3842=CARTESIAN_POINT('Ctrl Pts',(-42.5655710508409,-2.94540950057331,63.1557704251659));
#3843=CARTESIAN_POINT('Ctrl Pts',(-42.5990886754652,-2.61709499438053,62.152141357728));
#3844=CARTESIAN_POINT('Ctrl Pts',(-42.576475476454,-2.41223499176238,61.5729046851394));
#3845=CARTESIAN_POINT('Ctrl Pts',(-42.5167970615018,-2.0775110479009,60.7798958123043));
#3846=CARTESIAN_POINT('Ctrl Pts',(-42.483852765377,-1.90885963934531,60.416064836511));
#3847=CARTESIAN_POINT('Ctrl Pts',(-42.4515080724753,-1.67551820740816,60.0161852820558));
#3848=CARTESIAN_POINT('Ctrl Pts',(-42.4372972601444,-1.5466605960663,59.8221784010982));
#3849=CARTESIAN_POINT('Ctrl Pts',(-42.4295509144212,-1.46945927435488,59.7125404026277));
#3850=CARTESIAN_POINT('Ctrl Pts',(-42.4257803740255,-1.429661755917,59.658103524463));
#3851=CARTESIAN_POINT('Ctrl Pts',(-42.4230601722399,-1.40040468488809,59.6187148816826));
#3852=CARTESIAN_POINT('Ctrl Pts',(-42.4213733524833,-1.38215736979641,59.5943117109988));
#3853=CARTESIAN_POINT('Ctrl Pts',(-42.417987973171,-1.3452025253354,59.5455129700347));
#3854=CARTESIAN_POINT('Ctrl Pts',(-42.4119970523283,-1.27933806881996,59.4599488242433));
#3855=CARTESIAN_POINT('Ctrl Pts',(-42.4048569671159,-1.20151264552816,59.3612728732337));
#3856=CARTESIAN_POINT('Ctrl Pts',(-42.3986492271651,-1.1389672779857,59.2809685514993));
#3857=CARTESIAN_POINT('Ctrl Pts',(-42.3960084333797,-1.11365784958666,59.24783562271));
#3858=CARTESIAN_POINT('Ctrl Pts',(-42.3949379051417,-1.10351127457481,59.2344816999954));
#3859=CARTESIAN_POINT('Ctrl Pts',(-42.3930287476986,-1.08569538458113,59.2109094359794));
#3860=CARTESIAN_POINT('Ctrl Pts',(-42.3867695932351,-1.02932808242131,59.134596154682));
#3861=CARTESIAN_POINT('Ctrl Pts',(-42.380237087855,-0.977195539522016,59.0605834195049));
#3862=CARTESIAN_POINT('Ctrl Pts',(-42.373739279564,-0.934557635158437,58.9833888043479));
#3863=CARTESIAN_POINT('Ctrl Pts',(-42.3736634800695,-0.934049483379419,
58.9824755746035));
#3864=CARTESIAN_POINT('Ctrl Pts',(-42.3735893649441,-0.933541860828618,
58.9815699183034));
#3865=CARTESIAN_POINT('',(-42.3728394786859,0.934854989303213,58.9800000000047));
#3866=CARTESIAN_POINT('Ctrl Pts',(-42.372850037224,-0.934857918294446,58.9799975053081));
#3867=CARTESIAN_POINT('Ctrl Pts',(-42.3693546622279,-0.910437270388773,
58.9365540856845));
#3868=CARTESIAN_POINT('Ctrl Pts',(-42.3700561145197,-0.863534726007684,
58.8839435988777));
#3869=CARTESIAN_POINT('Ctrl Pts',(-42.3687780961188,-0.792135016806976,
58.7961597319798));
#3870=CARTESIAN_POINT('Ctrl Pts',(-42.3694363720245,-0.719891299726791,
58.7209077541815));
#3871=CARTESIAN_POINT('Ctrl Pts',(-42.3698987556994,-0.6456873530406,58.6502295035601));
#3872=CARTESIAN_POINT('Ctrl Pts',(-42.3706925176749,-0.581700296694336,
58.598577792564));
#3873=CARTESIAN_POINT('Ctrl Pts',(-42.3712955181809,-0.528485359117068,
58.5605764540806));
#3874=CARTESIAN_POINT('Ctrl Pts',(-42.3722652179819,-0.446806663742279,
58.5077787653134));
#3875=CARTESIAN_POINT('Ctrl Pts',(-42.3731694417469,-0.374638622983408,
58.4731066062762));
#3876=CARTESIAN_POINT('Ctrl Pts',(-42.37473424817,-0.214497673353018,58.4154829543352));
#3877=CARTESIAN_POINT('Ctrl Pts',(-42.3763129467407,-0.000838636390122189,
58.3809380957701));
#3878=CARTESIAN_POINT('Ctrl Pts',(-42.374830326234,0.21570143966879,58.4163662065034));
#3879=CARTESIAN_POINT('Ctrl Pts',(-42.3722982603929,0.552277830827097,58.5393712442275));
#3880=CARTESIAN_POINT('Ctrl Pts',(-42.3656173119276,0.743666916418165,58.7228481287381));
#3881=CARTESIAN_POINT('Ctrl Pts',(-42.3728232806273,0.935135106328761,58.9796772565688));
#3882=CARTESIAN_POINT('',(-42.4836799071361,3.16996749718769,63.9800000000008));
#3883=CARTESIAN_POINT('Ctrl Pts',(-42.3729612192812,0.934888930768821,58.9799712666546));
#3884=CARTESIAN_POINT('Ctrl Pts',(-42.3729804348898,0.935395824972239,58.980651453651));
#3885=CARTESIAN_POINT('Ctrl Pts',(-42.372999748123,0.935902719929634,58.9813321554539));
#3886=CARTESIAN_POINT('Ctrl Pts',(-42.3737957949767,0.956690371029519,59.0092685935476));
#3887=CARTESIAN_POINT('Ctrl Pts',(-42.3809998898943,0.998929313710364,59.0825212239969));
#3888=CARTESIAN_POINT('Ctrl Pts',(-42.3899920180052,1.08128890095078,59.195632374332));
#3889=CARTESIAN_POINT('Ctrl Pts',(-42.3986515154699,1.16249094195831,59.3021836920518));
#3890=CARTESIAN_POINT('Ctrl Pts',(-42.4058292402719,1.24129529783143,59.4019983007526));
#3891=CARTESIAN_POINT('Ctrl Pts',(-42.4111022887507,1.2992469973013,59.476280413559));
#3892=CARTESIAN_POINT('Ctrl Pts',(-42.4153024449472,1.34643324320581,59.5374858858638));
#3893=CARTESIAN_POINT('Ctrl Pts',(-42.4186347758495,1.38350423210118,59.5864186338389));
#3894=CARTESIAN_POINT('Ctrl Pts',(-42.4203037753583,1.40180071428811,59.6108764859304));
#3895=CARTESIAN_POINT('Ctrl Pts',(-42.4500081739089,1.73569389932739,60.0591584515446));
#3896=CARTESIAN_POINT('Ctrl Pts',(-42.4940692665938,1.97579223101264,60.5286583698824));
#3897=CARTESIAN_POINT('Ctrl Pts',(-42.5723232956886,2.41349621674719,61.5690040010118));
#3898=CARTESIAN_POINT('Ctrl Pts',(-42.5944009070673,2.61934310668124,62.1537455232669));
#3899=CARTESIAN_POINT('Ctrl Pts',(-42.5607816674167,2.94812945980999,63.1576019942318));
#3900=CARTESIAN_POINT('Ctrl Pts',(-42.5299032674471,3.07473126584392,63.5790282653905));
#3901=CARTESIAN_POINT('Ctrl Pts',(-42.4796921390417,3.17161678580966,63.9793673778174));
#3902=CARTESIAN_POINT('',(-42.2867292886847,3.55506358167349,65.9406891445487));
#3903=CARTESIAN_POINT('Ctrl Pts',(-42.4843347737722,3.16957469208268,63.9801301665278));
#3904=CARTESIAN_POINT('Ctrl Pts',(-42.4841369549175,3.1699547424085,63.9817015615343));
#3905=CARTESIAN_POINT('Ctrl Pts',(-42.4839388354724,3.1703343333304,63.9832726301114));
#3906=CARTESIAN_POINT('Ctrl Pts',(-42.4651705770772,3.20619568859626,64.1318465666521));
#3907=CARTESIAN_POINT('Ctrl Pts',(-42.4284848847194,3.28127991561636,64.464839830917));
#3908=CARTESIAN_POINT('Ctrl Pts',(-42.3588833571286,3.41525483389806,65.1093692862159));
#3909=CARTESIAN_POINT('Ctrl Pts',(-42.314046569868,3.50240618037896,65.6066630881758));
#3910=CARTESIAN_POINT('Ctrl Pts',(-42.2859670457496,3.55513227613412,65.9390862664284));
#3911=CARTESIAN_POINT('Ctrl Pts',(-42.2859045554197,3.5552496099072,65.9398261951441));
#3912=CARTESIAN_POINT('Ctrl Pts',(-42.28584207475,3.55536691861128,65.9405661380537));
#3913=CARTESIAN_POINT('',(-39.9349502406958,9.9464643726283,91.4546231024438));
#3914=CARTESIAN_POINT('Ctrl Pts',(-42.28584207475,3.55536691861128,65.9405661380537));
#3915=CARTESIAN_POINT('Ctrl Pts',(-42.1937231623813,3.72832201476772,67.0315073267441));
#3916=CARTESIAN_POINT('Ctrl Pts',(-42.1226031151348,3.84678381604753,68.1533020833047));
#3917=CARTESIAN_POINT('Ctrl Pts',(-41.8980569615768,4.18365458010007,71.7769020517292));
#3918=CARTESIAN_POINT('Ctrl Pts',(-41.7565026411679,4.3479185515187,74.2916446167066));
#3919=CARTESIAN_POINT('Ctrl Pts',(-41.4051524733301,5.01735936416779,79.7458265873122));
#3920=CARTESIAN_POINT('Ctrl Pts',(-41.1933395728661,5.5752443477931,82.7292243829397));
#3921=CARTESIAN_POINT('Ctrl Pts',(-40.6952598338689,7.31701159371606,87.158045473744));
#3922=CARTESIAN_POINT('Ctrl Pts',(-40.4463937193133,8.23778082195569,88.9092736361903));
#3923=CARTESIAN_POINT('Ctrl Pts',(-40.1023636267866,9.39230480698638,90.6590261404892));
#3924=CARTESIAN_POINT('Ctrl Pts',(-40.0063893587299,9.70708840506112,91.1157560777981));
#3925=CARTESIAN_POINT('Ctrl Pts',(-39.9568526302526,9.86704001315766,91.3412665884706));
#3926=CARTESIAN_POINT('Ctrl Pts',(-39.9315217468098,9.94756764568469,91.4530514155625));
#3927=CARTESIAN_POINT('Ctrl Pts',(-39.9315217468098,9.94756764568469,91.4530514155625));
#3928=CARTESIAN_POINT('Ctrl Pts',(-39.9313304641884,9.94817573883232,91.4538955430406));
#3929=CARTESIAN_POINT('Ctrl Pts',(-39.9311391441778,9.94878388060096,91.4547396393669));
#3930=CARTESIAN_POINT('Ctrl Pts',(-39.8996088413978,10.0489964586629,91.5938177017504));
#3931=CARTESIAN_POINT('Ctrl Pts',(-39.8019446395321,10.2810027102382,91.8724735398314));
#3932=CARTESIAN_POINT('Ctrl Pts',(-39.6176703489881,10.7631949683853,92.3963108668052));
#3933=CARTESIAN_POINT('Ctrl Pts',(-39.2581513035074,11.7108347176355,93.2374295369905));
#3934=CARTESIAN_POINT('Ctrl Pts',(-38.9096012788928,12.6497739525417,93.7556691983147));
#3935=CARTESIAN_POINT('Ctrl Pts',(-38.6559826095978,13.309760560276,93.9799999999997));
#3936=CARTESIAN_POINT('Ctrl Pts',(-38.6559826095982,-13.3097605602739,93.98));
#3937=CARTESIAN_POINT('Ctrl Pts',(-38.3197022711409,-13.8066817772288,93.98));
#3938=CARTESIAN_POINT('Ctrl Pts',(-38.0249788324259,-14.3590898524623,93.98));
#3939=CARTESIAN_POINT('Ctrl Pts',(-37.7943137010352,-14.9398710824228,93.98));
#3940=CARTESIAN_POINT('Ctrl Pts',(-37.7928333476286,-14.9436061143138,93.98));
#3941=CARTESIAN_POINT('Ctrl Pts',(-37.7913556667343,-14.9473421339844,93.98));
#3942=CARTESIAN_POINT('Ctrl Pts',(-38.4992103150943,-13.3155228326931,93.8023220082973));
#3943=CARTESIAN_POINT('Ctrl Pts',(-38.2520331134953,-13.8412917452027,93.8310733220155));
#3944=CARTESIAN_POINT('Ctrl Pts',(-38.016971322032,-14.3873944780534,93.9062595304689));
#3945=CARTESIAN_POINT('Ctrl Pts',(-37.7942182346791,-14.9402327750381,93.979064121615));
#3946=CARTESIAN_POINT('Ctrl Pts',(-37.7927866604383,-14.9437873555642,93.9795321135371));
#3947=CARTESIAN_POINT('Ctrl Pts',(-37.7913556667343,-14.9473421339844,93.98));
#3948=CARTESIAN_POINT('Ctrl Pts',(-38.4022035330744,-13.3612648365069,93.574522290317));
#3949=CARTESIAN_POINT('Ctrl Pts',(-38.2135276901439,-13.88989413895,93.6833276975154));
#3950=CARTESIAN_POINT('Ctrl Pts',(-38.0092948664535,-14.4158308557271,93.8325345118987));
#3951=CARTESIAN_POINT('Ctrl Pts',(-37.7941238296776,-14.940594887443,93.9781282999353));
#3952=CARTESIAN_POINT('Ctrl Pts',(-37.792739973248,-14.9439685968145,93.9790642270741));
#3953=CARTESIAN_POINT('Ctrl Pts',(-37.7913556667343,-14.9473421339844,93.98));
#3954=CARTESIAN_POINT('Ctrl Pts',(-38.3877584089938,-13.4362374122167,93.350132727002));
#3955=CARTESIAN_POINT('Ctrl Pts',(-38.1988325786578,-13.9478302826872,93.5377160341409));
#3956=CARTESIAN_POINT('Ctrl Pts',(-38.0019496963323,-14.4443981180454,93.7588271900753));
#3957=CARTESIAN_POINT('Ctrl Pts',(-37.79403048602,-14.9409574196336,93.9771925349602));
#3958=CARTESIAN_POINT('Ctrl Pts',(-37.7926932860578,-14.9441498380649,93.9785963406112));
#3959=CARTESIAN_POINT('Ctrl Pts',(-37.7913556667343,-14.9473421339844,93.98));
#3960=CARTESIAN_POINT('Ctrl Pts',(-38.3877584089938,-13.4362374122167,93.350132727002));
#3961=CARTESIAN_POINT('Ctrl Pts',(-38.1988325786578,-13.9478302826872,93.5377160341409));
#3962=CARTESIAN_POINT('Ctrl Pts',(-38.0019496963323,-14.4443981180454,93.7588271900753));
#3963=CARTESIAN_POINT('Ctrl Pts',(-37.79403048602,-14.9409574196336,93.9771925349602));
#3964=CARTESIAN_POINT('Ctrl Pts',(-37.7926932860578,-14.9441498380649,93.9785963406112));
#3965=CARTESIAN_POINT('Ctrl Pts',(-37.7913556667343,-14.9473421339844,93.98));
#3966=CARTESIAN_POINT('Ctrl Pts',(-37.7913556667333,14.947342133987,93.98));
#3967=CARTESIAN_POINT('Ctrl Pts',(-37.7928334147549,14.9436059445985,93.98));
#3968=CARTESIAN_POINT('Ctrl Pts',(-37.7943144138858,14.9398713737356,93.98));
#3969=CARTESIAN_POINT('Ctrl Pts',(-38.0248505352125,14.358953706806,93.9800000000015));
#3970=CARTESIAN_POINT('Ctrl Pts',(-38.3197023662104,13.8066816367458,93.98));
#3971=CARTESIAN_POINT('Ctrl Pts',(-38.6559826095976,13.3097605602759,93.98));
#3972=CARTESIAN_POINT('Ctrl Pts',(-37.7913556667333,14.947342133987,93.98));
#3973=CARTESIAN_POINT('Ctrl Pts',(-37.7928015084814,14.9438061640926,93.9795327005513));
#3974=CARTESIAN_POINT('Ctrl Pts',(-37.7942042034215,14.9402143589016,93.9790634717844));
#3975=CARTESIAN_POINT('Ctrl Pts',(-38.0174277135585,14.3879114310348,93.9062849332834));
#3976=CARTESIAN_POINT('Ctrl Pts',(-38.2517065819292,13.8416496307912,93.8315276783678));
#3977=CARTESIAN_POINT('Ctrl Pts',(-38.4992103150937,13.3155228326952,93.8023220082973));
#3978=CARTESIAN_POINT('Ctrl Pts',(-37.7913556667333,14.947342133987,93.98));
#3979=CARTESIAN_POINT('Ctrl Pts',(-37.7927396667629,14.943972733521,93.9790642561368));
#3980=CARTESIAN_POINT('Ctrl Pts',(-37.7941243370716,14.9405905126758,93.9781278404999));
#3981=CARTESIAN_POINT('Ctrl Pts',(-38.0092802593882,14.4159397553467,93.8326056419858));
#3982=CARTESIAN_POINT('Ctrl Pts',(-38.2126279654446,13.8896811196116,93.683631836508));
#3983=CARTESIAN_POINT('Ctrl Pts',(-38.4022035330737,13.361264836509,93.5745222903169));
#3984=CARTESIAN_POINT('Ctrl Pts',(-37.7913556667333,14.947342133987,93.98));
#3985=CARTESIAN_POINT('Ctrl Pts',(-37.7926933469797,14.9441496925781,93.9785962773739));
#3986=CARTESIAN_POINT('Ctrl Pts',(-37.7940306343207,14.9409572794505,93.977192109364));
#3987=CARTESIAN_POINT('Ctrl Pts',(-38.0019429027337,14.4443672954687,93.7588936423645));
#3988=CARTESIAN_POINT('Ctrl Pts',(-38.1988326320685,13.9478301380565,93.5377159811091));
#3989=CARTESIAN_POINT('Ctrl Pts',(-38.3877584089932,13.4362374122189,93.3501327270018));
#3990=CARTESIAN_POINT('Ctrl Pts',(-37.7913556667333,14.947342133987,93.98));
#3991=CARTESIAN_POINT('Ctrl Pts',(-37.7926933469797,14.9441496925781,93.9785962773739));
#3992=CARTESIAN_POINT('Ctrl Pts',(-37.7940306343207,14.9409572794505,93.977192109364));
#3993=CARTESIAN_POINT('Ctrl Pts',(-38.0019429027337,14.4443672954687,93.7588936423645));
#3994=CARTESIAN_POINT('Ctrl Pts',(-38.1988326320685,13.9478301380565,93.5377159811091));
#3995=CARTESIAN_POINT('Ctrl Pts',(-38.3877584089932,13.4362374122189,93.3501327270018));
#3996=CARTESIAN_POINT('Ctrl Pts',(-44.4414826673906,0.,10.4126428323706));
#3997=CARTESIAN_POINT('Ctrl Pts',(-44.4414826673906,-44.4414826673906,10.4126428323706));
#3998=CARTESIAN_POINT('Ctrl Pts',(0.,-44.4414826673906,10.4126428323706));
#3999=CARTESIAN_POINT('Ctrl Pts',(44.4414826673906,-44.4414826673906,10.4126428323705));
#4000=CARTESIAN_POINT('Ctrl Pts',(44.4414826673906,0.,10.4126428323705));
#4001=CARTESIAN_POINT('Ctrl Pts',(44.4414826673906,44.4414826673906,10.4126428323705));
#4002=CARTESIAN_POINT('Ctrl Pts',(0.,44.4414826673906,10.4126428323706));
#4003=CARTESIAN_POINT('Ctrl Pts',(-44.4414826673906,44.4414826673906,10.4126428323706));
#4004=CARTESIAN_POINT('Ctrl Pts',(-44.4414826673906,0.,10.4126428323706));
#4005=CARTESIAN_POINT('Ctrl Pts',(-42.7155109896149,0.,52.2042716953441));
#4006=CARTESIAN_POINT('Ctrl Pts',(-42.7155109896149,-42.7155109896149,52.2042716953441));
#4007=CARTESIAN_POINT('Ctrl Pts',(0.,-42.7155109896149,52.2042716953441));
#4008=CARTESIAN_POINT('Ctrl Pts',(42.7155109896149,-42.7155109896149,52.2042716953441));
#4009=CARTESIAN_POINT('Ctrl Pts',(42.7155109896149,0.,52.2042716953441));
#4010=CARTESIAN_POINT('Ctrl Pts',(42.7155109896149,42.7155109896149,52.2042716953441));
#4011=CARTESIAN_POINT('Ctrl Pts',(0.,42.7155109896149,52.2042716953441));
#4012=CARTESIAN_POINT('Ctrl Pts',(-42.7155109896149,42.7155109896149,52.2042716953441));
#4013=CARTESIAN_POINT('Ctrl Pts',(-42.7155109896149,0.,52.2042716953441));
#4014=CARTESIAN_POINT('Ctrl Pts',(-40.6400000000007,0.,93.9800000000068));
#4015=CARTESIAN_POINT('Ctrl Pts',(-40.6400000000007,-40.6400000000007,93.9800000000068));
#4016=CARTESIAN_POINT('Ctrl Pts',(0.,-40.6400000000007,93.9800000000068));
#4017=CARTESIAN_POINT('Ctrl Pts',(40.6400000000007,-40.6400000000007,93.9800000000068));
#4018=CARTESIAN_POINT('Ctrl Pts',(40.6400000000007,0.,93.9800000000068));
#4019=CARTESIAN_POINT('Ctrl Pts',(40.6400000000007,40.6400000000007,93.9800000000068));
#4020=CARTESIAN_POINT('Ctrl Pts',(0.,40.6400000000007,93.9800000000068));
#4021=CARTESIAN_POINT('Ctrl Pts',(-40.6400000000007,40.6400000000007,93.9800000000068));
#4022=CARTESIAN_POINT('Ctrl Pts',(-40.6400000000007,0.,93.9800000000068));
#4023=CARTESIAN_POINT('',(-44.4414826673896,-5.44251194979812E-15,10.4126428323707));
#4024=CARTESIAN_POINT('Ctrl Pts',(-42.3557452234289,0.,58.1489757673049));
#4025=CARTESIAN_POINT('Ctrl Pts',(-43.4556373980304,0.,34.2833008182055));
#4026=CARTESIAN_POINT('Ctrl Pts',(-44.4414826673906,0.,10.4126428323706));
#4027=CARTESIAN_POINT('Origin',(0.,0.,10.4126428323707));
#4028=CARTESIAN_POINT('Ctrl Pts',(-38.3409973870169,12.7136121773313,93.9948337291108));
#4029=CARTESIAN_POINT('Ctrl Pts',(-37.9671439189633,12.4799613417705,93.3584513759847));
#4030=CARTESIAN_POINT('Ctrl Pts',(-37.3144192070749,11.9862709786834,92.0334068803889));
#4031=CARTESIAN_POINT('Ctrl Pts',(-36.6147988358826,11.1954399182087,89.9261261644121));
#4032=CARTESIAN_POINT('Ctrl Pts',(-36.1868180758643,10.3845529101525,87.7375028916397));
#4033=CARTESIAN_POINT('Ctrl Pts',(-36.0759826408374,9.85149290253107,86.2502162766653));
#4034=CARTESIAN_POINT('Ctrl Pts',(-36.0489530917855,9.34075538252738,84.7843875269289));
#4035=CARTESIAN_POINT('Ctrl Pts',(-36.1011529384774,8.85186101377692,83.342455257516));
#4036=CARTESIAN_POINT('Ctrl Pts',(-36.380265088682,8.15545554419767,81.1958967386338));
#4037=CARTESIAN_POINT('Ctrl Pts',(-36.82385566213,7.49049145911972,79.0771814540669));
#4038=CARTESIAN_POINT('Ctrl Pts',(-37.2050663175251,7.06429439534833,77.6906905136214));
#4039=CARTESIAN_POINT('Ctrl Pts',(-37.6040399619048,6.6580285514957,76.3644054576731));
#4040=CARTESIAN_POINT('Ctrl Pts',(-38.0169664024684,6.27088018252013,75.0963250113968));
#4041=CARTESIAN_POINT('Ctrl Pts',(-38.6891069592853,5.70256781151146,73.2327629466265));
#4042=CARTESIAN_POINT('Ctrl Pts',(-39.3869125537708,5.14205659174851,71.4024443785865));
#4043=CARTESIAN_POINT('Ctrl Pts',(-39.8523420597027,4.77119660968079,70.2009789954463));
#4044=CARTESIAN_POINT('Ctrl Pts',(-40.2599563581656,4.44137467541239,69.1367059198093));
#4045=CARTESIAN_POINT('Ctrl Pts',(-40.6129070326222,4.15231170065966,68.2071939497267));
#4046=CARTESIAN_POINT('Ctrl Pts',(-41.1129520367373,3.7197754999455,66.8251939537174));
#4047=CARTESIAN_POINT('Ctrl Pts',(-41.5681687695748,3.28849408424957,65.4528521610997));
#4048=CARTESIAN_POINT('Ctrl Pts',(-41.8308865051086,3.00167042779623,64.5424429482805));
#4049=CARTESIAN_POINT('Ctrl Pts',(-41.9750628344941,2.82717136245588,63.9897944403417));
#4050=CARTESIAN_POINT('Ctrl Pts',(-42.0690538992587,2.70284043614841,63.6016487999566));
#4051=CARTESIAN_POINT('Ctrl Pts',(-42.1266360704892,2.56818169834312,63.1891544034242));
#4052=CARTESIAN_POINT('Ctrl Pts',(-42.16776228114,2.3784844828636,62.6059584369817));
#4053=CARTESIAN_POINT('Ctrl Pts',(-42.1746360380953,2.20165144232461,62.0595395881186));
#4054=CARTESIAN_POINT('Ctrl Pts',(-42.1135828330724,2.03510344038489,61.5081589835456));
#4055=CARTESIAN_POINT('Ctrl Pts',(-42.0295265344156,1.89665786489653,61.012248673077));
#4056=CARTESIAN_POINT('Ctrl Pts',(-41.962784735507,1.81723837191452,60.7057685248139));
#4057=CARTESIAN_POINT('Ctrl Pts',(-41.8825896723183,1.74149639417539,60.3696533987363));
#4058=CARTESIAN_POINT('Ctrl Pts',(-41.8423956920953,1.70527131113439,60.2013124828115));
#4059=CARTESIAN_POINT('Ctrl Pts',(-41.809054167783,1.67606988743469,60.0608861095049));
#4060=CARTESIAN_POINT('Ctrl Pts',(-41.7830618928816,1.65352126175833,59.9484287259362));
#4061=CARTESIAN_POINT('Ctrl Pts',(-41.7552548434704,1.6291578547714,59.8254025830008));
#4062=CARTESIAN_POINT('Ctrl Pts',(-41.7258095205356,1.60308403163902,59.6916317931436));
#4063=CARTESIAN_POINT('Ctrl Pts',(-41.6918891391574,1.57087749388663,59.5239229790871));
#4064=CARTESIAN_POINT('Ctrl Pts',(-41.6670588725434,1.54496074174585,59.3894953393826));
#4065=CARTESIAN_POINT('Ctrl Pts',(-41.6526180540748,1.52861568120495,59.3053862555903));
#4066=CARTESIAN_POINT('Ctrl Pts',(-41.6417818123496,1.51539855862775,59.2380412248007));
#4067=CARTESIAN_POINT('Ctrl Pts',(-41.6353230054442,1.50706817517826,59.1959297078644));
#4068=CARTESIAN_POINT('Ctrl Pts',(-41.6303531849421,1.50035516632275,59.1622267255054));
#4069=CARTESIAN_POINT('Ctrl Pts',(-41.6267269398142,1.49529442080541,59.136943457354));
#4070=CARTESIAN_POINT('Ctrl Pts',(-41.6237911752104,1.49105404631426,59.1158686738854));
#4071=CARTESIAN_POINT('Ctrl Pts',(-41.6217825754995,1.48807289398035,59.1011138797257));
#4072=CARTESIAN_POINT('Ctrl Pts',(-41.6207898083617,1.48657898952022,59.0937352615935));
#4073=CARTESIAN_POINT('Ctrl Pts',(-41.6202261411998,1.4857243842736,59.0895194788392));
#4074=CARTESIAN_POINT('Ctrl Pts',(-41.6199449706657,1.48529673058856,59.0874101662387));
#4075=CARTESIAN_POINT('Ctrl Pts',(-41.5825699416196,1.42799204795698,58.8054493460532));
#4076=CARTESIAN_POINT('Ctrl Pts',(-41.5585009374573,1.37427827617598,58.5372910160046));
#4077=CARTESIAN_POINT('Ctrl Pts',(-41.5150368521796,1.31256328544786,58.2206766984224));
#4078=CARTESIAN_POINT('Ctrl Pts',(-41.5070341040839,1.30177317622758,58.1656370111367));
#4079=CARTESIAN_POINT('Ctrl Pts',(-41.4985856750042,1.29085655970297,58.1102905522282));
#4080=CARTESIAN_POINT('Ctrl Pts',(-39.0627426730457,11.7259473793441,93.9977957437054));
#4081=CARTESIAN_POINT('Ctrl Pts',(-38.6730381256078,11.5109871369479,93.367491181247));
#4082=CARTESIAN_POINT('Ctrl Pts',(-37.9898881224036,11.0564168802157,92.0524302655544));
#4083=CARTESIAN_POINT('Ctrl Pts',(-37.2483411490477,10.3282981594858,89.9537899905647));
#4084=CARTESIAN_POINT('Ctrl Pts',(-36.7817309770526,9.5828607654272,87.7678504892632));
#4085=CARTESIAN_POINT('Ctrl Pts',(-36.6468355123205,9.09445401690282,86.2788189694756));
#4086=CARTESIAN_POINT('Ctrl Pts',(-36.5966214122168,8.62784476509303,84.8097660430101));
#4087=CARTESIAN_POINT('Ctrl Pts',(-36.62645286454,8.18263370517827,83.3631754133075));
#4088=CARTESIAN_POINT('Ctrl Pts',(-36.8732119089886,7.55214379362402,81.2063243512169));
#4089=CARTESIAN_POINT('Ctrl Pts',(-37.2854029942622,6.95321966194606,79.0751997081213));
#4090=CARTESIAN_POINT('Ctrl Pts',(-37.6460718891084,6.57101136430083,77.679886640862));
#4091=CARTESIAN_POINT('Ctrl Pts',(-38.0252047703923,6.20732103134828,76.3451562116137));
#4092=CARTESIAN_POINT('Ctrl Pts',(-38.4189673148509,5.86132389416401,75.0689426870115));
#4093=CARTESIAN_POINT('Ctrl Pts',(-39.0618680866171,5.35474539422618,73.1945137925462));
#4094=CARTESIAN_POINT('Ctrl Pts',(-39.7289409132037,4.85582866672081,71.3557402375893));
#4095=CARTESIAN_POINT('Ctrl Pts',(-40.1719945557001,4.52553525175516,70.1511778871242));
#4096=CARTESIAN_POINT('Ctrl Pts',(-40.5584420690197,4.2311665871419,69.0857339520341));
#4097=CARTESIAN_POINT('Ctrl Pts',(-40.8919689829001,3.97273932041801,68.1562961441208));
#4098=CARTESIAN_POINT('Ctrl Pts',(-41.3602972382027,3.58346143565735,66.7790326481541));
#4099=CARTESIAN_POINT('Ctrl Pts',(-41.7819492825374,3.19142289830423,65.4177695996454));
#4100=CARTESIAN_POINT('Ctrl Pts',(-42.022073930059,2.92768205495338,64.5200634929269));
#4101=CARTESIAN_POINT('Ctrl Pts',(-42.1527110780915,2.76639828210538,63.9771680763877));
#4102=CARTESIAN_POINT('Ctrl Pts',(-42.2361063377049,2.65106941204244,63.5999528201679));
#4103=CARTESIAN_POINT('Ctrl Pts',(-42.2780949180426,2.52033255265951,63.1882463908483));
#4104=CARTESIAN_POINT('Ctrl Pts',(-42.295693762139,2.33335191820584,62.6044722907031));
#4105=CARTESIAN_POINT('Ctrl Pts',(-42.2793335995064,2.15672970382441,62.0548478989252));
#4106=CARTESIAN_POINT('Ctrl Pts',(-42.1976308579173,1.98777858320477,61.5002321465705));
#4107=CARTESIAN_POINT('Ctrl Pts',(-42.0984707949297,1.8456966087305,61.0024748095921));
#4108=CARTESIAN_POINT('Ctrl Pts',(-42.0240112741037,1.76320650160877,60.6952642141223));
#4109=CARTESIAN_POINT('Ctrl Pts',(-41.9373199024029,1.68332683084778,60.3596969195253));
#4110=CARTESIAN_POINT('Ctrl Pts',(-41.8941594717607,1.64501374870866,60.1919069548939));
#4111=CARTESIAN_POINT('Ctrl Pts',(-41.8585218170624,1.61408232280166,60.0521294368966));
#4112=CARTESIAN_POINT('Ctrl Pts',(-41.830864386805,1.59022916919836,59.9403980320802));
#4113=CARTESIAN_POINT('Ctrl Pts',(-41.8013321743797,1.56452067130236,59.8182832782317));
#4114=CARTESIAN_POINT('Ctrl Pts',(-41.7701330023769,1.53709622552685,59.6856609974763));
#4115=CARTESIAN_POINT('Ctrl Pts',(-41.7343466384789,1.50362643360235,59.5197777613019));
#4116=CARTESIAN_POINT('Ctrl Pts',(-41.7082553407862,1.47703653116893,59.3870456957254));
#4117=CARTESIAN_POINT('Ctrl Pts',(-41.6931330355224,1.46042676736182,59.3040987823981));
#4118=CARTESIAN_POINT('Ctrl Pts',(-41.6818206801927,1.44709936998687,59.2377413123298));
#4119=CARTESIAN_POINT('Ctrl Pts',(-41.6750945424537,1.43874398572,59.1962723431447));
#4120=CARTESIAN_POINT('Ctrl Pts',(-41.6699295710781,1.43203812347648,59.1630977301623));
#4121=CARTESIAN_POINT('Ctrl Pts',(-41.6661665731414,1.42699654847608,59.1382182973141));
#4122=CARTESIAN_POINT('Ctrl Pts',(-41.6631249565786,1.42278381273397,59.1174861138037));
#4123=CARTESIAN_POINT('Ctrl Pts',(-41.6610466383562,1.41982821664851,59.1029745114255));
#4124=CARTESIAN_POINT('Ctrl Pts',(-41.6600200486082,1.41834863481818,59.0957180135934));
#4125=CARTESIAN_POINT('Ctrl Pts',(-41.6594374522278,1.41750268386611,59.0915726408956));
#4126=CARTESIAN_POINT('Ctrl Pts',(-41.6591467738972,1.41707946628361,59.0894979054566));
#4127=CARTESIAN_POINT('Ctrl Pts',(-41.6205756578549,1.36039849373194,58.8125111890371));
#4128=CARTESIAN_POINT('Ctrl Pts',(-41.5957878519479,1.30919112041928,58.5503879691518));
#4129=CARTESIAN_POINT('Ctrl Pts',(-41.5514148050472,1.25139239761792,58.2366870601059));
#4130=CARTESIAN_POINT('Ctrl Pts',(-41.5432828520836,1.2413099955865,58.1821183234596));
#4131=CARTESIAN_POINT('Ctrl Pts',(-41.5347127628188,1.23112601777742,58.1271370941111));
#4132=CARTESIAN_POINT('Ctrl Pts',(-39.9872486137583,10.8874886884791,93.994465106924));
#4133=CARTESIAN_POINT('Ctrl Pts',(-39.5767017058483,10.6875419215268,93.3706987329857));
#4134=CARTESIAN_POINT('Ctrl Pts',(-38.8534598756333,10.2650141523197,92.0669918350814));
#4135=CARTESIAN_POINT('Ctrl Pts',(-38.0561988536657,9.58947790864427,89.9795705919571));
#4136=CARTESIAN_POINT('Ctrl Pts',(-37.5375740991431,8.89962204479023,87.7988431777328));
#4137=CARTESIAN_POINT('Ctrl Pts',(-37.3696999531744,8.44921604414481,86.3094081681798));
#4138=CARTESIAN_POINT('Ctrl Pts',(-37.2873391101618,8.01995568685512,84.8381757528902));
#4139=CARTESIAN_POINT('Ctrl Pts',(-37.2857511990478,7.61151204155573,83.3876192825726));
#4140=CARTESIAN_POINT('Ctrl Pts',(-37.4858453903341,7.03590835278013,81.2204566822123));
#4141=CARTESIAN_POINT('Ctrl Pts',(-37.8515879635731,6.49144918873304,79.0759339820736));
#4142=CARTESIAN_POINT('Ctrl Pts',(-38.1812239719993,6.14520709366745,77.6706137915588));
#4143=CARTESIAN_POINT('Ctrl Pts',(-38.5301408438692,5.81614896160573,76.3261336408556));
#4144=CARTESIAN_POINT('Ctrl Pts',(-38.8945222926008,5.50347265524202,75.0403935991821));
#4145=CARTESIAN_POINT('Ctrl Pts',(-39.4924505967265,5.04631249085132,73.1531672234445));
#4146=CARTESIAN_POINT('Ctrl Pts',(-40.1131686528914,4.59608746087982,71.3048114863121));
#4147=CARTESIAN_POINT('Ctrl Pts',(-40.5241062200102,4.29752510969402,70.0973407286078));
#4148=CARTESIAN_POINT('Ctrl Pts',(-40.8813021748827,4.0309214949176,69.0313697093867));
#4149=CARTESIAN_POINT('Ctrl Pts',(-41.1887197781321,3.79651949990292,68.1028917493867));
#4150=CARTESIAN_POINT('Ctrl Pts',(-41.6167387212555,3.44182866444898,66.7323325719492));
#4151=CARTESIAN_POINT('Ctrl Pts',(-41.9972733969158,3.08245489858896,65.3841481084211));
#4152=CARTESIAN_POINT('Ctrl Pts',(-42.2098988314232,2.83896754388106,64.5001807116119));
#4153=CARTESIAN_POINT('Ctrl Pts',(-42.3239523052882,2.68957127673237,63.9675880829817));
#4154=CARTESIAN_POINT('Ctrl Pts',(-42.3947546360494,2.58220793943585,63.6010360569666));
#4155=CARTESIAN_POINT('Ctrl Pts',(-42.4201790775381,2.45617337992812,63.1880756981126));
#4156=CARTESIAN_POINT('Ctrl Pts',(-42.4139599493951,2.27352875168623,62.6008750772973));
#4157=CARTESIAN_POINT('Ctrl Pts',(-42.3749402417312,2.09918623903227,62.0453745462094));
#4158=CARTESIAN_POINT('Ctrl Pts',(-42.2742000908912,1.92972081985019,61.485994452497));
#4159=CARTESIAN_POINT('Ctrl Pts',(-42.1611659462825,1.78556097377131,60.9858221224309));
#4160=CARTESIAN_POINT('Ctrl Pts',(-42.0796286394278,1.70102174010449,60.6780559894801));
#4161=CARTESIAN_POINT('Ctrl Pts',(-41.9870002563644,1.61846317033579,60.3439087798191));
#4162=CARTESIAN_POINT('Ctrl Pts',(-41.9411586395197,1.57883446952072,60.1772046623065));
#4163=CARTESIAN_POINT('Ctrl Pts',(-41.9034663648893,1.54683867130179,60.0385798727277));
#4164=CARTESIAN_POINT('Ctrl Pts',(-41.874349132981,1.52221893431792,59.9280272798971));
#4165=CARTESIAN_POINT('Ctrl Pts',(-41.843322695732,1.49574483345156,59.8073398613288));
#4166=CARTESIAN_POINT('Ctrl Pts',(-41.8106317197206,1.46758734257681,59.676455313666));
#4167=CARTESIAN_POINT('Ctrl Pts',(-41.7733188602533,1.43354555962217,59.5131812117578));
#4168=CARTESIAN_POINT('Ctrl Pts',(-41.7462275023509,1.40675812904291,59.3827830457963));
#4169=CARTESIAN_POINT('Ctrl Pts',(-41.7305779036176,1.39014333490796,59.3013981400067));
#4170=CARTESIAN_POINT('Ctrl Pts',(-41.7189046023818,1.37688817235763,59.2363466206841));
#4171=CARTESIAN_POINT('Ctrl Pts',(-41.7119791160245,1.36861080373901,59.1957180205841));
#4172=CARTESIAN_POINT('Ctrl Pts',(-41.7066706189948,1.36198761312227,59.1632290950925));
#4173=CARTESIAN_POINT('Ctrl Pts',(-41.7028081228415,1.35701833287998,59.1388709162408));
#4174=CARTESIAN_POINT('Ctrl Pts',(-41.6996904084954,1.35287452496195,59.1185786625413));
#4175=CARTESIAN_POINT('Ctrl Pts',(-41.6975624814833,1.34997179602005,59.1043780608798));
#4176=CARTESIAN_POINT('Ctrl Pts',(-41.6965119410443,1.34851979723072,59.0972775285633));
#4177=CARTESIAN_POINT('Ctrl Pts',(-41.6959160020015,1.34768995569026,59.093221850617));
#4178=CARTESIAN_POINT('Ctrl Pts',(-41.6956185936579,1.34727487672467,59.0911913825599));
#4179=CARTESIAN_POINT('Ctrl Pts',(-41.6562212570362,1.2917047344207,58.8204498250232));
#4180=CARTESIAN_POINT('Ctrl Pts',(-41.6307249027027,1.24317056052433,58.5651138560741));
#4181=CARTESIAN_POINT('Ctrl Pts',(-41.5855118864035,1.18927495012479,58.2548827893781));
#4182=CARTESIAN_POINT('Ctrl Pts',(-41.5772621430248,1.17989301918686,58.2008697874745));
#4183=CARTESIAN_POINT('Ctrl Pts',(-41.5685812216632,1.17043217864213,58.1463338754442));
#4184=CARTESIAN_POINT('Ctrl Pts',(-41.8899062827563,9.77659218227139,93.9846244325356));
#4185=CARTESIAN_POINT('Ctrl Pts',(-41.4331590288034,9.60037736540248,93.3727099258493));
#4186=CARTESIAN_POINT('Ctrl Pts',(-40.6209410516273,9.22700346340511,92.0898576502968));
#4187=CARTESIAN_POINT('Ctrl Pts',(-39.6998661507959,8.62795214715674,90.0232823901825));
#4188=CARTESIAN_POINT('Ctrl Pts',(-39.0654890703144,8.01490288129931,87.8522626171406));
#4189=CARTESIAN_POINT('Ctrl Pts',(-38.8242477178106,7.61419189234639,86.3617850455941));
#4190=CARTESIAN_POINT('Ctrl Pts',(-38.6705095617979,7.23222450078993,84.8859451773888));
#4191=CARTESIAN_POINT('Ctrl Pts',(-38.5993789091977,6.86874994617794,83.4271792839041));
#4192=CARTESIAN_POINT('Ctrl Pts',(-38.6968938807522,6.35642557369661,81.2391116832094));
#4193=CARTESIAN_POINT('Ctrl Pts',(-38.9612097136173,5.8718223299901,79.0678764393463));
#4194=CARTESIAN_POINT('Ctrl Pts',(-39.2235994074715,5.56378190300841,77.6429484944497));
#4195=CARTESIAN_POINT('Ctrl Pts',(-39.5073311354229,5.2711602935273,76.2795802073739));
#4196=CARTESIAN_POINT('Ctrl Pts',(-39.80862246577,4.99323912373076,74.9756460609812));
#4197=CARTESIAN_POINT('Ctrl Pts',(-40.3111170974748,4.5875342444808,73.0651415183128));
#4198=CARTESIAN_POINT('Ctrl Pts',(-40.8350700001599,4.18901516462668,71.2010696100328));
#4199=CARTESIAN_POINT('Ctrl Pts',(-41.1803017779701,3.92567108397451,69.9906365689272));
#4200=CARTESIAN_POINT('Ctrl Pts',(-41.4783136803539,3.69103105304246,68.926221099796));
#4201=CARTESIAN_POINT('Ctrl Pts',(-41.7333567397795,3.485074867135,68.001998464044));
#4202=CARTESIAN_POINT('Ctrl Pts',(-42.0818458977154,3.17455129890977,66.6478488373877));
#4203=CARTESIAN_POINT('Ctrl Pts',(-42.3823711174986,2.86097037472964,65.3273826911406));
#4204=CARTESIAN_POINT('Ctrl Pts',(-42.5415868188967,2.64941668286364,64.4702232130068));
#4205=CARTESIAN_POINT('Ctrl Pts',(-42.6230259903161,2.52014858827051,63.9570225016523));
#4206=CARTESIAN_POINT('Ctrl Pts',(-42.6692299233498,2.4264780099185,63.6084870278101));
#4207=CARTESIAN_POINT('Ctrl Pts',(-42.6647111623326,2.31047927836887,63.1900219404634));
#4208=CARTESIAN_POINT('Ctrl Pts',(-42.6160617320906,2.13822898898944,62.5920843986054));
#4209=CARTESIAN_POINT('Ctrl Pts',(-42.5372841199314,1.97083373397911,62.0219164818671));
#4210=CARTESIAN_POINT('Ctrl Pts',(-42.4031324641928,1.80339528175665,61.4519375588716));
#4211=CARTESIAN_POINT('Ctrl Pts',(-42.2655591555426,1.65863878421692,60.9468364622039));
#4212=CARTESIAN_POINT('Ctrl Pts',(-42.1715762103773,1.57267799986561,60.6384624810847));
#4213=CARTESIAN_POINT('Ctrl Pts',(-42.0689428149091,1.48806413566468,60.3080671061894));
#4214=CARTESIAN_POINT('Ctrl Pts',(-42.0186859797391,1.4474498174169,60.1440228584344));
#4215=CARTESIAN_POINT('Ctrl Pts',(-41.9776785014878,1.41468459653991,60.0081220065158));
#4216=CARTESIAN_POINT('Ctrl Pts',(-41.9462778568177,1.38956837852937,59.9002626699679));
#4217=CARTESIAN_POINT('Ctrl Pts',(-41.9129515954146,1.36265078148197,59.7827909353489));
#4218=CARTESIAN_POINT('Ctrl Pts',(-41.8780189462047,1.33414746877641,59.6557675473888));
#4219=CARTESIAN_POINT('Ctrl Pts',(-41.8385214313349,1.30013591488096,59.4981624982499));
#4220=CARTESIAN_POINT('Ctrl Pts',(-41.8100521749184,1.27371991181385,59.3727627865052));
#4221=CARTESIAN_POINT('Ctrl Pts',(-41.7936975371818,1.25749607364609,59.2946926796369));
#4222=CARTESIAN_POINT('Ctrl Pts',(-41.7815538090017,1.24465550977506,59.2323957760662));
#4223=CARTESIAN_POINT('Ctrl Pts',(-41.7743737847264,1.23668140229733,59.1935324039691));
#4224=CARTESIAN_POINT('Ctrl Pts',(-41.7688852350067,1.23032795452159,59.1624796764934));
#4225=CARTESIAN_POINT('Ctrl Pts',(-41.7648996193746,1.22557482266429,59.1392111083134));
#4226=CARTESIAN_POINT('Ctrl Pts',(-41.7616891759408,1.22162282456592,59.1198367141571));
#4227=CARTESIAN_POINT('Ctrl Pts',(-41.7595016142691,1.21886057226343,59.1062840152393));
#4228=CARTESIAN_POINT('Ctrl Pts',(-41.7584224579231,1.21748035692634,59.0995082444652));
#4229=CARTESIAN_POINT('Ctrl Pts',(-41.7578106870001,1.21669200558874,59.0956391678283));
#4230=CARTESIAN_POINT('Ctrl Pts',(-41.7575052265558,1.21629777928476,59.0937009501398));
#4231=CARTESIAN_POINT('Ctrl Pts',(-41.7171616403779,1.16355172698522,58.8358861526844));
#4232=CARTESIAN_POINT('Ctrl Pts',(-41.6903957247983,1.12020416529968,58.5939307889245));
#4233=CARTESIAN_POINT('Ctrl Pts',(-41.6437168536216,1.07337744066713,58.2906259630043));
#4234=CARTESIAN_POINT('Ctrl Pts',(-41.635262615629,1.06525661840324,58.2377241637852));
#4235=CARTESIAN_POINT('Ctrl Pts',(-41.6263889012989,1.05709333044601,58.1840934946483));
#4236=CARTESIAN_POINT('Ctrl Pts',(-43.9814963837399,8.57055169317791,93.9996951114355));
#4237=CARTESIAN_POINT('Ctrl Pts',(-43.4642110647146,8.4161944251579,93.3994427068));
#4238=CARTESIAN_POINT('Ctrl Pts',(-42.5374652653667,8.09021279699401,92.1367286593532));
#4239=CARTESIAN_POINT('Ctrl Pts',(-41.4631309302067,7.56967126418377,90.08847191656));
#4240=CARTESIAN_POINT('Ctrl Pts',(-40.6915462814197,7.03869629615635,87.9229042623392));
#4241=CARTESIAN_POINT('Ctrl Pts',(-40.3670548290507,6.69243626860808,86.4273560028481));
#4242=CARTESIAN_POINT('Ctrl Pts',(-40.1338713741317,6.36265784034277,84.942349397261));
#4243=CARTESIAN_POINT('Ctrl Pts',(-39.9869064638793,6.04911952886401,83.4703033986151));
#4244=CARTESIAN_POINT('Ctrl Pts',(-39.9762029549597,5.60764232815565,81.2530198675541));
#4245=CARTESIAN_POINT('Ctrl Pts',(-40.1360442028896,5.19015852278682,79.0468714323218));
#4246=CARTESIAN_POINT('Ctrl Pts',(-40.330133023597,4.92463404909996,77.5974090180575));
#4247=CARTESIAN_POINT('Ctrl Pts',(-40.547826802296,4.67224998275915,76.2108418230628));
#4248=CARTESIAN_POINT('Ctrl Pts',(-40.7853484506167,4.43240703210942,74.8850064269048));
#4249=CARTESIAN_POINT('Ctrl Pts',(-41.191210184785,4.08173546385838,72.9479261333797));
#4250=CARTESIAN_POINT('Ctrl Pts',(-41.616406020014,3.73672930369634,71.0678398569857));
#4251=CARTESIAN_POINT('Ctrl Pts',(-41.8936533592742,3.50848872213102,69.85657973133));
#4252=CARTESIAN_POINT('Ctrl Pts',(-42.1297690892647,3.30520966128965,68.796727437506));
#4253=CARTESIAN_POINT('Ctrl Pts',(-42.3295855183404,3.12680801215628,67.8801586364908));
#4254=CARTESIAN_POINT('Ctrl Pts',(-42.5922906811094,2.85857437631642,66.5496434699159));
#4255=CARTESIAN_POINT('Ctrl Pts',(-42.8038213822579,2.58930639872635,65.265933202654));
#4256=CARTESIAN_POINT('Ctrl Pts',(-42.9012447666885,2.4101900819282,64.442544508545));
#4257=CARTESIAN_POINT('Ctrl Pts',(-42.9443210677584,2.30234403500714,63.9531021199438));
#4258=CARTESIAN_POINT('Ctrl Pts',(-42.9626632276727,2.22364934776414,63.6227646259031));
#4259=CARTESIAN_POINT('Ctrl Pts',(-42.9253640170616,2.11956996715847,63.1945706239128));
#4260=CARTESIAN_POINT('Ctrl Pts',(-42.8304283160329,1.96082705224967,62.580015987805));
#4261=CARTESIAN_POINT('Ctrl Pts',(-42.7083613119977,1.80354833140616,61.9895984596148));
#4262=CARTESIAN_POINT('Ctrl Pts',(-42.5374362150012,1.64165077149341,61.4060720401814));
#4263=CARTESIAN_POINT('Ctrl Pts',(-42.3727713026567,1.49977838868282,60.8950241618967));
#4264=CARTESIAN_POINT('Ctrl Pts',(-42.2651888790509,1.41471660951501,60.5863670554128));
#4265=CARTESIAN_POINT('Ctrl Pts',(-42.1521298969473,1.33064775000735,60.2612613127906));
#4266=CARTESIAN_POINT('Ctrl Pts',(-42.0973906067796,1.29033028501238,60.1008327921117));
#4267=CARTESIAN_POINT('Ctrl Pts',(-42.0530986795687,1.25784843909388,59.9685654382775));
#4268=CARTESIAN_POINT('Ctrl Pts',(-42.0195208200347,1.23304647915372,59.8642337342698));
#4269=CARTESIAN_POINT('Ctrl Pts',(-41.9840468386326,1.2065474754906,59.7509411379324));
#4270=CARTESIAN_POINT('Ctrl Pts',(-41.9470880306902,1.17860136647124,59.6288964240591));
#4271=CARTESIAN_POINT('Ctrl Pts',(-41.9057510701657,1.14563814680761,59.4785061139116));
#4272=CARTESIAN_POINT('Ctrl Pts',(-41.8761890036615,1.12032776558713,59.3594098922502));
#4273=CARTESIAN_POINT('Ctrl Pts',(-41.8593029677621,1.10491794556244,59.285494194101));
#4274=CARTESIAN_POINT('Ctrl Pts',(-41.8468202282328,1.09280780687429,59.2266345671945));
#4275=CARTESIAN_POINT('Ctrl Pts',(-41.8394636277313,1.08532470429683,59.1899670540406));
#4276=CARTESIAN_POINT('Ctrl Pts',(-41.8338543057858,1.07938530194646,59.1606969108618));
#4277=CARTESIAN_POINT('Ctrl Pts',(-41.8297883336826,1.07495356801938,59.1387786103956));
#4278=CARTESIAN_POINT('Ctrl Pts',(-41.82651925418,1.07127858798147,59.1205398866714));
#4279=CARTESIAN_POINT('Ctrl Pts',(-41.8242950593218,1.06871513389475,59.1077878572152));
#4280=CARTESIAN_POINT('Ctrl Pts',(-41.823198554771,1.06743553432377,59.1014132516228));
#4281=CARTESIAN_POINT('Ctrl Pts',(-41.8225773363954,1.06670504900099,59.0977745120596));
#4282=CARTESIAN_POINT('Ctrl Pts',(-41.8222669742687,1.06633984010677,59.0959503124525));
#4283=CARTESIAN_POINT('Ctrl Pts',(-41.7814071399613,1.01750558221908,58.8540294074217));
#4284=CARTESIAN_POINT('Ctrl Pts',(-41.7532141946684,0.980312844342602,58.6280071401432));
#4285=CARTESIAN_POINT('Ctrl Pts',(-41.7049646876114,0.941344945274038,58.3330372862389));
#4286=CARTESIAN_POINT('Ctrl Pts',(-41.6962913776646,0.934619210607397,58.2814731277117));
#4287=CARTESIAN_POINT('Ctrl Pts',(-41.6872108568955,0.927887524896192,58.2289461779829));
#4288=CARTESIAN_POINT('Ctrl Pts',(-48.1471401067975,6.16690511396744,94.0382905552696));
#4289=CARTESIAN_POINT('Ctrl Pts',(-47.4968905021016,6.04106779469568,93.4605177665605));
#4290=CARTESIAN_POINT('Ctrl Pts',(-46.3221494918128,5.78505687945856,92.2387977764856));
#4291=CARTESIAN_POINT('Ctrl Pts',(-44.925020350973,5.39800871501371,90.2326335265661));
#4292=CARTESIAN_POINT('Ctrl Pts',(-43.8721525360052,5.01840752593399,88.0850598970045));
#4293=CARTESIAN_POINT('Ctrl Pts',(-43.3808851366842,4.77752621817954,86.5838263413527));
#4294=CARTESIAN_POINT('Ctrl Pts',(-42.9896862378313,4.54996336925807,85.0841210954765));
#4295=CARTESIAN_POINT('Ctrl Pts',(-42.6930089069887,4.33539905356752,83.5882381217906));
#4296=CARTESIAN_POINT('Ctrl Pts',(-42.4705216342023,4.03676610100649,81.3137870016935));
#4297=CARTESIAN_POINT('Ctrl Pts',(-42.4263253262549,3.7561170703336,79.0363695773908));
#4298=CARTESIAN_POINT('Ctrl Pts',(-42.4862347537698,3.57769117496765,77.5352228260599));
#4299=CARTESIAN_POINT('Ctrl Pts',(-42.5734248527714,3.4076008464781,76.0991388198803));
#4300=CARTESIAN_POINT('Ctrl Pts',(-42.6841860350195,3.24551438350001,74.7259199472032));
#4301=CARTESIAN_POINT('Ctrl Pts',(-42.8950562806906,3.00597964944614,72.7299479169802));
#4302=CARTESIAN_POINT('Ctrl Pts',(-43.117639701943,2.76664893605844,70.8131743631348));
#4303=CARTESIAN_POINT('Ctrl Pts',(-43.2533564982947,2.60540415564262,69.5986978545164));
#4304=CARTESIAN_POINT('Ctrl Pts',(-43.3599306544308,2.46053175008221,68.5478036451317));
#4305=CARTESIAN_POINT('Ctrl Pts',(-43.4436784546806,2.33254900060713,67.647191037746));
#4306=CARTESIAN_POINT('Ctrl Pts',(-43.5257078430057,2.13865909266237,66.3677815752152));
#4307=CARTESIAN_POINT('Ctrl Pts',(-43.5509786140833,1.94537691748382,65.1645943964658));
#4308=CARTESIAN_POINT('Ctrl Pts',(-43.5226416726082,1.82145381112935,64.415550247806));
#4309=CARTESIAN_POINT('Ctrl Pts',(-43.4907005800601,1.75009681257723,63.9775466227246));
#4310=CARTESIAN_POINT('Ctrl Pts',(-43.4576210211253,1.69786940180754,63.6687419474175));
#4311=CARTESIAN_POINT('Ctrl Pts',(-43.362272389318,1.61908792363771,63.2107344430798));
#4312=CARTESIAN_POINT('Ctrl Pts',(-43.1854702193128,1.49484874298965,62.5487672277095));
#4313=CARTESIAN_POINT('Ctrl Pts',(-42.9866001664184,1.3684321697856,61.9076887126073));
#4314=CARTESIAN_POINT('Ctrl Pts',(-42.7490537007926,1.23401930183171,61.2936820874676));
#4315=CARTESIAN_POINT('Ctrl Pts',(-42.5354739230495,1.11516554954944,60.7704718716021));
#4316=CARTESIAN_POINT('Ctrl Pts',(-42.4040575015209,1.04358012085538,60.4627841177654));
#4317=CARTESIAN_POINT('Ctrl Pts',(-42.2747600218811,0.973149010067701,60.1512330478116));
#4318=CARTESIAN_POINT('Ctrl Pts',(-42.2135166399557,0.939489188104146,59.9996823331688));
#4319=CARTESIAN_POINT('Ctrl Pts',(-42.1648055972097,0.91245710247723,59.8761342857069));
#4320=CARTESIAN_POINT('Ctrl Pts',(-42.1286573744779,0.891935183623201,59.7800772059908));
#4321=CARTESIAN_POINT('Ctrl Pts',(-42.0908445038287,0.87008843925777,59.6764920517487));
#4322=CARTESIAN_POINT('Ctrl Pts',(-42.0519837501544,0.847155134855979,59.5659012173197));
#4323=CARTESIAN_POINT('Ctrl Pts',(-42.0095425456148,0.820422114658746,59.4318557925417));
#4324=CARTESIAN_POINT('Ctrl Pts',(-41.9796601576135,0.800119198271211,59.3268996396015));
#4325=CARTESIAN_POINT('Ctrl Pts',(-41.9627695353786,0.787858825715851,59.26224424203));
#4326=CARTESIAN_POINT('Ctrl Pts',(-41.9503706644213,0.778288067905971,59.2110135573508));
#4327=CARTESIAN_POINT('Ctrl Pts',(-41.9430986480702,0.772401696469751,59.1792053496348));
#4328=CARTESIAN_POINT('Ctrl Pts',(-41.9375721554569,0.767746599762736,59.1538717881534));
#4329=CARTESIAN_POINT('Ctrl Pts',(-41.933575425756,0.764281752359896,59.1349310713684));
#4330=CARTESIAN_POINT('Ctrl Pts',(-41.9303691140805,0.76141577188191,59.1191932033946));
#4331=CARTESIAN_POINT('Ctrl Pts',(-41.928191274088,0.759420472604026,59.1082024280714));
#4332=CARTESIAN_POINT('Ctrl Pts',(-41.9271182587551,0.758425422222008,59.1027099125695));
#4333=CARTESIAN_POINT('Ctrl Pts',(-41.9265109178126,0.757857681106222,59.0995773722503));
#4334=CARTESIAN_POINT('Ctrl Pts',(-41.9262069914917,0.757573879598372,59.0980039442311));
#4335=CARTESIAN_POINT('Ctrl Pts',(-41.8864754747789,0.719654706016689,58.8909192915313));
#4336=CARTESIAN_POINT('Ctrl Pts',(-41.8558417824672,0.695621252097885,58.6985293562001));
#4337=CARTESIAN_POINT('Ctrl Pts',(-41.8048426351338,0.671399544538045,58.4208989383938));
#4338=CARTESIAN_POINT('Ctrl Pts',(-41.7957837956879,0.667265616120558,58.372144118958));
#4339=CARTESIAN_POINT('Ctrl Pts',(-41.7863352894464,0.663174205940314,58.3219727733965));
#4340=CARTESIAN_POINT('Ctrl Pts',(-52.1831577215404,3.83898109897394,94.067539202586));
#4341=CARTESIAN_POINT('Ctrl Pts',(-51.4170660488142,3.73765838372395,93.5072512072533));
#4342=CARTESIAN_POINT('Ctrl Pts',(-50.0221090975606,3.54155120664095,92.3192650425584));
#4343=CARTESIAN_POINT('Ctrl Pts',(-48.3260412336469,3.26988806951871,90.3529020040661));
#4344=CARTESIAN_POINT('Ctrl Pts',(-46.9988434379229,3.02192354588676,88.2287921230446));
#4345=CARTESIAN_POINT('Ctrl Pts',(-46.3353845980867,2.87266332246757,86.7294142414593));
#4346=CARTESIAN_POINT('Ctrl Pts',(-45.7769699971266,2.73363675701384,85.2235673140284));
#4347=CARTESIAN_POINT('Ctrl Pts',(-45.3178088771649,2.60445019557996,83.713394642626));
#4348=CARTESIAN_POINT('Ctrl Pts',(-44.8561817219072,2.42852791104782,81.3973229822338));
#4349=CARTESIAN_POINT('Ctrl Pts',(-44.5753362073266,2.26550616311687,79.0639500704108));
#4350=CARTESIAN_POINT('Ctrl Pts',(-44.4775593811536,2.16243620524313,77.5203044631617));
#4351=CARTESIAN_POINT('Ctrl Pts',(-44.41157844681,2.0640300285655,76.0428634012587));
#4352=CARTESIAN_POINT('Ctrl Pts',(-44.3736496725419,1.97007918078893,74.6294512148312));
#4353=CARTESIAN_POINT('Ctrl Pts',(-44.35889978417,1.83008988946373,72.5822728047104));
#4354=CARTESIAN_POINT('Ctrl Pts',(-44.3525979732584,1.68845474358235,70.632825504204));
#4355=CARTESIAN_POINT('Ctrl Pts',(-44.3344543397432,1.59226023667223,69.4145716589974));
#4356=CARTESIAN_POINT('Ctrl Pts',(-44.3045411266952,1.50548918769229,68.3707897086852));
#4357=CARTESIAN_POINT('Ctrl Pts',(-44.2688697127167,1.42876566095807,67.4834645038737));
#4358=CARTESIAN_POINT('Ctrl Pts',(-44.1782470427433,1.31168616185385,66.2475533307673));
#4359=CARTESIAN_POINT('Ctrl Pts',(-44.0436564625461,1.19353077646797,65.1125109221641));
#4360=CARTESIAN_POINT('Ctrl Pts',(-43.9233123684359,1.11413884897507,64.4258113180585));
#4361=CARTESIAN_POINT('Ctrl Pts',(-43.8406333311296,1.06602939339746,64.0291001288898));
#4362=CARTESIAN_POINT('Ctrl Pts',(-43.7688386146986,1.02876821199188,63.7100119072457));
#4363=CARTESIAN_POINT('Ctrl Pts',(-43.6322289490198,0.976436985928964,63.2259289513796));
#4364=CARTESIAN_POINT('Ctrl Pts',(-43.3972096937875,0.896517339162131,62.5155858324786));
#4365=CARTESIAN_POINT('Ctrl Pts',(-43.1441145702867,0.816883131983692,61.8284373412229));
#4366=CARTESIAN_POINT('Ctrl Pts',(-42.8606281298842,0.73455986710373,61.1891920474825));
#4367=CARTESIAN_POINT('Ctrl Pts',(-42.6149110581932,0.662591959624827,60.6570573916269));
#4368=CARTESIAN_POINT('Ctrl Pts',(-42.4690443617466,0.619608993642619,60.3514794341023));
#4369=CARTESIAN_POINT('Ctrl Pts',(-42.3321340512445,0.577594564612687,60.0526405879563));
#4370=CARTESIAN_POINT('Ctrl Pts',(-42.2684025466203,0.557526992192879,59.9091465506361));
#4371=CARTESIAN_POINT('Ctrl Pts',(-42.2184377503232,0.541412440563267,59.7933687282677));
#4372=CARTESIAN_POINT('Ctrl Pts',(-42.1820418743576,0.529155915702989,59.7045554433288));
#4373=CARTESIAN_POINT('Ctrl Pts',(-42.1443050464632,0.516081596638855,59.6094080247402));
#4374=CARTESIAN_POINT('Ctrl Pts',(-42.1060126761017,0.502318860927764,59.5087111770711));
#4375=CARTESIAN_POINT('Ctrl Pts',(-42.0651274864631,0.486130364607856,59.3887154284994));
#4376=CARTESIAN_POINT('Ctrl Pts',(-42.0367560839098,0.473730017217124,59.295947176617));
#4377=CARTESIAN_POINT('Ctrl Pts',(-42.0208727430515,0.466197294183998,59.2393084112982));
#4378=CARTESIAN_POINT('Ctrl Pts',(-42.0092755545259,0.460291328525995,59.1947165205441));
#4379=CARTESIAN_POINT('Ctrl Pts',(-42.0024970687177,0.45664907968589,59.1671550498526));
#4380=CARTESIAN_POINT('Ctrl Pts',(-41.9973545899008,0.453763247144197,59.1452745865017));
#4381=CARTESIAN_POINT('Ctrl Pts',(-41.9936397887181,0.451612798560109,59.1289529441661));
#4382=CARTESIAN_POINT('Ctrl Pts',(-41.9906620749899,0.449832088407375,59.1154210607555));
#4383=CARTESIAN_POINT('Ctrl Pts',(-41.9886404053761,0.448591483619699,59.1059877693388));
#4384=CARTESIAN_POINT('Ctrl Pts',(-41.9876441679288,0.44797253599653,59.1012758903932));
#4385=CARTESIAN_POINT('Ctrl Pts',(-41.9870807304738,0.447619397631093,59.0985921079758));
#4386=CARTESIAN_POINT('Ctrl Pts',(-41.9867980356801,0.447442728196249,59.0972402048178));
#4387=CARTESIAN_POINT('Ctrl Pts',(-41.9501978636361,0.423895400334421,58.9213601376406));
#4388=CARTESIAN_POINT('Ctrl Pts',(-41.9187687061308,0.412359579726156,58.7591359137872));
#4389=CARTESIAN_POINT('Ctrl Pts',(-41.8655689404104,0.40013794124503,58.4949983311611));
#4390=CARTESIAN_POINT('Ctrl Pts',(-41.8562008135859,0.398085630461437,58.4485443826197));
#4391=CARTESIAN_POINT('Ctrl Pts',(-41.84644648735,0.396075539321529,58.4002984891837));
#4392=CARTESIAN_POINT('Ctrl Pts',(-54.9842188689064,2.22430368497127,94.0670729145008));
#4393=CARTESIAN_POINT('Ctrl Pts',(-54.1765494039532,2.15760449122443,93.5116439593566));
#4394=CARTESIAN_POINT('Ctrl Pts',(-52.690399250053,2.0295135047468,92.3343745487296));
#4395=CARTESIAN_POINT('Ctrl Pts',(-50.83487785193,1.8545170247046,90.385056051148));
#4396=CARTESIAN_POINT('Ctrl Pts',(-49.3270590496029,1.69540677180985,88.2754798499655));
#4397=CARTESIAN_POINT('Ctrl Pts',(-48.5305027677957,1.59883378718728,86.7815308776225));
#4398=CARTESIAN_POINT('Ctrl Pts',(-47.83555681001,1.50806252469887,85.278047556375));
#4399=CARTESIAN_POINT('Ctrl Pts',(-47.2367636780087,1.4228599737587,83.7671064460829));
#4400=CARTESIAN_POINT('Ctrl Pts',(-46.5544607583425,1.3054514348708,81.4417792065758));
#4401=CARTESIAN_POINT('Ctrl Pts',(-46.0460179254725,1.19698242190992,79.0929720763469));
#4402=CARTESIAN_POINT('Ctrl Pts',(-45.7949539392108,1.13009030177614,77.5364750227434));
#4403=CARTESIAN_POINT('Ctrl Pts',(-45.5813662182793,1.06782107645195,76.0461662476062));
#4404=CARTESIAN_POINT('Ctrl Pts',(-45.4014686258319,1.00985143454822,74.6199423853848));
#4405=CARTESIAN_POINT('Ctrl Pts',(-45.1808821592271,0.929539585614229,72.555847092451));
#4406=CARTESIAN_POINT('Ctrl Pts',(-44.9818692368482,0.855372403374538,70.595074705254));
#4407=CARTESIAN_POINT('Ctrl Pts',(-44.8483998447986,0.809236251218506,69.3746778401456));
#4408=CARTESIAN_POINT('Ctrl Pts',(-44.7235934827523,0.768741983982525,68.3320304965236));
#4409=CARTESIAN_POINT('Ctrl Pts',(-44.6100495191358,0.73366054881403,67.4476843790912));
#4410=CARTESIAN_POINT('Ctrl Pts',(-44.4214821698033,0.680155390468215,66.222638010938));
#4411=CARTESIAN_POINT('Ctrl Pts',(-44.2099231235777,0.623197317980924,65.1045859386151));
#4412=CARTESIAN_POINT('Ctrl Pts',(-44.0525638029975,0.580612099563928,64.4337553314138));
#4413=CARTESIAN_POINT('Ctrl Pts',(-43.9516789684644,0.552457566205017,64.0475710192433));
#4414=CARTESIAN_POINT('Ctrl Pts',(-43.8644416498202,0.530624894440924,63.7231731465608));
#4415=CARTESIAN_POINT('Ctrl Pts',(-43.7139943232479,0.502252177181435,63.2303610725454));
#4416=CARTESIAN_POINT('Ctrl Pts',(-43.4592777809574,0.459803608458144,62.5026483415557));
#4417=CARTESIAN_POINT('Ctrl Pts',(-43.1884680697811,0.418214686383077,61.7991328680673));
#4418=CARTESIAN_POINT('Ctrl Pts',(-42.8906484911377,0.376090219310898,61.1511700060723));
#4419=CARTESIAN_POINT('Ctrl Pts',(-42.6353280540593,0.339542174843685,60.6161541520075));
#4420=CARTESIAN_POINT('Ctrl Pts',(-42.4854416803339,0.317844301392904,60.3115193260896));
#4421=CARTESIAN_POINT('Ctrl Pts',(-42.3469124480917,0.296720259886132,60.017316985959));
#4422=CARTESIAN_POINT('Ctrl Pts',(-42.2828077903915,0.286630066294605,59.8767172744854));
#4423=CARTESIAN_POINT('Ctrl Pts',(-42.2327872112881,0.278524003150941,59.7637097348567));
#4424=CARTESIAN_POINT('Ctrl Pts',(-42.196583616294,0.272345568200495,59.6774552403031));
#4425=CARTESIAN_POINT('Ctrl Pts',(-42.159162427019,0.265742323681109,59.5852764409289));
#4426=CARTESIAN_POINT('Ctrl Pts',(-42.1213539077644,0.258773831650842,59.4880495893693));
#4427=CARTESIAN_POINT('Ctrl Pts',(-42.0813202991675,0.250513940639815,59.3729675655702));
#4428=CARTESIAN_POINT('Ctrl Pts',(-42.0536962694866,0.244140122545989,59.2844826754435));
#4429=CARTESIAN_POINT('Ctrl Pts',(-42.0382866453253,0.240247785563496,59.230681140047));
#4430=CARTESIAN_POINT('Ctrl Pts',(-42.0270612616237,0.237183796283829,59.18845699901));
#4431=CARTESIAN_POINT('Ctrl Pts',(-42.0205088604563,0.235289262620115,59.1624200933959));
#4432=CARTESIAN_POINT('Ctrl Pts',(-42.0155418956394,0.233785340245757,59.1417862752088));
#4433=CARTESIAN_POINT('Ctrl Pts',(-42.0119555058159,0.232663288053253,59.1264141729405));
#4434=CARTESIAN_POINT('Ctrl Pts',(-42.0090816343927,0.231733052469735,59.1136856081312));
#4435=CARTESIAN_POINT('Ctrl Pts',(-42.0071308977468,0.231084426780365,59.1048216280658));
#4436=CARTESIAN_POINT('Ctrl Pts',(-42.0061695424978,0.230760677631109,59.1003955161107));
#4437=CARTESIAN_POINT('Ctrl Pts',(-42.0056260349281,0.230575942967738,59.0978763401581));
#4438=CARTESIAN_POINT('Ctrl Pts',(-42.0053530090295,0.230483481342404,59.0966054438961));
#4439=CARTESIAN_POINT('Ctrl Pts',(-41.9701625093229,0.218172952882614,58.932285737085));
#4440=CARTESIAN_POINT('Ctrl Pts',(-41.9387032217215,0.212839337251227,58.7812365141814));
#4441=CARTESIAN_POINT('Ctrl Pts',(-41.8846040870325,0.207042353359924,58.5216048346625));
#4442=CARTESIAN_POINT('Ctrl Pts',(-41.8751126568586,0.206077666821829,58.4759517736316));
#4443=CARTESIAN_POINT('Ctrl Pts',(-41.8652347163295,0.205137652975719,58.4283679216332));
#4444=CARTESIAN_POINT('Ctrl Pts',(-55.9712058234452,1.69440546401646,94.1057911957845));
#4445=CARTESIAN_POINT('Ctrl Pts',(-55.1491146992863,1.64231499170154,93.5532273675278));
#4446=CARTESIAN_POINT('Ctrl Pts',(-53.6294574000243,1.54024623634122,92.3798801296537));
#4447=CARTESIAN_POINT('Ctrl Pts',(-51.712718836381,1.39742014735591,90.4317505063088));
#4448=CARTESIAN_POINT('Ctrl Pts',(-50.1351647152877,1.26606294467388,88.3199911550935));
#4449=CARTESIAN_POINT('Ctrl Pts',(-49.287214352449,1.18551264704459,86.8231658661117));
#4450=CARTESIAN_POINT('Ctrl Pts',(-48.5398030041738,1.10935034232756,85.3162377426792));
#4451=CARTESIAN_POINT('Ctrl Pts',(-47.8875312112769,1.03743761816812,83.8012823263469));
#4452=CARTESIAN_POINT('Ctrl Pts',(-47.1215871660209,0.937554254494227,81.4688213925001));
#4453=CARTESIAN_POINT('Ctrl Pts',(-46.5281791870152,0.845385458384808,79.1124029304659));
#4454=CARTESIAN_POINT('Ctrl Pts',(-46.2211136308234,0.789194992814903,77.5508826996405));
#4455=CARTESIAN_POINT('Ctrl Pts',(-45.9543982640352,0.737489340929683,76.0558924535077));
#4456=CARTESIAN_POINT('Ctrl Pts',(-45.7240982653224,0.689938360695602,74.625315988975));
#4457=CARTESIAN_POINT('Ctrl Pts',(-45.4328316988778,0.626305005592477,72.5558705453423));
#4458=CARTESIAN_POINT('Ctrl Pts',(-45.1698718681579,0.570370316145548,70.5915053015638));
#4459=CARTESIAN_POINT('Ctrl Pts',(-44.9992700081941,0.537550711187065,69.3700896568969));
#4460=CARTESIAN_POINT('Ctrl Pts',(-44.8442729444591,0.509558926980179,68.3272045512591));
#4461=CARTESIAN_POINT('Ctrl Pts',(-44.7062163131243,0.485842859260034,67.4430791715983));
#4462=CARTESIAN_POINT('Ctrl Pts',(-44.4873987316053,0.450724139747788,66.2196440800958));
#4463=CARTESIAN_POINT('Ctrl Pts',(-44.2526942276541,0.413177824959647,65.104305029499));
#4464=CARTESIAN_POINT('Ctrl Pts',(-44.0847317243214,0.384031382520629,64.4361432156261));
#4465=CARTESIAN_POINT('Ctrl Pts',(-43.9789420669679,0.363973409660711,64.0517381633261));
#4466=CARTESIAN_POINT('Ctrl Pts',(-43.8874517990039,0.348628749310518,63.7262106070302));
#4467=CARTESIAN_POINT('Ctrl Pts',(-43.7335369655076,0.329577487044234,63.2312657179938));
#4468=CARTESIAN_POINT('Ctrl Pts',(-43.4738688886413,0.301336147480779,62.4992680272031));
#4469=CARTESIAN_POINT('Ctrl Pts',(-43.198708436869,0.273907618578217,61.7916664493815));
#4470=CARTESIAN_POINT('Ctrl Pts',(-42.897478244212,0.246392955254949,61.1415415762862));
#4471=CARTESIAN_POINT('Ctrl Pts',(-42.6399288019956,0.222600382863487,60.6058326887316));
#4472=CARTESIAN_POINT('Ctrl Pts',(-42.48914773981,0.208517870042916,60.3014535633948));
#4473=CARTESIAN_POINT('Ctrl Pts',(-42.3503179888319,0.194837724802299,60.0084266546688));
#4474=CARTESIAN_POINT('Ctrl Pts',(-42.28616777354,0.188302963385587,59.8685561278669));
#4475=CARTESIAN_POINT('Ctrl Pts',(-42.2361678967871,0.18305189579109,59.7562447452275));
#4476=CARTESIAN_POINT('Ctrl Pts',(-42.2000357911718,0.179044935480308,59.6706306996249));
#4477=CARTESIAN_POINT('Ctrl Pts',(-42.1627168282634,0.174758111278477,59.5791935777293));
#4478=CARTESIAN_POINT('Ctrl Pts',(-42.1250502442814,0.170228242402197,59.4828325872757));
#4479=CARTESIAN_POINT('Ctrl Pts',(-42.0852495026706,0.16483734967508,59.3689748605366));
#4480=CARTESIAN_POINT('Ctrl Pts',(-42.0578260177836,0.160661077686951,59.2815603477542));
#4481=CARTESIAN_POINT('Ctrl Pts',(-42.0425421127759,0.158103434829223,59.2284709522566));
#4482=CARTESIAN_POINT('Ctrl Pts',(-42.0314154902647,0.15608566409628,59.1868438759032));
#4483=CARTESIAN_POINT('Ctrl Pts',(-42.0249230877797,0.154836204511914,59.1611929622887));
#4484=CARTESIAN_POINT('Ctrl Pts',(-42.0200028169996,0.153843290672934,59.1408758424292));
#4485=CARTESIAN_POINT('Ctrl Pts',(-42.0164506196936,0.153101973275813,59.125745579228));
#4486=CARTESIAN_POINT('Ctrl Pts',(-42.0136044334443,0.152486961499733,59.1132221608827));
#4487=CARTESIAN_POINT('Ctrl Pts',(-42.0116726458798,0.152057919457325,59.1045038951362));
#4488=CARTESIAN_POINT('Ctrl Pts',(-42.0107206177318,0.151843716359139,59.1001509911924));
#4489=CARTESIAN_POINT('Ctrl Pts',(-42.0101824428465,0.151721478377065,59.0976740314123));
#4490=CARTESIAN_POINT('Ctrl Pts',(-42.0099120036658,0.151660286020834,59.0964238785102));
#4491=CARTESIAN_POINT('Ctrl Pts',(-41.9750991897148,0.143515559697556,58.9350845281294));
#4492=CARTESIAN_POINT('Ctrl Pts',(-41.9436615102288,0.140147835674139,58.7869143898609));
#4493=CARTESIAN_POINT('Ctrl Pts',(-41.889312641768,0.136491291427004,58.5283887085931));
#4494=CARTESIAN_POINT('Ctrl Pts',(-41.8797873768989,0.13588544763523,58.4829362246427));
#4495=CARTESIAN_POINT('Ctrl Pts',(-41.869875306595,0.135296678155793,58.4355167301559));
#4496=CARTESIAN_POINT('Ctrl Pts',(-56.5912653521857,1.2308753853006,94.1587123859252));
#4497=CARTESIAN_POINT('Ctrl Pts',(-55.7558380666874,1.19559861307581,93.6115011445338));
#4498=CARTESIAN_POINT('Ctrl Pts',(-54.2044121287143,1.12362943204947,92.4475926653787));
#4499=CARTESIAN_POINT('Ctrl Pts',(-52.2309040841893,1.01653612608231,90.5048578357371));
#4500=CARTESIAN_POINT('Ctrl Pts',(-50.5934382131013,0.91483401142553,88.3895811090079));
#4501=CARTESIAN_POINT('Ctrl Pts',(-49.7060798761795,0.852171782044821,86.8863757163275));
#4502=CARTESIAN_POINT('Ctrl Pts',(-48.920510600176,0.793184176876714,85.3722693391367));
#4503=CARTESIAN_POINT('Ctrl Pts',(-48.2313791880439,0.737699735621752,83.8493108637669));
#4504=CARTESIAN_POINT('Ctrl Pts',(-47.4128584071884,0.66170846965004,81.5045222447187));
#4505=CARTESIAN_POINT('Ctrl Pts',(-46.7703244617096,0.592277209597819,79.1367789031784));
#4506=CARTESIAN_POINT('Ctrl Pts',(-46.4333352459934,0.550048906747917,77.5688323755233));
#4507=CARTESIAN_POINT('Ctrl Pts',(-46.1391423634853,0.511027027684089,76.0682439341758));
#4508=CARTESIAN_POINT('Ctrl Pts',(-45.8836877445528,0.474977809279422,74.6328143934172));
#4509=CARTESIAN_POINT('Ctrl Pts',(-45.5589830073686,0.425804453069604,72.5579849568041));
#4510=CARTESIAN_POINT('Ctrl Pts',(-45.2668617034196,0.38133091048849,70.5901398572634));
#4511=CARTESIAN_POINT('Ctrl Pts',(-45.0793352915853,0.354580521704297,69.367623944749));
#4512=CARTESIAN_POINT('Ctrl Pts',(-44.9102007778061,0.331810169874287,68.3242825410048));
#4513=CARTESIAN_POINT('Ctrl Pts',(-44.7604017352826,0.312554563971431,67.4401058222996));
#4514=CARTESIAN_POINT('Ctrl Pts',(-44.5259606537726,0.285075533609207,66.2176016394321));
#4515=CARTESIAN_POINT('Ctrl Pts',(-44.2781295929865,0.257633681454946,65.1041037166939));
#4516=CARTESIAN_POINT('Ctrl Pts',(-44.1037532239471,0.237782297656342,64.4377171931167));
#4517=CARTESIAN_POINT('Ctrl Pts',(-43.9949893963952,0.224382507192548,64.0544019245139));
#4518=CARTESIAN_POINT('Ctrl Pts',(-43.9011224955008,0.214244825054328,63.7281988670394));
#4519=CARTESIAN_POINT('Ctrl Pts',(-43.7451361918232,0.202177812997258,63.2318527921796));
#4520=CARTESIAN_POINT('Ctrl Pts',(-43.4825494128625,0.18452939456432,62.4972155403378));
#4521=CARTESIAN_POINT('Ctrl Pts',(-43.2047800580861,0.167574070148391,61.7871077005699));
#4522=CARTESIAN_POINT('Ctrl Pts',(-42.9014835685702,0.150798440383992,61.1356684229657));
#4523=CARTESIAN_POINT('Ctrl Pts',(-42.6425872068687,0.13636294135599,60.59953996355));
#4524=CARTESIAN_POINT('Ctrl Pts',(-42.4912663943849,0.127854434116504,60.2953194984594));
#4525=CARTESIAN_POINT('Ctrl Pts',(-42.3522570394801,0.119611119978761,60.0030117984045));
#4526=CARTESIAN_POINT('Ctrl Pts',(-42.2880803264329,0.115672873118573,59.8635874382111));
#4527=CARTESIAN_POINT('Ctrl Pts',(-42.2380970337046,0.112507070421177,59.7517021666072));
#4528=CARTESIAN_POINT('Ctrl Pts',(-42.2020123627317,0.110087485156005,59.6664803256358));
#4529=CARTESIAN_POINT('Ctrl Pts',(-42.1647600627335,0.107495380306848,59.5754975322592));
#4530=CARTESIAN_POINT('Ctrl Pts',(-42.1271867555448,0.104751532970379,59.4796670900026));
#4531=CARTESIAN_POINT('Ctrl Pts',(-42.0875352809304,0.101469116566519,59.3665591945027));
#4532=CARTESIAN_POINT('Ctrl Pts',(-42.0602382603904,0.0989136385928013,
59.2797988766329));
#4533=CARTESIAN_POINT('Ctrl Pts',(-42.0450338002263,0.0973430242813092,
59.2271438040713));
#4534=CARTESIAN_POINT('Ctrl Pts',(-42.0339687950452,0.0961005325836514,
59.1858799824722));
#4535=CARTESIAN_POINT('Ctrl Pts',(-42.0275137634166,0.095329738793604,59.1604634771164));
#4536=CARTESIAN_POINT('Ctrl Pts',(-42.0226223641246,0.0947163797039616,
59.1403383696725));
#4537=CARTESIAN_POINT('Ctrl Pts',(-42.0190912655688,0.0942580330236959,
59.1253545646977));
#4538=CARTESIAN_POINT('Ctrl Pts',(-42.0162621221615,0.0938774446726684,
59.1129552375364));
#4539=CARTESIAN_POINT('Ctrl Pts',(-42.0143419574618,0.093611770240559,59.1043250220733));
#4540=CARTESIAN_POINT('Ctrl Pts',(-42.0133956384151,0.0934790864202926,
59.1000163379224));
#4541=CARTESIAN_POINT('Ctrl Pts',(-42.0128607278215,0.0934033584190884,
59.0975648642297));
#4542=CARTESIAN_POINT('Ctrl Pts',(-42.0125918654799,0.0933654417591282,
59.0963272445306));
#4543=CARTESIAN_POINT('Ctrl Pts',(-41.9780122234993,0.0883199844912436,
58.9367824600272));
#4544=CARTESIAN_POINT('Ctrl Pts',(-41.9465939123691,0.0863601806497409,
58.7903416470172));
#4545=CARTESIAN_POINT('Ctrl Pts',(-41.8921043505422,0.0842278759377151,
58.5324975264624));
#4546=CARTESIAN_POINT('Ctrl Pts',(-41.8825596123265,0.0838765709364644,
58.4871671608584));
#4547=CARTESIAN_POINT('Ctrl Pts',(-41.8726275328656,0.0835364927242814,
58.4398482117464));
#4548=CARTESIAN_POINT('Ctrl Pts',(-56.8670213139181,0.462120849264777,94.168347758237));
#4549=CARTESIAN_POINT('Ctrl Pts',(-56.0271657257999,0.44851151943536,93.6228571110941));
#4550=CARTESIAN_POINT('Ctrl Pts',(-54.4644982324471,0.42110968929351,92.4626360907495));
#4551=CARTESIAN_POINT('Ctrl Pts',(-52.4678072872233,0.380854343375652,90.5246993655595));
#4552=CARTESIAN_POINT('Ctrl Pts',(-50.8032910141377,0.342706682681924,88.4115828962612));
#4553=CARTESIAN_POINT('Ctrl Pts',(-49.8971675871626,0.319320062229721,86.90777943163));
#4554=CARTESIAN_POINT('Ctrl Pts',(-49.0935728055701,0.297357810818869,85.392282957106));
#4555=CARTESIAN_POINT('Ctrl Pts',(-48.387028009085,0.276783144220641,83.8672357758175));
#4556=CARTESIAN_POINT('Ctrl Pts',(-47.5444900442688,0.248847368180906,81.5182524007089));
#4557=CARTESIAN_POINT('Ctrl Pts',(-46.8800635255732,0.223538477194784,79.1462897651196));
#4558=CARTESIAN_POINT('Ctrl Pts',(-46.5297281153026,0.208211872489127,77.5758473918084));
#4559=CARTESIAN_POINT('Ctrl Pts',(-46.2232259577992,0.194021633030188,76.0730688620222));
#4560=CARTESIAN_POINT('Ctrl Pts',(-45.9563605395372,0.180902361763237,74.635728078596));
#4561=CARTESIAN_POINT('Ctrl Pts',(-45.6161571928692,0.162828893566576,72.5587333569222));
#4562=CARTESIAN_POINT('Ctrl Pts',(-45.3100792684363,0.146245299492847,70.5894711025886));
#4563=CARTESIAN_POINT('Ctrl Pts',(-45.1143460660242,0.136056809108326,69.3665003374251));
#4564=CARTESIAN_POINT('Ctrl Pts',(-44.9384687656025,0.127258454296756,68.3229708161811));
#4565=CARTESIAN_POINT('Ctrl Pts',(-44.7831215617983,0.119733034327295,67.4387740406264));
#4566=CARTESIAN_POINT('Ctrl Pts',(-44.5416357335595,0.108730500559924,66.216659665799));
#4567=CARTESIAN_POINT('Ctrl Pts',(-44.2881310707232,0.0975601274849638,
65.103934397495));
#4568=CARTESIAN_POINT('Ctrl Pts',(-44.1110532338222,0.0894796171302689,
64.4382789139393));
#4569=CARTESIAN_POINT('Ctrl Pts',(-44.0010575418778,0.0840635897867533,
64.0553962784383));
#4570=CARTESIAN_POINT('Ctrl Pts',(-43.9062349838764,0.0800213288988118,
63.72896661932));
#4571=CARTESIAN_POINT('Ctrl Pts',(-43.7494290452128,0.0753891653564765,
63.232050297025));
#4572=CARTESIAN_POINT('Ctrl Pts',(-43.4857021568752,0.0687030267626783,
62.4963601167734));
#4573=CARTESIAN_POINT('Ctrl Pts',(-43.2069263855327,0.0623458339277969,
61.785248547785));
#4574=CARTESIAN_POINT('Ctrl Pts',(-42.9028523272047,0.0561413833111283,
61.1332904168952));
#4575=CARTESIAN_POINT('Ctrl Pts',(-42.6434605700667,0.0508278422931687,
60.5970022640837));
#4576=CARTESIAN_POINT('Ctrl Pts',(-42.4919516483687,0.0477089790159583,
60.2928510894053));
#4577=CARTESIAN_POINT('Ctrl Pts',(-42.3528996466514,0.0446943585502448,
60.0008357135161));
#4578=CARTESIAN_POINT('Ctrl Pts',(-42.2887263762505,0.0432536729786768,
59.8615916378507));
#4579=CARTESIAN_POINT('Ctrl Pts',(-42.2387603211041,0.0420951313040849,
59.7498780657951));
#4580=CARTESIAN_POINT('Ctrl Pts',(-42.202702319946,0.041208181053094,59.6648137441055));
#4581=CARTESIAN_POINT('Ctrl Pts',(-42.1654846517547,0.0402566793357471,
59.5740131905195));
#4582=CARTESIAN_POINT('Ctrl Pts',(-42.1279563243909,0.0392478202761979,
59.4783953111313));
#4583=CARTESIAN_POINT('Ctrl Pts',(-42.0883727309392,0.0380348350065547,
59.3655874519129));
#4584=CARTESIAN_POINT('Ctrl Pts',(-42.0611319772415,0.0370859557908764,
59.2790892093882));
#4585=CARTESIAN_POINT('Ctrl Pts',(-42.0459622580176,0.0365007904972225,
59.2266084594045));
#4586=CARTESIAN_POINT('Ctrl Pts',(-42.0349240801487,0.0360365985588051,
59.1854907308031));
#4587=CARTESIAN_POINT('Ctrl Pts',(-42.0284852188724,0.0357481048270989,
59.1601686621598));
#4588=CARTESIAN_POINT('Ctrl Pts',(-42.0236062933877,0.0355182098915863,
59.140121023705));
#4589=CARTESIAN_POINT('Ctrl Pts',(-42.0200842874661,0.0353462548882052,
59.1251963723942));
#4590=CARTESIAN_POINT('Ctrl Pts',(-42.0172624715487,0.0352033377271668,
59.1128472224069));
#4591=CARTESIAN_POINT('Ctrl Pts',(-42.0153472989474,0.0351035013160058,
59.1042526435378));
#4592=CARTESIAN_POINT('Ctrl Pts',(-42.0144034316581,0.0350536229391793,
59.0999618643578));
#4593=CARTESIAN_POINT('Ctrl Pts',(-42.0138699210876,0.0350251502878883,
59.0975207134399));
#4594=CARTESIAN_POINT('Ctrl Pts',(-42.0136017374869,0.0350108924080059,
59.0962881696069));
#4595=CARTESIAN_POINT('Ctrl Pts',(-41.9791211407353,0.0331135624300069,
58.9374708865628));
#4596=CARTESIAN_POINT('Ctrl Pts',(-41.9477111903222,0.0324042861986267,
58.7917260185093));
#4597=CARTESIAN_POINT('Ctrl Pts',(-41.8931624598183,0.0316423968164156,
58.5341527260556));
#4598=CARTESIAN_POINT('Ctrl Pts',(-41.8836094933096,0.0315173774463683,
58.4888710929637));
#4599=CARTESIAN_POINT('Ctrl Pts',(-41.8736689615731,0.0313967942486659,
58.4415922022006));
#4600=CARTESIAN_POINT('Ctrl Pts',(-56.8670213139181,-0.46212084926482,94.168347758237));
#4601=CARTESIAN_POINT('Ctrl Pts',(-56.0271657257999,-0.448511519435402,
93.6228571110941));
#4602=CARTESIAN_POINT('Ctrl Pts',(-54.4644982324471,-0.42110968929355,92.4626360907495));
#4603=CARTESIAN_POINT('Ctrl Pts',(-52.4678072872233,-0.380854343375689,
90.5246993655595));
#4604=CARTESIAN_POINT('Ctrl Pts',(-50.8032910141377,-0.342706682681958,
88.4115828962612));
#4605=CARTESIAN_POINT('Ctrl Pts',(-49.8971675871626,-0.319320062229753,
86.90777943163));
#4606=CARTESIAN_POINT('Ctrl Pts',(-49.0935728055701,-0.297357810818898,
85.392282957106));
#4607=CARTESIAN_POINT('Ctrl Pts',(-48.3870280090851,-0.276783144220669,
83.8672357758175));
#4608=CARTESIAN_POINT('Ctrl Pts',(-47.5444900442688,-0.248847368180931,
81.5182524007089));
#4609=CARTESIAN_POINT('Ctrl Pts',(-46.8800635255732,-0.223538477194806,
79.1462897651196));
#4610=CARTESIAN_POINT('Ctrl Pts',(-46.5297281153026,-0.208211872489148,
77.5758473918084));
#4611=CARTESIAN_POINT('Ctrl Pts',(-46.2232259577993,-0.194021633030207,
76.0730688620222));
#4612=CARTESIAN_POINT('Ctrl Pts',(-45.9563605395372,-0.180902361763255,
74.635728078596));
#4613=CARTESIAN_POINT('Ctrl Pts',(-45.6161571928692,-0.162828893566591,
72.5587333569222));
#4614=CARTESIAN_POINT('Ctrl Pts',(-45.3100792684363,-0.146245299492859,
70.5894711025886));
#4615=CARTESIAN_POINT('Ctrl Pts',(-45.1143460660242,-0.136056809108338,
69.3665003374251));
#4616=CARTESIAN_POINT('Ctrl Pts',(-44.9384687656025,-0.127258454296766,
68.3229708161811));
#4617=CARTESIAN_POINT('Ctrl Pts',(-44.7831215617982,-0.119733034327304,
67.4387740406264));
#4618=CARTESIAN_POINT('Ctrl Pts',(-44.5416357335595,-0.108730500559932,
66.216659665799));
#4619=CARTESIAN_POINT('Ctrl Pts',(-44.2881310707232,-0.0975601274849712,
65.103934397495));
#4620=CARTESIAN_POINT('Ctrl Pts',(-44.1110532338222,-0.0894796171302765,
64.4382789139393));
#4621=CARTESIAN_POINT('Ctrl Pts',(-44.0010575418777,-0.0840635897867613,
64.0553962784383));
#4622=CARTESIAN_POINT('Ctrl Pts',(-43.9062349838764,-0.08002132889882,63.72896661932));
#4623=CARTESIAN_POINT('Ctrl Pts',(-43.7494290452128,-0.0753891653564852,
63.232050297025));
#4624=CARTESIAN_POINT('Ctrl Pts',(-43.4857021568752,-0.0687030267626876,
62.4963601167735));
#4625=CARTESIAN_POINT('Ctrl Pts',(-43.2069263855326,-0.0623458339278068,
61.7852485477851));
#4626=CARTESIAN_POINT('Ctrl Pts',(-42.9028523272047,-0.0561413833111384,
61.1332904168952));
#4627=CARTESIAN_POINT('Ctrl Pts',(-42.6434605700667,-0.0508278422931786,
60.5970022640838));
#4628=CARTESIAN_POINT('Ctrl Pts',(-42.4919516483687,-0.047708979015968,
60.2928510894053));
#4629=CARTESIAN_POINT('Ctrl Pts',(-42.3528996466514,-0.0446943585502537,
60.0008357135161));
#4630=CARTESIAN_POINT('Ctrl Pts',(-42.2887263762505,-0.0432536729786853,
59.8615916378507));
#4631=CARTESIAN_POINT('Ctrl Pts',(-42.238760321104,-0.0420951313040929,
59.7498780657951));
#4632=CARTESIAN_POINT('Ctrl Pts',(-42.202702319946,-0.0412081810531017,
59.6648137441056));
#4633=CARTESIAN_POINT('Ctrl Pts',(-42.1654846517547,-0.0402566793357543,
59.5740131905195));
#4634=CARTESIAN_POINT('Ctrl Pts',(-42.1279563243909,-0.0392478202762047,
59.4783953111313));
#4635=CARTESIAN_POINT('Ctrl Pts',(-42.0883727309392,-0.0380348350065605,
59.3655874519129));
#4636=CARTESIAN_POINT('Ctrl Pts',(-42.0611319772415,-0.0370859557908816,
59.2790892093882));
#4637=CARTESIAN_POINT('Ctrl Pts',(-42.0459622580176,-0.036500790497227,
59.2266084594046));
#4638=CARTESIAN_POINT('Ctrl Pts',(-42.0349240801487,-0.0360365985588092,
59.1854907308031));
#4639=CARTESIAN_POINT('Ctrl Pts',(-42.0284852188724,-0.0357481048271027,
59.1601686621599));
#4640=CARTESIAN_POINT('Ctrl Pts',(-42.0236062933877,-0.0355182098915899,
59.140121023705));
#4641=CARTESIAN_POINT('Ctrl Pts',(-42.0200842874661,-0.0353462548882085,
59.1251963723942));
#4642=CARTESIAN_POINT('Ctrl Pts',(-42.0172624715487,-0.0352033377271699,
59.1128472224069));
#4643=CARTESIAN_POINT('Ctrl Pts',(-42.0153472989474,-0.0351035013160088,
59.1042526435378));
#4644=CARTESIAN_POINT('Ctrl Pts',(-42.0144034316581,-0.0350536229391822,
59.0999618643579));
#4645=CARTESIAN_POINT('Ctrl Pts',(-42.0138699210876,-0.0350251502878912,
59.0975207134399));
#4646=CARTESIAN_POINT('Ctrl Pts',(-42.0136017374869,-0.0350108924080088,
59.0962881696069));
#4647=CARTESIAN_POINT('Ctrl Pts',(-41.9791211407353,-0.0331135624300075,
58.9374708865628));
#4648=CARTESIAN_POINT('Ctrl Pts',(-41.9477111903222,-0.0324042861986256,
58.7917260185093));
#4649=CARTESIAN_POINT('Ctrl Pts',(-41.8931624598183,-0.0316423968164131,
58.5341527260556));
#4650=CARTESIAN_POINT('Ctrl Pts',(-41.8836094933096,-0.0315173774463656,
58.4888710929637));
#4651=CARTESIAN_POINT('Ctrl Pts',(-41.873668961573,-0.031396794248663,58.4415922022006));
#4652=CARTESIAN_POINT('Ctrl Pts',(-56.5912653521856,-1.23087538530072,94.1587123859252));
#4653=CARTESIAN_POINT('Ctrl Pts',(-55.7558380666873,-1.19559861307592,93.6115011445338));
#4654=CARTESIAN_POINT('Ctrl Pts',(-54.2044121287143,-1.12362943204958,92.4475926653786));
#4655=CARTESIAN_POINT('Ctrl Pts',(-52.2309040841892,-1.01653612608241,90.5048578357371));
#4656=CARTESIAN_POINT('Ctrl Pts',(-50.5934382131012,-0.914834011425625,
88.3895811090078));
#4657=CARTESIAN_POINT('Ctrl Pts',(-49.7060798761794,-0.85217178204491,86.8863757163275));
#4658=CARTESIAN_POINT('Ctrl Pts',(-48.920510600176,-0.793184176876797,85.3722693391367));
#4659=CARTESIAN_POINT('Ctrl Pts',(-48.2313791880438,-0.737699735621829,
83.8493108637669));
#4660=CARTESIAN_POINT('Ctrl Pts',(-47.4128584071884,-0.661708469650108,
81.5045222447187));
#4661=CARTESIAN_POINT('Ctrl Pts',(-46.7703244617095,-0.592277209597879,
79.1367789031784));
#4662=CARTESIAN_POINT('Ctrl Pts',(-46.4333352459934,-0.55004890674797,77.5688323755233));
#4663=CARTESIAN_POINT('Ctrl Pts',(-46.1391423634852,-0.511027027684138,
76.0682439341758));
#4664=CARTESIAN_POINT('Ctrl Pts',(-45.8836877445527,-0.474977809279466,
74.6328143934172));
#4665=CARTESIAN_POINT('Ctrl Pts',(-45.5589830073686,-0.42580445306964,72.5579849568041));
#4666=CARTESIAN_POINT('Ctrl Pts',(-45.2668617034196,-0.381330910488519,
70.5901398572634));
#4667=CARTESIAN_POINT('Ctrl Pts',(-45.0793352915852,-0.354580521704323,
69.367623944749));
#4668=CARTESIAN_POINT('Ctrl Pts',(-44.9102007778061,-0.33181016987431,68.3242825410048));
#4669=CARTESIAN_POINT('Ctrl Pts',(-44.7604017352826,-0.312554563971453,
67.4401058222996));
#4670=CARTESIAN_POINT('Ctrl Pts',(-44.5259606537726,-0.285075533609227,
66.2176016394321));
#4671=CARTESIAN_POINT('Ctrl Pts',(-44.2781295929865,-0.257633681454965,
65.1041037166939));
#4672=CARTESIAN_POINT('Ctrl Pts',(-44.1037532239471,-0.237782297656362,
64.4377171931167));
#4673=CARTESIAN_POINT('Ctrl Pts',(-43.9949893963952,-0.224382507192569,
64.0544019245138));
#4674=CARTESIAN_POINT('Ctrl Pts',(-43.9011224955008,-0.214244825054349,
63.7281988670394));
#4675=CARTESIAN_POINT('Ctrl Pts',(-43.7451361918232,-0.20217781299728,63.2318527921796));
#4676=CARTESIAN_POINT('Ctrl Pts',(-43.4825494128625,-0.184529394564341,
62.4972155403378));
#4677=CARTESIAN_POINT('Ctrl Pts',(-43.2047800580861,-0.167574070148411,
61.7871077005699));
#4678=CARTESIAN_POINT('Ctrl Pts',(-42.9014835685702,-0.15079844038401,61.1356684229657));
#4679=CARTESIAN_POINT('Ctrl Pts',(-42.6425872068687,-0.136362941356006,
60.59953996355));
#4680=CARTESIAN_POINT('Ctrl Pts',(-42.4912663943849,-0.127854434116518,
60.2953194984594));
#4681=CARTESIAN_POINT('Ctrl Pts',(-42.3522570394801,-0.119611119978772,
60.0030117984045));
#4682=CARTESIAN_POINT('Ctrl Pts',(-42.2880803264329,-0.115672873118583,
59.8635874382111));
#4683=CARTESIAN_POINT('Ctrl Pts',(-42.2380970337046,-0.112507070421187,
59.7517021666072));
#4684=CARTESIAN_POINT('Ctrl Pts',(-42.2020123627316,-0.110087485156014,
59.6664803256358));
#4685=CARTESIAN_POINT('Ctrl Pts',(-42.1647600627335,-0.107495380306857,
59.5754975322592));
#4686=CARTESIAN_POINT('Ctrl Pts',(-42.1271867555448,-0.104751532970388,
59.4796670900026));
#4687=CARTESIAN_POINT('Ctrl Pts',(-42.0875352809304,-0.101469116566527,
59.3665591945027));
#4688=CARTESIAN_POINT('Ctrl Pts',(-42.0602382603904,-0.0989136385928099,
59.2797988766328));
#4689=CARTESIAN_POINT('Ctrl Pts',(-42.0450338002262,-0.0973430242813171,
59.2271438040713));
#4690=CARTESIAN_POINT('Ctrl Pts',(-42.0339687950452,-0.0961005325836595,
59.1858799824722));
#4691=CARTESIAN_POINT('Ctrl Pts',(-42.0275137634166,-0.0953297387936119,
59.1604634771164));
#4692=CARTESIAN_POINT('Ctrl Pts',(-42.0226223641246,-0.0947163797039696,
59.1403383696724));
#4693=CARTESIAN_POINT('Ctrl Pts',(-42.0190912655688,-0.0942580330237036,
59.1253545646977));
#4694=CARTESIAN_POINT('Ctrl Pts',(-42.0162621221615,-0.0938774446726761,
59.1129552375364));
#4695=CARTESIAN_POINT('Ctrl Pts',(-42.0143419574618,-0.0936117702405666,
59.1043250220733));
#4696=CARTESIAN_POINT('Ctrl Pts',(-42.0133956384151,-0.0934790864203002,
59.1000163379224));
#4697=CARTESIAN_POINT('Ctrl Pts',(-42.0128607278215,-0.093403358419096,
59.0975648642297));
#4698=CARTESIAN_POINT('Ctrl Pts',(-42.0125918654799,-0.0933654417591358,
59.0963272445306));
#4699=CARTESIAN_POINT('Ctrl Pts',(-41.9780122234992,-0.0883199844912489,
58.9367824600271));
#4700=CARTESIAN_POINT('Ctrl Pts',(-41.946593912369,-0.0863601806497463,
58.7903416470172));
#4701=CARTESIAN_POINT('Ctrl Pts',(-41.8921043505422,-0.0842278759377193,
58.5324975264624));
#4702=CARTESIAN_POINT('Ctrl Pts',(-41.8825596123265,-0.0838765709364685,
58.4871671608584));
#4703=CARTESIAN_POINT('Ctrl Pts',(-41.8726275328656,-0.0835364927242854,
58.4398482117464));
#4704=CARTESIAN_POINT('Ctrl Pts',(-55.971205823445,-1.69440546401657,94.1057911957845));
#4705=CARTESIAN_POINT('Ctrl Pts',(-55.1491146992862,-1.64231499170165,93.5532273675277));
#4706=CARTESIAN_POINT('Ctrl Pts',(-53.6294574000241,-1.54024623634133,92.3798801296537));
#4707=CARTESIAN_POINT('Ctrl Pts',(-51.7127188363809,-1.397420147356,90.4317505063088));
#4708=CARTESIAN_POINT('Ctrl Pts',(-50.1351647152876,-1.26606294467397,88.3199911550935));
#4709=CARTESIAN_POINT('Ctrl Pts',(-49.2872143524489,-1.18551264704468,86.8231658661117));
#4710=CARTESIAN_POINT('Ctrl Pts',(-48.5398030041738,-1.10935034232765,85.3162377426792));
#4711=CARTESIAN_POINT('Ctrl Pts',(-47.8875312112769,-1.0374376181682,83.801282326347));
#4712=CARTESIAN_POINT('Ctrl Pts',(-47.1215871660208,-0.937554254494305,
81.4688213925001));
#4713=CARTESIAN_POINT('Ctrl Pts',(-46.5281791870151,-0.845385458384878,
79.1124029304659));
#4714=CARTESIAN_POINT('Ctrl Pts',(-46.2211136308233,-0.789194992814968,
77.5508826996405));
#4715=CARTESIAN_POINT('Ctrl Pts',(-45.9543982640351,-0.737489340929743,
76.0558924535077));
#4716=CARTESIAN_POINT('Ctrl Pts',(-45.7240982653223,-0.689938360695656,
74.6253159889751));
#4717=CARTESIAN_POINT('Ctrl Pts',(-45.4328316988777,-0.626305005592524,
72.5558705453423));
#4718=CARTESIAN_POINT('Ctrl Pts',(-45.1698718681579,-0.570370316145588,
70.5915053015638));
#4719=CARTESIAN_POINT('Ctrl Pts',(-44.999270008194,-0.537550711187102,69.3700896568969));
#4720=CARTESIAN_POINT('Ctrl Pts',(-44.844272944459,-0.509558926980215,68.3272045512591));
#4721=CARTESIAN_POINT('Ctrl Pts',(-44.7062163131243,-0.485842859260069,
67.4430791715984));
#4722=CARTESIAN_POINT('Ctrl Pts',(-44.4873987316053,-0.450724139747822,
66.2196440800958));
#4723=CARTESIAN_POINT('Ctrl Pts',(-44.2526942276541,-0.413177824959681,
65.104305029499));
#4724=CARTESIAN_POINT('Ctrl Pts',(-44.0847317243214,-0.384031382520665,
64.4361432156261));
#4725=CARTESIAN_POINT('Ctrl Pts',(-43.9789420669679,-0.363973409660748,
64.0517381633261));
#4726=CARTESIAN_POINT('Ctrl Pts',(-43.8874517990039,-0.348628749310555,
63.7262106070302));
#4727=CARTESIAN_POINT('Ctrl Pts',(-43.7335369655075,-0.329577487044271,
63.2312657179938));
#4728=CARTESIAN_POINT('Ctrl Pts',(-43.4738688886413,-0.301336147480814,
62.4992680272031));
#4729=CARTESIAN_POINT('Ctrl Pts',(-43.198708436869,-0.273907618578251,61.7916664493815));
#4730=CARTESIAN_POINT('Ctrl Pts',(-42.897478244212,-0.246392955254979,61.1415415762862));
#4731=CARTESIAN_POINT('Ctrl Pts',(-42.6399288019956,-0.222600382863513,
60.6058326887316));
#4732=CARTESIAN_POINT('Ctrl Pts',(-42.48914773981,-0.20851787004294,60.3014535633948));
#4733=CARTESIAN_POINT('Ctrl Pts',(-42.3503179888319,-0.194837724802319,
60.0084266546688));
#4734=CARTESIAN_POINT('Ctrl Pts',(-42.28616777354,-0.188302963385607,59.8685561278669));
#4735=CARTESIAN_POINT('Ctrl Pts',(-42.2361678967871,-0.183051895791108,
59.7562447452275));
#4736=CARTESIAN_POINT('Ctrl Pts',(-42.2000357911718,-0.179044935480325,
59.6706306996249));
#4737=CARTESIAN_POINT('Ctrl Pts',(-42.1627168282634,-0.174758111278493,
59.5791935777293));
#4738=CARTESIAN_POINT('Ctrl Pts',(-42.1250502442814,-0.170228242402214,
59.4828325872757));
#4739=CARTESIAN_POINT('Ctrl Pts',(-42.0852495026706,-0.164837349675094,
59.3689748605366));
#4740=CARTESIAN_POINT('Ctrl Pts',(-42.0578260177836,-0.160661077686967,
59.2815603477542));
#4741=CARTESIAN_POINT('Ctrl Pts',(-42.0425421127759,-0.158103434829238,
59.2284709522566));
#4742=CARTESIAN_POINT('Ctrl Pts',(-42.0314154902647,-0.156085664096295,
59.1868438759032));
#4743=CARTESIAN_POINT('Ctrl Pts',(-42.0249230877797,-0.154836204511928,
59.1611929622887));
#4744=CARTESIAN_POINT('Ctrl Pts',(-42.0200028169996,-0.153843290672948,
59.1408758424292));
#4745=CARTESIAN_POINT('Ctrl Pts',(-42.0164506196936,-0.153101973275827,
59.125745579228));
#4746=CARTESIAN_POINT('Ctrl Pts',(-42.0136044334443,-0.152486961499747,
59.1132221608827));
#4747=CARTESIAN_POINT('Ctrl Pts',(-42.0116726458798,-0.152057919457339,
59.1045038951362));
#4748=CARTESIAN_POINT('Ctrl Pts',(-42.0107206177318,-0.151843716359153,
59.1001509911924));
#4749=CARTESIAN_POINT('Ctrl Pts',(-42.0101824428465,-0.151721478377079,
59.0976740314123));
#4750=CARTESIAN_POINT('Ctrl Pts',(-42.0099120036658,-0.151660286020848,
59.0964238785102));
#4751=CARTESIAN_POINT('Ctrl Pts',(-41.9750991897148,-0.143515559697568,
58.9350845281294));
#4752=CARTESIAN_POINT('Ctrl Pts',(-41.9436615102288,-0.140147835674151,
58.7869143898609));
#4753=CARTESIAN_POINT('Ctrl Pts',(-41.889312641768,-0.136491291427016,58.5283887085931));
#4754=CARTESIAN_POINT('Ctrl Pts',(-41.8797873768989,-0.135885447635242,
58.4829362246427));
#4755=CARTESIAN_POINT('Ctrl Pts',(-41.869875306595,-0.135296678155804,58.4355167301559));
#4756=CARTESIAN_POINT('Ctrl Pts',(-54.9842188689071,-2.22430368497075,94.0670729145008));
#4757=CARTESIAN_POINT('Ctrl Pts',(-54.1765494039539,-2.15760449122392,93.5116439593565));
#4758=CARTESIAN_POINT('Ctrl Pts',(-52.6903992500537,-2.02951350474633,92.3343745487296));
#4759=CARTESIAN_POINT('Ctrl Pts',(-50.8348778519306,-1.85451702470416,90.3850560511479));
#4760=CARTESIAN_POINT('Ctrl Pts',(-49.3270590496035,-1.69540677180944,88.2754798499655));
#4761=CARTESIAN_POINT('Ctrl Pts',(-48.5305027677963,-1.5988337871869,86.7815308776225));
#4762=CARTESIAN_POINT('Ctrl Pts',(-47.8355568100106,-1.50806252469851,85.278047556375));
#4763=CARTESIAN_POINT('Ctrl Pts',(-47.2367636780092,-1.42285997375835,83.7671064460829));
#4764=CARTESIAN_POINT('Ctrl Pts',(-46.5544607583429,-1.30545143487047,81.4417792065758));
#4765=CARTESIAN_POINT('Ctrl Pts',(-46.0460179254728,-1.1969824219096,79.0929720763469));
#4766=CARTESIAN_POINT('Ctrl Pts',(-45.7949539392112,-1.13009030177583,77.5364750227434));
#4767=CARTESIAN_POINT('Ctrl Pts',(-45.5813662182796,-1.06782107645166,76.0461662476063));
#4768=CARTESIAN_POINT('Ctrl Pts',(-45.4014686258322,-1.00985143454794,74.6199423853848));
#4769=CARTESIAN_POINT('Ctrl Pts',(-45.1808821592273,-0.929539585613963,
72.555847092451));
#4770=CARTESIAN_POINT('Ctrl Pts',(-44.9818692368484,-0.855372403374294,
70.595074705254));
#4771=CARTESIAN_POINT('Ctrl Pts',(-44.8483998447987,-0.809236251218278,
69.3746778401456));
#4772=CARTESIAN_POINT('Ctrl Pts',(-44.7235934827524,-0.768741983982315,
68.3320304965236));
#4773=CARTESIAN_POINT('Ctrl Pts',(-44.6100495191359,-0.733660548813834,
67.4476843790912));
#4774=CARTESIAN_POINT('Ctrl Pts',(-44.4214821698033,-0.680155390468044,
66.222638010938));
#4775=CARTESIAN_POINT('Ctrl Pts',(-44.2099231235777,-0.623197317980776,
65.1045859386151));
#4776=CARTESIAN_POINT('Ctrl Pts',(-44.0525638029975,-0.580612099563795,
64.4337553314138));
#4777=CARTESIAN_POINT('Ctrl Pts',(-43.9516789684644,-0.552457566204894,
64.0475710192433));
#4778=CARTESIAN_POINT('Ctrl Pts',(-43.8644416498202,-0.530624894440806,
63.7231731465608));
#4779=CARTESIAN_POINT('Ctrl Pts',(-43.7139943232479,-0.502252177181326,
63.2303610725454));
#4780=CARTESIAN_POINT('Ctrl Pts',(-43.4592777809574,-0.459803608458045,
62.5026483415557));
#4781=CARTESIAN_POINT('Ctrl Pts',(-43.1884680697811,-0.418214686382989,
61.7991328680673));
#4782=CARTESIAN_POINT('Ctrl Pts',(-42.8906484911377,-0.376090219310818,
61.1511700060723));
#4783=CARTESIAN_POINT('Ctrl Pts',(-42.6353280540593,-0.339542174843611,
60.6161541520075));
#4784=CARTESIAN_POINT('Ctrl Pts',(-42.4854416803339,-0.317844301392834,
60.3115193260896));
#4785=CARTESIAN_POINT('Ctrl Pts',(-42.3469124480917,-0.296720259886063,
60.017316985959));
#4786=CARTESIAN_POINT('Ctrl Pts',(-42.2828077903915,-0.286630066294539,
59.8767172744854));
#4787=CARTESIAN_POINT('Ctrl Pts',(-42.2327872112881,-0.278524003150876,
59.7637097348567));
#4788=CARTESIAN_POINT('Ctrl Pts',(-42.196583616294,-0.272345568200432,59.6774552403031));
#4789=CARTESIAN_POINT('Ctrl Pts',(-42.159162427019,-0.265742323681047,59.5852764409289));
#4790=CARTESIAN_POINT('Ctrl Pts',(-42.1213539077644,-0.258773831650782,
59.4880495893693));
#4791=CARTESIAN_POINT('Ctrl Pts',(-42.0813202991675,-0.250513940639755,
59.3729675655702));
#4792=CARTESIAN_POINT('Ctrl Pts',(-42.0536962694866,-0.244140122545934,
59.2844826754435));
#4793=CARTESIAN_POINT('Ctrl Pts',(-42.0382866453253,-0.24024778556344,59.230681140047));
#4794=CARTESIAN_POINT('Ctrl Pts',(-42.0270612616237,-0.237183796283775,
59.1884569990099));
#4795=CARTESIAN_POINT('Ctrl Pts',(-42.0205088604563,-0.235289262620061,
59.1624200933959));
#4796=CARTESIAN_POINT('Ctrl Pts',(-42.0155418956394,-0.233785340245705,
59.1417862752088));
#4797=CARTESIAN_POINT('Ctrl Pts',(-42.011955505816,-0.232663288053201,59.1264141729405));
#4798=CARTESIAN_POINT('Ctrl Pts',(-42.0090816343927,-0.231733052469683,
59.1136856081312));
#4799=CARTESIAN_POINT('Ctrl Pts',(-42.0071308977468,-0.231084426780313,
59.1048216280658));
#4800=CARTESIAN_POINT('Ctrl Pts',(-42.0061695424978,-0.230760677631057,
59.1003955161107));
#4801=CARTESIAN_POINT('Ctrl Pts',(-42.0056260349281,-0.230575942967686,
59.0978763401581));
#4802=CARTESIAN_POINT('Ctrl Pts',(-42.0053530090295,-0.230483481342352,
59.0966054438961));
#4803=CARTESIAN_POINT('Ctrl Pts',(-41.9701625093229,-0.218172952882564,
58.932285737085));
#4804=CARTESIAN_POINT('Ctrl Pts',(-41.9387032217215,-0.212839337251179,
58.7812365141814));
#4805=CARTESIAN_POINT('Ctrl Pts',(-41.8846040870325,-0.207042353359877,
58.5216048346625));
#4806=CARTESIAN_POINT('Ctrl Pts',(-41.8751126568586,-0.206077666821782,
58.4759517736316));
#4807=CARTESIAN_POINT('Ctrl Pts',(-41.8652347163295,-0.205137652975672,
58.4283679216332));
#4808=CARTESIAN_POINT('Ctrl Pts',(-52.1831577215414,-3.83898109897287,94.067539202586));
#4809=CARTESIAN_POINT('Ctrl Pts',(-51.4170660488152,-3.7376583837229,93.5072512072532));
#4810=CARTESIAN_POINT('Ctrl Pts',(-50.0221090975615,-3.54155120663994,92.3192650425584));
#4811=CARTESIAN_POINT('Ctrl Pts',(-48.3260412336478,-3.26988806951777,90.352902004066));
#4812=CARTESIAN_POINT('Ctrl Pts',(-46.9988434379238,-3.0219235458859,88.2287921230446));
#4813=CARTESIAN_POINT('Ctrl Pts',(-46.3353845980875,-2.87266332246677,86.7294142414593));
#4814=CARTESIAN_POINT('Ctrl Pts',(-45.7769699971274,-2.73363675701309,85.2235673140285));
#4815=CARTESIAN_POINT('Ctrl Pts',(-45.3178088771656,-2.60445019557925,83.713394642626));
#4816=CARTESIAN_POINT('Ctrl Pts',(-44.8561817219078,-2.42852791104718,81.3973229822339));
#4817=CARTESIAN_POINT('Ctrl Pts',(-44.5753362073271,-2.26550616311628,79.0639500704109));
#4818=CARTESIAN_POINT('Ctrl Pts',(-44.4775593811541,-2.16243620524258,77.5203044631618));
#4819=CARTESIAN_POINT('Ctrl Pts',(-44.4115784468105,-2.06403002856498,76.0428634012588));
#4820=CARTESIAN_POINT('Ctrl Pts',(-44.3736496725423,-1.97007918078845,74.6294512148312));
#4821=CARTESIAN_POINT('Ctrl Pts',(-44.3588997841703,-1.8300898894633,72.5822728047104));
#4822=CARTESIAN_POINT('Ctrl Pts',(-44.3525979732587,-1.68845474358197,70.632825504204));
#4823=CARTESIAN_POINT('Ctrl Pts',(-44.3344543397435,-1.59226023667189,69.4145716589974));
#4824=CARTESIAN_POINT('Ctrl Pts',(-44.3045411266954,-1.50548918769197,68.3707897086852));
#4825=CARTESIAN_POINT('Ctrl Pts',(-44.2688697127169,-1.42876566095778,67.4834645038737));
#4826=CARTESIAN_POINT('Ctrl Pts',(-44.1782470427434,-1.3116861618536,66.2475533307673));
#4827=CARTESIAN_POINT('Ctrl Pts',(-44.0436564625462,-1.19353077646776,65.1125109221641));
#4828=CARTESIAN_POINT('Ctrl Pts',(-43.923312368436,-1.11413884897488,64.4258113180584));
#4829=CARTESIAN_POINT('Ctrl Pts',(-43.8406333311297,-1.06602939339729,64.0291001288898));
#4830=CARTESIAN_POINT('Ctrl Pts',(-43.7688386146987,-1.02876821199172,63.7100119072457));
#4831=CARTESIAN_POINT('Ctrl Pts',(-43.6322289490198,-0.976436985928806,
63.2259289513796));
#4832=CARTESIAN_POINT('Ctrl Pts',(-43.3972096937875,-0.896517339161987,
62.5155858324785));
#4833=CARTESIAN_POINT('Ctrl Pts',(-43.1441145702868,-0.816883131983563,
61.8284373412229));
#4834=CARTESIAN_POINT('Ctrl Pts',(-42.8606281298842,-0.73455986710361,61.1891920474825));
#4835=CARTESIAN_POINT('Ctrl Pts',(-42.6149110581932,-0.662591959624717,
60.6570573916269));
#4836=CARTESIAN_POINT('Ctrl Pts',(-42.4690443617466,-0.619608993642514,
60.3514794341023));
#4837=CARTESIAN_POINT('Ctrl Pts',(-42.3321340512445,-0.577594564612584,
60.0526405879563));
#4838=CARTESIAN_POINT('Ctrl Pts',(-42.2684025466203,-0.557526992192778,
59.9091465506361));
#4839=CARTESIAN_POINT('Ctrl Pts',(-42.2184377503232,-0.541412440563169,
59.7933687282677));
#4840=CARTESIAN_POINT('Ctrl Pts',(-42.1820418743576,-0.529155915702893,
59.7045554433288));
#4841=CARTESIAN_POINT('Ctrl Pts',(-42.1443050464632,-0.516081596638761,
59.6094080247401));
#4842=CARTESIAN_POINT('Ctrl Pts',(-42.1060126761018,-0.502318860927674,
59.5087111770711));
#4843=CARTESIAN_POINT('Ctrl Pts',(-42.0651274864631,-0.486130364607766,
59.3887154284994));
#4844=CARTESIAN_POINT('Ctrl Pts',(-42.0367560839098,-0.473730017217041,
59.295947176617));
#4845=CARTESIAN_POINT('Ctrl Pts',(-42.0208727430515,-0.466197294183916,
59.2393084112982));
#4846=CARTESIAN_POINT('Ctrl Pts',(-42.0092755545259,-0.460291328525915,
59.1947165205441));
#4847=CARTESIAN_POINT('Ctrl Pts',(-42.0024970687177,-0.456649079685811,
59.1671550498526));
#4848=CARTESIAN_POINT('Ctrl Pts',(-41.9973545899008,-0.453763247144119,
59.1452745865017));
#4849=CARTESIAN_POINT('Ctrl Pts',(-41.9936397887181,-0.451612798560032,
59.1289529441661));
#4850=CARTESIAN_POINT('Ctrl Pts',(-41.9906620749899,-0.449832088407298,
59.1154210607555));
#4851=CARTESIAN_POINT('Ctrl Pts',(-41.9886404053761,-0.448591483619622,
59.1059877693388));
#4852=CARTESIAN_POINT('Ctrl Pts',(-41.9876441679289,-0.447972535996453,
59.1012758903932));
#4853=CARTESIAN_POINT('Ctrl Pts',(-41.9870807304738,-0.447619397631016,
59.0985921079758));
#4854=CARTESIAN_POINT('Ctrl Pts',(-41.9867980356801,-0.447442728196172,
59.0972402048178));
#4855=CARTESIAN_POINT('Ctrl Pts',(-41.9501978636361,-0.423895400334349,
58.9213601376406));
#4856=CARTESIAN_POINT('Ctrl Pts',(-41.9187687061308,-0.412359579726089,
58.7591359137872));
#4857=CARTESIAN_POINT('Ctrl Pts',(-41.8655689404104,-0.400137941244965,
58.4949983311611));
#4858=CARTESIAN_POINT('Ctrl Pts',(-41.8562008135859,-0.398085630461373,
58.4485443826197));
#4859=CARTESIAN_POINT('Ctrl Pts',(-41.84644648735,-0.396075539321465,58.4002984891837));
#4860=CARTESIAN_POINT('Ctrl Pts',(-48.1471401068085,-6.16690511396004,94.0382905552696));
#4861=CARTESIAN_POINT('Ctrl Pts',(-47.4968905021123,-6.04106779468837,93.4605177665606));
#4862=CARTESIAN_POINT('Ctrl Pts',(-46.322149491823,-5.78505687945147,92.2387977764858));
#4863=CARTESIAN_POINT('Ctrl Pts',(-44.9250203509823,-5.39800871500704,90.2326335265664));
#4864=CARTESIAN_POINT('Ctrl Pts',(-43.8721525360137,-5.01840752592779,88.0850598970049));
#4865=CARTESIAN_POINT('Ctrl Pts',(-43.3808851366924,-4.77752621817366,86.5838263413531));
#4866=CARTESIAN_POINT('Ctrl Pts',(-42.9896862378389,-4.54996336925251,85.0841210954769));
#4867=CARTESIAN_POINT('Ctrl Pts',(-42.6930089069959,-4.33539905356224,83.588238121791));
#4868=CARTESIAN_POINT('Ctrl Pts',(-42.4705216342089,-4.03676610100164,81.3137870016938));
#4869=CARTESIAN_POINT('Ctrl Pts',(-42.4263253262608,-3.75611707032914,79.0363695773909));
#4870=CARTESIAN_POINT('Ctrl Pts',(-42.4862347537753,-3.57769117496345,77.5352228260599));
#4871=CARTESIAN_POINT('Ctrl Pts',(-42.5734248527764,-3.40760084647414,76.0991388198803));
#4872=CARTESIAN_POINT('Ctrl Pts',(-42.6841860350241,-3.24551438349628,74.725919947203));
#4873=CARTESIAN_POINT('Ctrl Pts',(-42.8950562806947,-3.00597964944274,72.7299479169799));
#4874=CARTESIAN_POINT('Ctrl Pts',(-43.1176397019464,-2.76664893605536,70.8131743631344));
#4875=CARTESIAN_POINT('Ctrl Pts',(-43.2533564982977,-2.60540415563975,69.5986978545159));
#4876=CARTESIAN_POINT('Ctrl Pts',(-43.3599306544334,-2.46053175007953,68.5478036451313));
#4877=CARTESIAN_POINT('Ctrl Pts',(-43.4436784546829,-2.33254900060462,67.6471910377456));
#4878=CARTESIAN_POINT('Ctrl Pts',(-43.5257078430075,-2.1386590926601,66.3677815752149));
#4879=CARTESIAN_POINT('Ctrl Pts',(-43.5509786140847,-1.94537691748179,65.1645943964657));
#4880=CARTESIAN_POINT('Ctrl Pts',(-43.5226416726093,-1.82145381112746,64.415550247806));
#4881=CARTESIAN_POINT('Ctrl Pts',(-43.4907005800611,-1.75009681257542,63.9775466227248));
#4882=CARTESIAN_POINT('Ctrl Pts',(-43.4576210211262,-1.69786940180578,63.6687419474176));
#4883=CARTESIAN_POINT('Ctrl Pts',(-43.3622723893188,-1.61908792363602,63.2107344430798));
#4884=CARTESIAN_POINT('Ctrl Pts',(-43.1854702193134,-1.49484874298809,62.5487672277093));
#4885=CARTESIAN_POINT('Ctrl Pts',(-42.9866001664189,-1.36843216978417,61.9076887126071));
#4886=CARTESIAN_POINT('Ctrl Pts',(-42.749053700793,-1.2340193018304,61.2936820874673));
#4887=CARTESIAN_POINT('Ctrl Pts',(-42.5354739230497,-1.11516554954824,60.7704718716018));
#4888=CARTESIAN_POINT('Ctrl Pts',(-42.4040575015211,-1.04358012085426,60.4627841177651));
#4889=CARTESIAN_POINT('Ctrl Pts',(-42.2747600218813,-0.973149010066643,
60.1512330478113));
#4890=CARTESIAN_POINT('Ctrl Pts',(-42.2135166399558,-0.939489188103122,
59.9996823331686));
#4891=CARTESIAN_POINT('Ctrl Pts',(-42.1648055972098,-0.912457102476233,
59.8761342857066));
#4892=CARTESIAN_POINT('Ctrl Pts',(-42.1286573744781,-0.891935183622226,
59.7800772059905));
#4893=CARTESIAN_POINT('Ctrl Pts',(-42.0908445038288,-0.870088439256817,
59.6764920517485));
#4894=CARTESIAN_POINT('Ctrl Pts',(-42.0519837501545,-0.847155134855051,
59.5659012173196));
#4895=CARTESIAN_POINT('Ctrl Pts',(-42.0095425456149,-0.820422114657842,
59.4318557925416));
#4896=CARTESIAN_POINT('Ctrl Pts',(-41.9796601576137,-0.800119198270333,
59.3268996396014));
#4897=CARTESIAN_POINT('Ctrl Pts',(-41.9627695353788,-0.787858825714984,
59.2622442420299));
#4898=CARTESIAN_POINT('Ctrl Pts',(-41.9503706644215,-0.778288067905115,
59.2110135573508));
#4899=CARTESIAN_POINT('Ctrl Pts',(-41.9430986480704,-0.772401696468902,
59.1792053496348));
#4900=CARTESIAN_POINT('Ctrl Pts',(-41.9375721554571,-0.767746599761892,
59.1538717881534));
#4901=CARTESIAN_POINT('Ctrl Pts',(-41.9335754257561,-0.764281752359055,
59.1349310713684));
#4902=CARTESIAN_POINT('Ctrl Pts',(-41.9303691140807,-0.761415771881072,
59.1191932033946));
#4903=CARTESIAN_POINT('Ctrl Pts',(-41.9281912740881,-0.759420472603191,
59.1082024280713));
#4904=CARTESIAN_POINT('Ctrl Pts',(-41.9271182587553,-0.758425422221173,
59.1027099125695));
#4905=CARTESIAN_POINT('Ctrl Pts',(-41.9265109178127,-0.757857681105387,
59.0995773722503));
#4906=CARTESIAN_POINT('Ctrl Pts',(-41.9262069914918,-0.757573879597539,
59.0980039442311));
#4907=CARTESIAN_POINT('Ctrl Pts',(-41.8864754747791,-0.719654706015894,
58.8909192915314));
#4908=CARTESIAN_POINT('Ctrl Pts',(-41.8558417824674,-0.695621252097129,
58.6985293562003));
#4909=CARTESIAN_POINT('Ctrl Pts',(-41.804842635134,-0.671399544537321,58.4208989383939));
#4910=CARTESIAN_POINT('Ctrl Pts',(-41.7957837956881,-0.66726561611984,58.3721441189582));
#4911=CARTESIAN_POINT('Ctrl Pts',(-41.7863352894466,-0.663174205939601,
58.3219727733967));
#4912=CARTESIAN_POINT('Ctrl Pts',(-43.9814963837506,-8.57055169317015,93.9996951114355));
#4913=CARTESIAN_POINT('Ctrl Pts',(-43.4642110647249,-8.41619442515025,93.3994427068001));
#4914=CARTESIAN_POINT('Ctrl Pts',(-42.5374652653764,-8.09021279698664,92.1367286593534));
#4915=CARTESIAN_POINT('Ctrl Pts',(-41.4631309302156,-7.56967126417691,90.0884719165603));
#4916=CARTESIAN_POINT('Ctrl Pts',(-40.6915462814279,-7.03869629615007,87.9229042623396));
#4917=CARTESIAN_POINT('Ctrl Pts',(-40.3670548290585,-6.69243626860218,86.4273560028485));
#4918=CARTESIAN_POINT('Ctrl Pts',(-40.1338713741391,-6.36265784033723,84.9423493972614));
#4919=CARTESIAN_POINT('Ctrl Pts',(-39.9869064638863,-6.04911952885883,83.4703033986154));
#4920=CARTESIAN_POINT('Ctrl Pts',(-39.9762029549661,-5.60764232815097,81.2530198675543));
#4921=CARTESIAN_POINT('Ctrl Pts',(-40.1360442028955,-5.19015852278262,79.0468714323218));
#4922=CARTESIAN_POINT('Ctrl Pts',(-40.3301330236026,-4.92463404909605,77.5974090180575));
#4923=CARTESIAN_POINT('Ctrl Pts',(-40.5478268023012,-4.67224998275553,76.2108418230626));
#4924=CARTESIAN_POINT('Ctrl Pts',(-40.7853484506216,-4.43240703210606,74.8850064269045));
#4925=CARTESIAN_POINT('Ctrl Pts',(-41.1912101847894,-4.0817354638554,72.9479261333792));
#4926=CARTESIAN_POINT('Ctrl Pts',(-41.6164060200179,-3.73672930369372,71.0678398569851));
#4927=CARTESIAN_POINT('Ctrl Pts',(-41.8936533592777,-3.50848872212862,69.8565797313295));
#4928=CARTESIAN_POINT('Ctrl Pts',(-42.1297690892679,-3.30520966128745,68.7967274375054));
#4929=CARTESIAN_POINT('Ctrl Pts',(-42.3295855183433,-3.12680801215424,67.8801586364902));
#4930=CARTESIAN_POINT('Ctrl Pts',(-42.5922906811119,-2.85857437631463,66.5496434699155));
#4931=CARTESIAN_POINT('Ctrl Pts',(-42.80382138226,-2.58930639872479,65.2659332026537));
#4932=CARTESIAN_POINT('Ctrl Pts',(-42.9012447666902,-2.41019008192681,64.4425445085449));
#4933=CARTESIAN_POINT('Ctrl Pts',(-42.9443210677598,-2.30234403500587,63.9531021199439));
#4934=CARTESIAN_POINT('Ctrl Pts',(-42.962663227674,-2.22364934776295,63.6227646259032));
#4935=CARTESIAN_POINT('Ctrl Pts',(-42.9253640170627,-2.11956996715735,63.1945706239128));
#4936=CARTESIAN_POINT('Ctrl Pts',(-42.8304283160338,-1.96082705224864,62.5800159878049));
#4937=CARTESIAN_POINT('Ctrl Pts',(-42.7083613119984,-1.80354833140519,61.9895984596146));
#4938=CARTESIAN_POINT('Ctrl Pts',(-42.5374362150017,-1.64165077149249,61.4060720401811));
#4939=CARTESIAN_POINT('Ctrl Pts',(-42.3727713026571,-1.49977838868194,60.8950241618964));
#4940=CARTESIAN_POINT('Ctrl Pts',(-42.2651888790512,-1.41471660951415,60.5863670554125));
#4941=CARTESIAN_POINT('Ctrl Pts',(-42.1521298969476,-1.3306477500065,60.2612613127904));
#4942=CARTESIAN_POINT('Ctrl Pts',(-42.0973906067799,-1.29033028501155,60.1008327921115));
#4943=CARTESIAN_POINT('Ctrl Pts',(-42.053098679569,-1.25784843909305,59.9685654382773));
#4944=CARTESIAN_POINT('Ctrl Pts',(-42.019520820035,-1.2330464791529,59.8642337342696));
#4945=CARTESIAN_POINT('Ctrl Pts',(-41.9840468386329,-1.20654747548979,59.7509411379322));
#4946=CARTESIAN_POINT('Ctrl Pts',(-41.9470880306905,-1.17860136647044,59.628896424059));
#4947=CARTESIAN_POINT('Ctrl Pts',(-41.905751070166,-1.14563814680681,59.4785061139115));
#4948=CARTESIAN_POINT('Ctrl Pts',(-41.8761890036617,-1.12032776558634,59.3594098922502));
#4949=CARTESIAN_POINT('Ctrl Pts',(-41.8593029677624,-1.10491794556166,59.285494194101));
#4950=CARTESIAN_POINT('Ctrl Pts',(-41.846820228233,-1.09280780687352,59.2266345671945));
#4951=CARTESIAN_POINT('Ctrl Pts',(-41.8394636277316,-1.08532470429606,59.1899670540406));
#4952=CARTESIAN_POINT('Ctrl Pts',(-41.8338543057861,-1.07938530194569,59.1606969108618));
#4953=CARTESIAN_POINT('Ctrl Pts',(-41.8297883336829,-1.07495356801861,59.1387786103956));
#4954=CARTESIAN_POINT('Ctrl Pts',(-41.8265192541803,-1.0712785879807,59.1205398866714));
#4955=CARTESIAN_POINT('Ctrl Pts',(-41.8242950593221,-1.06871513389399,59.1077878572152));
#4956=CARTESIAN_POINT('Ctrl Pts',(-41.8231985547713,-1.06743553432301,59.1014132516229));
#4957=CARTESIAN_POINT('Ctrl Pts',(-41.8225773363957,-1.06670504900023,59.0977745120597));
#4958=CARTESIAN_POINT('Ctrl Pts',(-41.8222669742689,-1.06633984010601,59.0959503124526));
#4959=CARTESIAN_POINT('Ctrl Pts',(-41.7814071399616,-1.01750558221835,58.8540294074218));
#4960=CARTESIAN_POINT('Ctrl Pts',(-41.7532141946687,-0.980312844341908,
58.6280071401434));
#4961=CARTESIAN_POINT('Ctrl Pts',(-41.7049646876116,-0.941344945273381,
58.3330372862391));
#4962=CARTESIAN_POINT('Ctrl Pts',(-41.6962913776649,-0.934619210606746,
58.2814731277119));
#4963=CARTESIAN_POINT('Ctrl Pts',(-41.6872108568958,-0.927887524895547,
58.2289461779831));
#4964=CARTESIAN_POINT('Ctrl Pts',(-41.8899062827672,-9.77659218226323,93.9846244325356));
#4965=CARTESIAN_POINT('Ctrl Pts',(-41.4331590288141,-9.60037736539449,93.3727099258494));
#4966=CARTESIAN_POINT('Ctrl Pts',(-40.6209410516374,-9.22700346339751,92.089857650297));
#4967=CARTESIAN_POINT('Ctrl Pts',(-39.6998661508052,-8.62795214714976,90.0232823901828));
#4968=CARTESIAN_POINT('Ctrl Pts',(-39.065489070323,-8.01490288129297,87.8522626171409));
#4969=CARTESIAN_POINT('Ctrl Pts',(-38.8242477178188,-7.61419189234047,86.3617850455944));
#4970=CARTESIAN_POINT('Ctrl Pts',(-38.6705095618056,-7.2322245007844,84.885945177389));
#4971=CARTESIAN_POINT('Ctrl Pts',(-38.599378909205,-6.86874994617277,83.4271792839044));
#4972=CARTESIAN_POINT('Ctrl Pts',(-38.696893880759,-6.35642557369196,81.2391116832094));
#4973=CARTESIAN_POINT('Ctrl Pts',(-38.9612097136235,-5.87182232998593,79.0678764393463));
#4974=CARTESIAN_POINT('Ctrl Pts',(-39.2235994074773,-5.56378190300453,77.6429484944496));
#4975=CARTESIAN_POINT('Ctrl Pts',(-39.5073311354283,-5.27116029352371,76.2795802073737));
#4976=CARTESIAN_POINT('Ctrl Pts',(-39.8086224657751,-4.99323912372743,74.9756460609809));
#4977=CARTESIAN_POINT('Ctrl Pts',(-40.3111170974793,-4.58753424447786,73.0651415183123));
#4978=CARTESIAN_POINT('Ctrl Pts',(-40.8350700001638,-4.18901516462412,71.2010696100323));
#4979=CARTESIAN_POINT('Ctrl Pts',(-41.1803017779737,-3.9256710839722,69.9906365689266));
#4980=CARTESIAN_POINT('Ctrl Pts',(-41.4783136803572,-3.69103105304036,68.9262210997954));
#4981=CARTESIAN_POINT('Ctrl Pts',(-41.7333567397826,-3.48507486713311,68.0019984640434));
#4982=CARTESIAN_POINT('Ctrl Pts',(-42.0818458977181,-3.17455129890817,66.6478488373873));
#4983=CARTESIAN_POINT('Ctrl Pts',(-42.3823711175008,-2.86097037472835,65.3273826911403));
#4984=CARTESIAN_POINT('Ctrl Pts',(-42.5415868188986,-2.64941668286256,64.4702232130067));
#4985=CARTESIAN_POINT('Ctrl Pts',(-42.6230259903178,-2.52014858826955,63.9570225016523));
#4986=CARTESIAN_POINT('Ctrl Pts',(-42.6692299233514,-2.42647800991763,63.6084870278101));
#4987=CARTESIAN_POINT('Ctrl Pts',(-42.664711162334,-2.31047927836806,63.1900219404634));
#4988=CARTESIAN_POINT('Ctrl Pts',(-42.6160617320917,-2.1382289889887,62.5920843986053));
#4989=CARTESIAN_POINT('Ctrl Pts',(-42.5372841199323,-1.97083373397841,62.0219164818669));
#4990=CARTESIAN_POINT('Ctrl Pts',(-42.4031324641935,-1.80339528175596,61.4519375588714));
#4991=CARTESIAN_POINT('Ctrl Pts',(-42.2655591555432,-1.65863878421623,60.9468364622037));
#4992=CARTESIAN_POINT('Ctrl Pts',(-42.1715762103778,-1.57267799986491,60.6384624810845));
#4993=CARTESIAN_POINT('Ctrl Pts',(-42.0689428149095,-1.48806413566395,60.3080671061892));
#4994=CARTESIAN_POINT('Ctrl Pts',(-42.0186859797395,-1.44744981741616,60.1440228584342));
#4995=CARTESIAN_POINT('Ctrl Pts',(-41.9776785014882,-1.41468459653917,60.0081220065157));
#4996=CARTESIAN_POINT('Ctrl Pts',(-41.9462778568181,-1.38956837852863,59.9002626699677));
#4997=CARTESIAN_POINT('Ctrl Pts',(-41.912951595415,-1.36265078148122,59.7827909353487));
#4998=CARTESIAN_POINT('Ctrl Pts',(-41.8780189462051,-1.33414746877566,59.6557675473888));
#4999=CARTESIAN_POINT('Ctrl Pts',(-41.8385214313352,-1.3001359148802,59.4981624982498));
#5000=CARTESIAN_POINT('Ctrl Pts',(-41.8100521749188,-1.2737199118131,59.3727627865052));
#5001=CARTESIAN_POINT('Ctrl Pts',(-41.7936975371821,-1.25749607364534,59.2946926796369));
#5002=CARTESIAN_POINT('Ctrl Pts',(-41.7815538090021,-1.24465550977431,59.2323957760662));
#5003=CARTESIAN_POINT('Ctrl Pts',(-41.7743737847267,-1.23668140229658,59.1935324039691));
#5004=CARTESIAN_POINT('Ctrl Pts',(-41.7688852350071,-1.23032795452084,59.1624796764934));
#5005=CARTESIAN_POINT('Ctrl Pts',(-41.7648996193749,-1.22557482266355,59.1392111083134));
#5006=CARTESIAN_POINT('Ctrl Pts',(-41.7616891759412,-1.22162282456517,59.1198367141572));
#5007=CARTESIAN_POINT('Ctrl Pts',(-41.7595016142695,-1.21886057226269,59.1062840152394));
#5008=CARTESIAN_POINT('Ctrl Pts',(-41.7584224579234,-1.2174803569256,59.0995082444652));
#5009=CARTESIAN_POINT('Ctrl Pts',(-41.7578106870004,-1.216692005588,59.0956391678284));
#5010=CARTESIAN_POINT('Ctrl Pts',(-41.7575052265562,-1.21629777928402,59.0937009501399));
#5011=CARTESIAN_POINT('Ctrl Pts',(-41.7171616403782,-1.16355172698449,58.8358861526845));
#5012=CARTESIAN_POINT('Ctrl Pts',(-41.6903957247986,-1.12020416529899,58.5939307889247));
#5013=CARTESIAN_POINT('Ctrl Pts',(-41.6437168536219,-1.07337744066648,58.2906259630045));
#5014=CARTESIAN_POINT('Ctrl Pts',(-41.6352626156293,-1.0652566184026,58.2377241637854));
#5015=CARTESIAN_POINT('Ctrl Pts',(-41.6263889012992,-1.05709333044538,58.1840934946485));
#5016=CARTESIAN_POINT('Ctrl Pts',(-39.9872486137581,-10.8874886884771,93.994465106924));
#5017=CARTESIAN_POINT('Ctrl Pts',(-39.5767017058481,-10.6875419215248,93.3706987329857));
#5018=CARTESIAN_POINT('Ctrl Pts',(-38.8534598756331,-10.2650141523178,92.0669918350814));
#5019=CARTESIAN_POINT('Ctrl Pts',(-38.0561988536655,-9.58947790864264,89.9795705919571));
#5020=CARTESIAN_POINT('Ctrl Pts',(-37.5375740991429,-8.89962204478881,87.7988431777328));
#5021=CARTESIAN_POINT('Ctrl Pts',(-37.3696999531742,-8.44921604414353,86.3094081681798));
#5022=CARTESIAN_POINT('Ctrl Pts',(-37.2873391101616,-8.01995568685397,84.8381757528902));
#5023=CARTESIAN_POINT('Ctrl Pts',(-37.2857511990476,-7.6115120415547,83.3876192825727));
#5024=CARTESIAN_POINT('Ctrl Pts',(-37.4858453903339,-7.03590835277927,81.2204566822124));
#5025=CARTESIAN_POINT('Ctrl Pts',(-37.851587963573,-6.49144918873233,79.0759339820736));
#5026=CARTESIAN_POINT('Ctrl Pts',(-38.1812239719991,-6.14520709366684,77.6706137915589));
#5027=CARTESIAN_POINT('Ctrl Pts',(-38.530140843869,-5.8161489616052,76.3261336408557));
#5028=CARTESIAN_POINT('Ctrl Pts',(-38.8945222926006,-5.50347265524158,75.0403935991822));
#5029=CARTESIAN_POINT('Ctrl Pts',(-39.4924505967264,-5.04631249085098,73.1531672234447));
#5030=CARTESIAN_POINT('Ctrl Pts',(-40.1131686528912,-4.59608746087959,71.3048114863122));
#5031=CARTESIAN_POINT('Ctrl Pts',(-40.5241062200101,-4.29752510969385,70.0973407286079));
#5032=CARTESIAN_POINT('Ctrl Pts',(-40.8813021748825,-4.03092149491749,69.0313697093868));
#5033=CARTESIAN_POINT('Ctrl Pts',(-41.1887197781319,-3.79651949990286,68.1028917493868));
#5034=CARTESIAN_POINT('Ctrl Pts',(-41.6167387212554,-3.44182866444897,66.7323325719493));
#5035=CARTESIAN_POINT('Ctrl Pts',(-41.9972733969157,-3.082454898589,65.3841481084211));
#5036=CARTESIAN_POINT('Ctrl Pts',(-42.2098988314231,-2.83896754388112,64.5001807116119));
#5037=CARTESIAN_POINT('Ctrl Pts',(-42.3239523052881,-2.68957127673245,63.9675880829817));
#5038=CARTESIAN_POINT('Ctrl Pts',(-42.3947546360493,-2.58220793943593,63.6010360569666));
#5039=CARTESIAN_POINT('Ctrl Pts',(-42.420179077538,-2.45617337992821,63.1880756981125));
#5040=CARTESIAN_POINT('Ctrl Pts',(-42.413959949395,-2.27352875168632,62.6008750772972));
#5041=CARTESIAN_POINT('Ctrl Pts',(-42.3749402417311,-2.09918623903236,62.0453745462094));
#5042=CARTESIAN_POINT('Ctrl Pts',(-42.2742000908912,-1.92972081985028,61.4859944524969));
#5043=CARTESIAN_POINT('Ctrl Pts',(-42.1611659462824,-1.7855609737714,60.9858221224308));
#5044=CARTESIAN_POINT('Ctrl Pts',(-42.0796286394277,-1.70102174010458,60.67805598948));
#5045=CARTESIAN_POINT('Ctrl Pts',(-41.9870002563644,-1.61846317033587,60.3439087798191));
#5046=CARTESIAN_POINT('Ctrl Pts',(-41.9411586395196,-1.5788344695208,60.1772046623065));
#5047=CARTESIAN_POINT('Ctrl Pts',(-41.9034663648893,-1.54683867130186,60.0385798727277));
#5048=CARTESIAN_POINT('Ctrl Pts',(-41.8743491329809,-1.52221893431799,59.928027279897));
#5049=CARTESIAN_POINT('Ctrl Pts',(-41.843322695732,-1.49574483345163,59.8073398613287));
#5050=CARTESIAN_POINT('Ctrl Pts',(-41.8106317197206,-1.46758734257688,59.676455313666));
#5051=CARTESIAN_POINT('Ctrl Pts',(-41.7733188602533,-1.43354555962223,59.5131812117578));
#5052=CARTESIAN_POINT('Ctrl Pts',(-41.7462275023508,-1.40675812904297,59.3827830457963));
#5053=CARTESIAN_POINT('Ctrl Pts',(-41.7305779036175,-1.39014333490802,59.3013981400067));
#5054=CARTESIAN_POINT('Ctrl Pts',(-41.7189046023818,-1.37688817235769,59.2363466206841));
#5055=CARTESIAN_POINT('Ctrl Pts',(-41.7119791160245,-1.36861080373907,59.1957180205841));
#5056=CARTESIAN_POINT('Ctrl Pts',(-41.7066706189947,-1.36198761312233,59.1632290950925));
#5057=CARTESIAN_POINT('Ctrl Pts',(-41.7028081228415,-1.35701833288004,59.1388709162408));
#5058=CARTESIAN_POINT('Ctrl Pts',(-41.6996904084954,-1.352874524962,59.1185786625413));
#5059=CARTESIAN_POINT('Ctrl Pts',(-41.6975624814833,-1.34997179602011,59.1043780608798));
#5060=CARTESIAN_POINT('Ctrl Pts',(-41.6965119410443,-1.34851979723078,59.0972775285633));
#5061=CARTESIAN_POINT('Ctrl Pts',(-41.6959160020015,-1.34768995569031,59.093221850617));
#5062=CARTESIAN_POINT('Ctrl Pts',(-41.6956185936579,-1.34727487672472,59.0911913825599));
#5063=CARTESIAN_POINT('Ctrl Pts',(-41.6562212570362,-1.29170473442076,58.8204498250232));
#5064=CARTESIAN_POINT('Ctrl Pts',(-41.6307249027027,-1.24317056052438,58.5651138560741));
#5065=CARTESIAN_POINT('Ctrl Pts',(-41.5855118864035,-1.18927495012484,58.2548827893781));
#5066=CARTESIAN_POINT('Ctrl Pts',(-41.5772621430248,-1.1798930191869,58.2008697874745));
#5067=CARTESIAN_POINT('Ctrl Pts',(-41.5685812216631,-1.17043217864217,58.1463338754441));
#5068=CARTESIAN_POINT('Ctrl Pts',(-39.0627426730443,-11.7259473793436,93.9977957437054));
#5069=CARTESIAN_POINT('Ctrl Pts',(-38.6730381256064,-11.5109871369474,93.367491181247));
#5070=CARTESIAN_POINT('Ctrl Pts',(-37.9898881224023,-11.0564168802153,92.0524302655543));
#5071=CARTESIAN_POINT('Ctrl Pts',(-37.2483411490465,-10.3282981594855,89.9537899905646));
#5072=CARTESIAN_POINT('Ctrl Pts',(-36.7817309770514,-9.58286076542702,87.7678504892631));
#5073=CARTESIAN_POINT('Ctrl Pts',(-36.6468355123193,-9.09445401690272,86.2788189694756));
#5074=CARTESIAN_POINT('Ctrl Pts',(-36.5966214122157,-8.62784476509299,84.8097660430101));
#5075=CARTESIAN_POINT('Ctrl Pts',(-36.626452864539,-8.18263370517829,83.3631754133074));
#5076=CARTESIAN_POINT('Ctrl Pts',(-36.8732119089876,-7.5521437936241,81.2063243512169));
#5077=CARTESIAN_POINT('Ctrl Pts',(-37.2854029942613,-6.95321966194618,79.0751997081214));
#5078=CARTESIAN_POINT('Ctrl Pts',(-37.6460718891075,-6.57101136430097,77.6798866408621));
#5079=CARTESIAN_POINT('Ctrl Pts',(-38.0252047703914,-6.20732103134844,76.3451562116138));
#5080=CARTESIAN_POINT('Ctrl Pts',(-38.4189673148501,-5.86132389416419,75.0689426870117));
#5081=CARTESIAN_POINT('Ctrl Pts',(-39.0618680866163,-5.35474539422638,73.1945137925464));
#5082=CARTESIAN_POINT('Ctrl Pts',(-39.728940913203,-4.85582866672101,71.3557402375896));
#5083=CARTESIAN_POINT('Ctrl Pts',(-40.1719945556994,-4.52553525175536,70.1511778871245));
#5084=CARTESIAN_POINT('Ctrl Pts',(-40.5584420690191,-4.23116658714211,69.0857339520343));
#5085=CARTESIAN_POINT('Ctrl Pts',(-40.8919689828995,-3.97273932041822,68.156296144121));
#5086=CARTESIAN_POINT('Ctrl Pts',(-41.3602972382022,-3.58346143565756,66.7790326481543));
#5087=CARTESIAN_POINT('Ctrl Pts',(-41.781949282537,-3.19142289830442,65.4177695996455));
#5088=CARTESIAN_POINT('Ctrl Pts',(-42.0220739300586,-2.92768205495356,64.520063492927));
#5089=CARTESIAN_POINT('Ctrl Pts',(-42.1527110780912,-2.76639828210556,63.9771680763878));
#5090=CARTESIAN_POINT('Ctrl Pts',(-42.2361063377046,-2.65106941204261,63.5999528201679));
#5091=CARTESIAN_POINT('Ctrl Pts',(-42.2780949180422,-2.52033255265968,63.1882463908483));
#5092=CARTESIAN_POINT('Ctrl Pts',(-42.2956937621387,-2.33335191820601,62.604472290703));
#5093=CARTESIAN_POINT('Ctrl Pts',(-42.2793335995062,-2.15672970382458,62.0548478989252));
#5094=CARTESIAN_POINT('Ctrl Pts',(-42.1976308579171,-1.98777858320494,61.5002321465705));
#5095=CARTESIAN_POINT('Ctrl Pts',(-42.0984707949295,-1.84569660873067,61.0024748095922));
#5096=CARTESIAN_POINT('Ctrl Pts',(-42.0240112741036,-1.76320650160894,60.6952642141224));
#5097=CARTESIAN_POINT('Ctrl Pts',(-41.9373199024027,-1.68332683084795,60.3596969195254));
#5098=CARTESIAN_POINT('Ctrl Pts',(-41.8941594717606,-1.64501374870883,60.1919069548939));
#5099=CARTESIAN_POINT('Ctrl Pts',(-41.8585218170623,-1.61408232280183,60.0521294368967));
#5100=CARTESIAN_POINT('Ctrl Pts',(-41.8308643868049,-1.59022916919853,59.9403980320802));
#5101=CARTESIAN_POINT('Ctrl Pts',(-41.8013321743796,-1.56452067130253,59.8182832782317));
#5102=CARTESIAN_POINT('Ctrl Pts',(-41.7701330023768,-1.53709622552701,59.6856609974763));
#5103=CARTESIAN_POINT('Ctrl Pts',(-41.7343466384787,-1.50362643360252,59.5197777613019));
#5104=CARTESIAN_POINT('Ctrl Pts',(-41.7082553407861,-1.47703653116909,59.3870456957254));
#5105=CARTESIAN_POINT('Ctrl Pts',(-41.6931330355223,-1.46042676736198,59.3040987823981));
#5106=CARTESIAN_POINT('Ctrl Pts',(-41.6818206801926,-1.44709936998703,59.2377413123298));
#5107=CARTESIAN_POINT('Ctrl Pts',(-41.6750945424536,-1.43874398572015,59.1962723431448));
#5108=CARTESIAN_POINT('Ctrl Pts',(-41.669929571078,-1.43203812347664,59.1630977301623));
#5109=CARTESIAN_POINT('Ctrl Pts',(-41.6661665731413,-1.42699654847623,59.1382182973141));
#5110=CARTESIAN_POINT('Ctrl Pts',(-41.6631249565785,-1.42278381273412,59.1174861138037));
#5111=CARTESIAN_POINT('Ctrl Pts',(-41.6610466383562,-1.41982821664867,59.1029745114255));
#5112=CARTESIAN_POINT('Ctrl Pts',(-41.6600200486081,-1.41834863481834,59.0957180135934));
#5113=CARTESIAN_POINT('Ctrl Pts',(-41.6594374522277,-1.41750268386627,59.0915726408956));
#5114=CARTESIAN_POINT('Ctrl Pts',(-41.6591467738971,-1.41707946628377,59.0894979054566));
#5115=CARTESIAN_POINT('Ctrl Pts',(-41.6205756578548,-1.36039849373209,58.8125111890371));
#5116=CARTESIAN_POINT('Ctrl Pts',(-41.5957878519479,-1.30919112041943,58.5503879691518));
#5117=CARTESIAN_POINT('Ctrl Pts',(-41.5514148050471,-1.25139239761806,58.2366870601059));
#5118=CARTESIAN_POINT('Ctrl Pts',(-41.5432828520835,-1.24130999558664,58.1821183234596));
#5119=CARTESIAN_POINT('Ctrl Pts',(-41.5347127628188,-1.23112601777756,58.127137094111));
#5120=CARTESIAN_POINT('Ctrl Pts',(-38.340997387015,-12.7136121773326,93.9948337291108));
#5121=CARTESIAN_POINT('Ctrl Pts',(-37.9671439189614,-12.4799613417719,93.3584513759846));
#5122=CARTESIAN_POINT('Ctrl Pts',(-37.3144192070731,-11.9862709786847,92.0334068803888));
#5123=CARTESIAN_POINT('Ctrl Pts',(-36.6147988358809,-11.19543991821,89.926126164412));
#5124=CARTESIAN_POINT('Ctrl Pts',(-36.1868180758627,-10.3845529101539,87.7375028916396));
#5125=CARTESIAN_POINT('Ctrl Pts',(-36.0759826408358,-9.85149290253239,86.2502162766652));
#5126=CARTESIAN_POINT('Ctrl Pts',(-36.048953091784,-9.34075538252868,84.7843875269288));
#5127=CARTESIAN_POINT('Ctrl Pts',(-36.101152938476,-8.85186101377819,83.342455257516));
#5128=CARTESIAN_POINT('Ctrl Pts',(-36.3802650886806,-8.15545554419888,81.1958967386338));
#5129=CARTESIAN_POINT('Ctrl Pts',(-36.8238556621287,-7.49049145912085,79.077181454067));
#5130=CARTESIAN_POINT('Ctrl Pts',(-37.2050663175238,-7.06429439534939,77.6906905136216));
#5131=CARTESIAN_POINT('Ctrl Pts',(-37.6040399619035,-6.6580285514967,76.3644054576733));
#5132=CARTESIAN_POINT('Ctrl Pts',(-38.0169664024672,-6.27088018252107,75.0963250113971));
#5133=CARTESIAN_POINT('Ctrl Pts',(-38.6891069592841,-5.70256781151228,73.2327629466268));
#5134=CARTESIAN_POINT('Ctrl Pts',(-39.3869125537697,-5.14205659174922,71.4024443785868));
#5135=CARTESIAN_POINT('Ctrl Pts',(-39.8523420597016,-4.77119660968142,70.2009789954466));
#5136=CARTESIAN_POINT('Ctrl Pts',(-40.2599563581646,-4.44137467541294,69.1367059198097));
#5137=CARTESIAN_POINT('Ctrl Pts',(-40.6129070326213,-4.15231170066015,68.207193949727));
#5138=CARTESIAN_POINT('Ctrl Pts',(-41.1129520367364,-3.7197754999459,66.8251939537177));
#5139=CARTESIAN_POINT('Ctrl Pts',(-41.5681687695741,-3.28849408424988,65.4528521610999));
#5140=CARTESIAN_POINT('Ctrl Pts',(-41.830886505108,-3.00167042779649,64.5424429482806));
#5141=CARTESIAN_POINT('Ctrl Pts',(-41.9750628344935,-2.82717136245611,63.9897944403417));
#5142=CARTESIAN_POINT('Ctrl Pts',(-42.0690538992581,-2.70284043614862,63.6016487999566));
#5143=CARTESIAN_POINT('Ctrl Pts',(-42.1266360704887,-2.56818169834332,63.1891544034242));
#5144=CARTESIAN_POINT('Ctrl Pts',(-42.1677622811395,-2.3784844828638,62.6059584369817));
#5145=CARTESIAN_POINT('Ctrl Pts',(-42.1746360380949,-2.20165144232481,62.0595395881186));
#5146=CARTESIAN_POINT('Ctrl Pts',(-42.1135828330721,-2.0351034403851,61.5081589835456));
#5147=CARTESIAN_POINT('Ctrl Pts',(-42.0295265344154,-1.89665786489675,61.012248673077));
#5148=CARTESIAN_POINT('Ctrl Pts',(-41.9627847355067,-1.81723837191475,60.7057685248139));
#5149=CARTESIAN_POINT('Ctrl Pts',(-41.882589672318,-1.74149639417563,60.3696533987363));
#5150=CARTESIAN_POINT('Ctrl Pts',(-41.8423956920951,-1.70527131113463,60.2013124828115));
#5151=CARTESIAN_POINT('Ctrl Pts',(-41.8090541677828,-1.67606988743494,60.0608861095049));
#5152=CARTESIAN_POINT('Ctrl Pts',(-41.7830618928814,-1.65352126175858,59.9484287259363));
#5153=CARTESIAN_POINT('Ctrl Pts',(-41.7552548434702,-1.62915785477165,59.8254025830008));
#5154=CARTESIAN_POINT('Ctrl Pts',(-41.7258095205355,-1.60308403163927,59.6916317931436));
#5155=CARTESIAN_POINT('Ctrl Pts',(-41.6918891391573,-1.57087749388689,59.5239229790871));
#5156=CARTESIAN_POINT('Ctrl Pts',(-41.6670588725433,-1.54496074174611,59.3894953393826));
#5157=CARTESIAN_POINT('Ctrl Pts',(-41.6526180540746,-1.52861568120521,59.3053862555903));
#5158=CARTESIAN_POINT('Ctrl Pts',(-41.6417818123495,-1.515398558628,59.2380412248007));
#5159=CARTESIAN_POINT('Ctrl Pts',(-41.6353230054441,-1.50706817517851,59.1959297078644));
#5160=CARTESIAN_POINT('Ctrl Pts',(-41.630353184942,-1.500355166323,59.1622267255054));
#5161=CARTESIAN_POINT('Ctrl Pts',(-41.626726939814,-1.49529442080567,59.136943457354));
#5162=CARTESIAN_POINT('Ctrl Pts',(-41.6237911752103,-1.49105404631451,59.1158686738854));
#5163=CARTESIAN_POINT('Ctrl Pts',(-41.6217825754994,-1.4880728939806,59.1011138797257));
#5164=CARTESIAN_POINT('Ctrl Pts',(-41.6207898083616,-1.48657898952048,59.0937352615935));
#5165=CARTESIAN_POINT('Ctrl Pts',(-41.6202261411996,-1.48572438427386,59.0895194788392));
#5166=CARTESIAN_POINT('Ctrl Pts',(-41.6199449706656,-1.48529673058882,59.0874101662387));
#5167=CARTESIAN_POINT('Ctrl Pts',(-41.5825699416194,-1.42799204795723,58.8054493460532));
#5168=CARTESIAN_POINT('Ctrl Pts',(-41.5585009374572,-1.37427827617622,58.5372910160046));
#5169=CARTESIAN_POINT('Ctrl Pts',(-41.5150368521795,-1.31256328544809,58.2206766984224));
#5170=CARTESIAN_POINT('Ctrl Pts',(-41.5070341040837,-1.30177317622781,58.1656370111367));
#5171=CARTESIAN_POINT('Ctrl Pts',(-41.4985856750041,-1.2908565597032,58.1102905522282));
#5172=CARTESIAN_POINT('Origin',(34.45,0.,0.5));
#5173=CARTESIAN_POINT('',(-34.45,-4.21890822306263E-15,0.500000000001724));
#5174=CARTESIAN_POINT('Origin',(0.,0.,0.500000000001723));
#5175=CARTESIAN_POINT('Origin',(0.,0.,10.));
#5176=CARTESIAN_POINT('Origin',(-34.45,-4.21890822306263E-15,10.));
#5177=CARTESIAN_POINT('Ctrl Pts',(-38.6559826095976,13.3097605602759,93.98));
#5178=CARTESIAN_POINT('Ctrl Pts',(-37.8810246367305,12.8316807327128,92.7032712208679));
#5179=CARTESIAN_POINT('Ctrl Pts',(-36.7297768868481,11.7537949847501,89.9219549667352));
#5180=CARTESIAN_POINT('Ctrl Pts',(-35.9710068080594,9.53968395492587,84.0778686255306));
#5181=CARTESIAN_POINT('Ctrl Pts',(-37.4032821518874,7.30526557591492,77.0947688366624));
#5182=CARTESIAN_POINT('Ctrl Pts',(-40.1820633878595,5.19582843278222,70.1093577500475));
#5183=CARTESIAN_POINT('Ctrl Pts',(-41.6212659864741,3.91372734674327,65.8368037857552));
#5184=CARTESIAN_POINT('Ctrl Pts',(-42.1397736981732,3.2151012619349,63.5772403962499));
#5185=CARTESIAN_POINT('Ctrl Pts',(-42.2990852832706,2.90372209239132,62.6289888047879));
#5186=CARTESIAN_POINT('Ctrl Pts',(-42.3330238503957,2.4138811617121,61.1838285354971));
#5187=CARTESIAN_POINT('Ctrl Pts',(-42.156706003103,2.00181408772041,59.9251812738502));
#5188=CARTESIAN_POINT('Ctrl Pts',(-42.0600973631045,1.80938778587989,59.2350400823892));
#5189=CARTESIAN_POINT('Ctrl Pts',(-42.0043374507728,1.68201130655372,58.7140408185495));
#5190=CARTESIAN_POINT('Ctrl Pts',(-41.978361581426,1.61842411350422,58.4099977284932));
#5191=CARTESIAN_POINT('Ctrl Pts',(-41.9343267924794,1.5595343785391,58.1040197668627));
#5192=CARTESIAN_POINT('Ctrl Pts',(-41.9296080302485,1.55351149135406,58.0724577015227));
#5193=CARTESIAN_POINT('Ctrl Pts',(-39.3741551469446,12.2485175126474,93.98));
#5194=CARTESIAN_POINT('Ctrl Pts',(-38.5630467771014,11.8146753076854,92.7149915085508));
#5195=CARTESIAN_POINT('Ctrl Pts',(-37.346805592867,10.8327982557805,89.9463019773253));
#5196=CARTESIAN_POINT('Ctrl Pts',(-36.4841987021155,8.81966722192181,84.0923593501172));
#5197=CARTESIAN_POINT('Ctrl Pts',(-37.8152396893946,6.82629650548543,77.0535665575298));
#5198=CARTESIAN_POINT('Ctrl Pts',(-40.4965523658575,4.95370598878004,70.0327723394722));
#5199=CARTESIAN_POINT('Ctrl Pts',(-41.8759969048384,3.7944255013369,65.8014903314455));
#5200=CARTESIAN_POINT('Ctrl Pts',(-42.3645762061011,3.15314537950426,63.5849511272908));
#5201=CARTESIAN_POINT('Ctrl Pts',(-42.4924073159166,2.84954293192904,62.6329267133785));
#5202=CARTESIAN_POINT('Ctrl Pts',(-42.448689879656,2.34212539571925,61.1615158260005));
#5203=CARTESIAN_POINT('Ctrl Pts',(-42.2193128682994,1.91455257608201,59.9016713387213));
#5204=CARTESIAN_POINT('Ctrl Pts',(-42.1111301789934,1.72158369789917,59.2265219420335));
#5205=CARTESIAN_POINT('Ctrl Pts',(-42.0525765071874,1.59744674977857,58.7229248637427));
#5206=CARTESIAN_POINT('Ctrl Pts',(-42.0257270468194,1.53653964222565,58.4254354511863));
#5207=CARTESIAN_POINT('Ctrl Pts',(-41.9814908107539,1.48108872680022,58.1235161315513));
#5208=CARTESIAN_POINT('Ctrl Pts',(-41.9767809666942,1.47542810979117,58.0923246605272));
#5209=CARTESIAN_POINT('Ctrl Pts',(-40.3350331545838,11.3524689493534,93.98));
#5210=CARTESIAN_POINT('Ctrl Pts',(-39.473842989671,10.9530650180764,92.727916803517));
#5211=CARTESIAN_POINT('Ctrl Pts',(-38.1664813063398,10.0497234960003,89.9761466730222));
#5212=CARTESIAN_POINT('Ctrl Pts',(-37.1544772962955,8.20603057140526,84.1185932178445));
#5213=CARTESIAN_POINT('Ctrl Pts',(-38.330017155755,6.40898912247645,77.0172201957141));
#5214=CARTESIAN_POINT('Ctrl Pts',(-40.8528800142049,4.72423661847974,69.9484914656063));
#5215=CARTESIAN_POINT('Ctrl Pts',(-42.1360591713038,3.66121347119339,65.7624232412981));
#5216=CARTESIAN_POINT('Ctrl Pts',(-42.5786765110422,3.06485203113372,63.5934578635615));
#5217=CARTESIAN_POINT('Ctrl Pts',(-42.6718997497491,2.76931226473813,62.6335574537969));
#5218=CARTESIAN_POINT('Ctrl Pts',(-42.5513053928117,2.25488551279057,61.1309329716752));
#5219=CARTESIAN_POINT('Ctrl Pts',(-42.2747523907826,1.82183572764346,59.8744029687414));
#5220=CARTESIAN_POINT('Ctrl Pts',(-42.1579949226986,1.63122968689034,59.2171306694491));
#5221=CARTESIAN_POINT('Ctrl Pts',(-42.097623998505,1.51120591266372,58.732719618842));
#5222=CARTESIAN_POINT('Ctrl Pts',(-42.0698138988933,1.45318338992978,58.4426079930625));
#5223=CARTESIAN_POINT('Ctrl Pts',(-42.0252980923494,1.40118355067571,58.1452405200339));
#5224=CARTESIAN_POINT('Ctrl Pts',(-42.0205843514238,1.39588449695124,58.1144717724579));
#5225=CARTESIAN_POINT('Ctrl Pts',(-46.3846447798123,7.86622319796139,93.9800000000001));
#5226=CARTESIAN_POINT('Ctrl Pts',(-45.2049414044222,7.61922073160925,92.8007759315861));
#5227=CARTESIAN_POINT('Ctrl Pts',(-43.3134517562155,7.04658476231953,90.1555601868516));
#5228=CARTESIAN_POINT('Ctrl Pts',(-41.3304019664046,5.85154250873357,84.3022527475361));
#5229=CARTESIAN_POINT('Ctrl Pts',(-41.464849383015,4.67501091245615,76.8429851522134));
#5230=CARTESIAN_POINT('Ctrl Pts',(-42.905757842949,3.56082993922041,69.4721421069373));
#5231=CARTESIAN_POINT('Ctrl Pts',(-43.5368685171922,2.85617737339985,65.5408934869476));
#5232=CARTESIAN_POINT('Ctrl Pts',(-43.6746709545535,2.46151187950981,63.6413766585685));
#5233=CARTESIAN_POINT('Ctrl Pts',(-43.5722584523413,2.21467619809157,62.6240497582231));
#5234=CARTESIAN_POINT('Ctrl Pts',(-43.0461659534758,1.71071574127188,60.9372582800467));
#5235=CARTESIAN_POINT('Ctrl Pts',(-42.5417167105768,1.2922325398264,59.7152374290219));
#5236=CARTESIAN_POINT('Ctrl Pts',(-42.3903239700812,1.12736845963281,59.1642596316076));
#5237=CARTESIAN_POINT('Ctrl Pts',(-42.3245597648867,1.03378278051073,58.7878589044561));
#5238=CARTESIAN_POINT('Ctrl Pts',(-42.2907556796254,0.992380106521363,58.5405829382075));
#5239=CARTESIAN_POINT('Ctrl Pts',(-42.2448660236691,0.959110875790071,58.2688718150341));
#5240=CARTESIAN_POINT('Ctrl Pts',(-42.2400406175628,0.955764241961906,58.2405882012379));
#5241=CARTESIAN_POINT('Ctrl Pts',(-51.2981623857674,5.00199589462934,93.9800000000005));
#5242=CARTESIAN_POINT('Ctrl Pts',(-49.6915288479773,4.75170233765751,92.8707788976206));
#5243=CARTESIAN_POINT('Ctrl Pts',(-47.1258376983485,4.30273917246719,90.3619271387556));
#5244=CARTESIAN_POINT('Ctrl Pts',(-44.3422804022892,3.61056071540323,84.6015153810763));
#5245=CARTESIAN_POINT('Ctrl Pts',(-43.9374947203354,3.05399811314667,76.7872531318323));
#5246=CARTESIAN_POINT('Ctrl Pts',(-44.6805520546502,2.44569853479348,69.0214508736326));
#5247=CARTESIAN_POINT('Ctrl Pts',(-44.5725756040025,1.87237014011544,65.3288414068498));
#5248=CARTESIAN_POINT('Ctrl Pts',(-44.2636590460898,1.48637859434718,63.6875699826017));
#5249=CARTESIAN_POINT('Ctrl Pts',(-43.9827409790337,1.30224283905187,62.5707368354487));
#5250=CARTESIAN_POINT('Ctrl Pts',(-43.1967375496153,1.00053946741153,60.6806959566743));
#5251=CARTESIAN_POINT('Ctrl Pts',(-42.6260092840291,0.767629810737592,59.5482371076181));
#5252=CARTESIAN_POINT('Ctrl Pts',(-42.49643969545,0.672988684004482,59.1133445308887));
#5253=CARTESIAN_POINT('Ctrl Pts',(-42.4394979273057,0.615634096192753,58.8409682718898));
#5254=CARTESIAN_POINT('Ctrl Pts',(-42.4010884109871,0.590615879180737,58.6347913787203));
#5255=CARTESIAN_POINT('Ctrl Pts',(-42.3514721736307,0.571551679057104,58.3893263049862));
#5256=CARTESIAN_POINT('Ctrl Pts',(-42.3464087856805,0.569647279440092,58.3634614242138));
#5257=CARTESIAN_POINT('Ctrl Pts',(-57.0122152177854,1.73188713950493,93.9800000000006));
#5258=CARTESIAN_POINT('Ctrl Pts',(-55.2800780037492,1.66929202364127,92.8910587246304));
#5259=CARTESIAN_POINT('Ctrl Pts',(-52.3408039959476,1.53776340972804,90.4221177186333));
#5260=CARTESIAN_POINT('Ctrl Pts',(-48.4970563891821,1.26861069409119,84.6901674699399));
#5261=CARTESIAN_POINT('Ctrl Pts',(-46.4492746450314,0.939787591081742,76.7730860492649));
#5262=CARTESIAN_POINT('Ctrl Pts',(-45.5528453579866,0.599350682035135,68.8913457649278));
#5263=CARTESIAN_POINT('Ctrl Pts',(-44.8509047077547,0.406948684296856,65.2675856851564));
#5264=CARTESIAN_POINT('Ctrl Pts',(-44.4102188720969,0.311292526534798,63.7009628248505));
#5265=CARTESIAN_POINT('Ctrl Pts',(-44.0801028701293,0.269436483387398,62.554608703576));
#5266=CARTESIAN_POINT('Ctrl Pts',(-43.2281270366724,0.207183012829338,60.6053262616743));
#5267=CARTESIAN_POINT('Ctrl Pts',(-42.6458436179913,0.160793410994338,59.4997762439648));
#5268=CARTESIAN_POINT('Ctrl Pts',(-42.5246212070015,0.141477330405255,59.0985819126628));
#5269=CARTESIAN_POINT('Ctrl Pts',(-42.4703769228052,0.129309233145238,58.8563679173895));
#5270=CARTESIAN_POINT('Ctrl Pts',(-42.4305951161894,0.124001739298359,58.6619628341075));
#5271=CARTESIAN_POINT('Ctrl Pts',(-42.3794975190426,0.120022278837328,58.4241760128638));
#5272=CARTESIAN_POINT('Ctrl Pts',(-42.3743397922118,0.119625629051762,58.3990024755085));
#5273=CARTESIAN_POINT('Ctrl Pts',(-57.508189467876,0.875630291600587,93.9800000000007));
#5274=CARTESIAN_POINT('Ctrl Pts',(-55.7668276334892,0.841857768252301,92.8925537895319));
#5275=CARTESIAN_POINT('Ctrl Pts',(-52.7970349768295,0.773357810004366,90.4264704192876));
#5276=CARTESIAN_POINT('Ctrl Pts',(-48.8606962573045,0.638593160369631,84.6967509814808));
#5277=CARTESIAN_POINT('Ctrl Pts',(-46.6657257884974,0.476533267590089,76.7722300477106));
#5278=CARTESIAN_POINT('Ctrl Pts',(-45.623202868996,0.306644461940519,68.8820095887721));
#5279=CARTESIAN_POINT('Ctrl Pts',(-44.8708628135881,0.206560343309924,65.2631882541824));
#5280=CARTESIAN_POINT('Ctrl Pts',(-44.4204717916542,0.15516478540763,63.7019561858464));
#5281=CARTESIAN_POINT('Ctrl Pts',(-44.0867735569717,0.133487743048771,62.5534171112508));
#5282=CARTESIAN_POINT('Ctrl Pts',(-43.2300909268059,0.102729517982651,60.5997994748195));
#5283=CARTESIAN_POINT('Ctrl Pts',(-42.6470316240767,0.0802371446869102,
59.4963019065773));
#5284=CARTESIAN_POINT('Ctrl Pts',(-42.5265316488906,0.0707472873418701,
59.0974858022667));
#5285=CARTESIAN_POINT('Ctrl Pts',(-42.4724326964686,0.0646496070307328,
58.8575118017145));
#5286=CARTESIAN_POINT('Ctrl Pts',(-42.4326359159585,0.0619887043040981,
58.6638776793029));
#5287=CARTESIAN_POINT('Ctrl Pts',(-42.3813863219283,0.0600075392358817,
58.4266933136021));
#5288=CARTESIAN_POINT('Ctrl Pts',(-42.3762284810028,0.0598102704343676,
58.4015636129585));
#5289=CARTESIAN_POINT('Ctrl Pts',(-57.5021092765845,-0.108733852576829,
93.9800000000007));
#5290=CARTESIAN_POINT('Ctrl Pts',(-55.760751359749,-0.104512287911321,92.8925467538555));
#5291=CARTESIAN_POINT('Ctrl Pts',(-52.7911964554426,-0.0959786609405088,
90.4264761113241));
#5292=CARTESIAN_POINT('Ctrl Pts',(-48.8560085599822,-0.0792689552538835,
84.6967451901899));
#5293=CARTESIAN_POINT('Ctrl Pts',(-46.6630997831501,-0.0592558129856204,
76.7722285765381));
#5294=CARTESIAN_POINT('Ctrl Pts',(-45.6225689472645,-0.0382556619732065,
68.8820054013817));
#5295=CARTESIAN_POINT('Ctrl Pts',(-44.8707508353037,-0.0258069905658831,
65.2631859411644));
#5296=CARTESIAN_POINT('Ctrl Pts',(-44.4203603702222,-0.0193825488896323,
63.7019503742162));
#5297=CARTESIAN_POINT('Ctrl Pts',(-44.0866787128223,-0.0166748207649838,
62.5534107850653));
#5298=CARTESIAN_POINT('Ctrl Pts',(-43.2300419637259,-0.0128359000243449,
60.5997998266484));
#5299=CARTESIAN_POINT('Ctrl Pts',(-42.6470275229022,-0.0100286305883108,
59.4962950168856));
#5300=CARTESIAN_POINT('Ctrl Pts',(-42.5265212685301,-0.00884324593523518,
59.0974924542245));
#5301=CARTESIAN_POINT('Ctrl Pts',(-42.4724360753327,-0.00808103626377279,
58.85750477006));
#5302=CARTESIAN_POINT('Ctrl Pts',(-42.4326223290938,-0.00774825862943866,
58.6638860032174));
#5303=CARTESIAN_POINT('Ctrl Pts',(-42.3813803655807,-0.00750032281337911,
58.4266921127431));
#5304=CARTESIAN_POINT('Ctrl Pts',(-42.3762210610088,-0.00747563329068683,
58.4015636129585));
#5305=CARTESIAN_POINT('Ctrl Pts',(-57.4507270274399,-0.984176896486821,
93.9800000000007));
#5306=CARTESIAN_POINT('Ctrl Pts',(-55.7105179246404,-0.946801549205336,
92.8923675277354));
#5307=CARTESIAN_POINT('Ctrl Pts',(-52.7443578160069,-0.870362247587236,
90.4259258290457));
#5308=CARTESIAN_POINT('Ctrl Pts',(-48.8187332752314,-0.718513532555501,
84.6959285539634));
#5309=CARTESIAN_POINT('Ctrl Pts',(-46.6406155539884,-0.535094509753353,
76.7723371778232));
#5310=CARTESIAN_POINT('Ctrl Pts',(-45.614861548578,-0.343391133355654,68.8831769805774));
#5311=CARTESIAN_POINT('Ctrl Pts',(-44.8684301556497,-0.23163725552225,65.2637381373153));
#5312=CARTESIAN_POINT('Ctrl Pts',(-44.419252232825,-0.174709123170962,63.7018325289433));
#5313=CARTESIAN_POINT('Ctrl Pts',(-44.0859928665194,-0.150505572687205,
62.5535666189529));
#5314=CARTESIAN_POINT('Ctrl Pts',(-43.229871586029,-0.1157977047386,60.6004902921066));
#5315=CARTESIAN_POINT('Ctrl Pts',(-42.6468885548132,-0.0903088798994168,
59.4967368071751));
#5316=CARTESIAN_POINT('Ctrl Pts',(-42.5262955080063,-0.0795889009360564,
59.0976222286361));
#5317=CARTESIAN_POINT('Ctrl Pts',(-42.472177174044,-0.0727324185703348,
58.8573694371348));
#5318=CARTESIAN_POINT('Ctrl Pts',(-42.4323843227364,-0.0697410516707511,
58.6636375885738));
#5319=CARTESIAN_POINT('Ctrl Pts',(-42.3811540324784,-0.0675107284194793,
58.4263787570569));
#5320=CARTESIAN_POINT('Ctrl Pts',(-42.3759964400853,-0.0672886045494817,
58.4012434707773));
#5321=CARTESIAN_POINT('Ctrl Pts',(-56.9164219103049,-1.78503101782433,93.9800000000007));
#5322=CARTESIAN_POINT('Ctrl Pts',(-55.1863696984444,-1.71931992786416,92.8907193239868));
#5323=CARTESIAN_POINT('Ctrl Pts',(-52.2533322844534,-1.58256750786199,90.4211207126305));
#5324=CARTESIAN_POINT('Ctrl Pts',(-48.4273612174945,-1.30660681630916,84.688693509794));
#5325=CARTESIAN_POINT('Ctrl Pts',(-46.4071687123727,-0.974389714764728,
76.7733206638727));
#5326=CARTESIAN_POINT('Ctrl Pts',(-45.5382601120664,-0.629879370486233,
68.8935040027501));
#5327=CARTESIAN_POINT('Ctrl Pts',(-44.8462593389969,-0.431251508765166,
65.2686016877873));
#5328=CARTESIAN_POINT('Ctrl Pts',(-44.407761213209,-0.330775494137319,63.7007382306924));
#5329=CARTESIAN_POINT('Ctrl Pts',(-44.0784657226088,-0.286561046836731,
62.5548739850677));
#5330=CARTESIAN_POINT('Ctrl Pts',(-43.2275947160909,-0.220343517494899,
60.6065776059644));
#5331=CARTESIAN_POINT('Ctrl Pts',(-42.6455145706414,-0.170865555216576,
59.5005780598743));
#5332=CARTESIAN_POINT('Ctrl Pts',(-42.5241499562544,-0.150300607315137,
59.098829573231));
#5333=CARTESIAN_POINT('Ctrl Pts',(-42.469866242985,-0.137382369901788,58.8561095338887));
#5334=CARTESIAN_POINT('Ctrl Pts',(-42.430100819182,-0.131747344666284,58.661515000136));
#5335=CARTESIAN_POINT('Ctrl Pts',(-42.3790311323193,-0.12751692418096,58.4235970080341));
#5336=CARTESIAN_POINT('Ctrl Pts',(-42.3738744399406,-0.127095185057254,
58.3984124608084));
#5337=CARTESIAN_POINT('Ctrl Pts',(-51.3046382637517,-5.00474685393213,93.9800000000005));
#5338=CARTESIAN_POINT('Ctrl Pts',(-49.6980028615388,-4.75445330339441,92.8707822460071));
#5339=CARTESIAN_POINT('Ctrl Pts',(-47.1320540274922,-4.3053796939939,90.3619244298281));
#5340=CARTESIAN_POINT('Ctrl Pts',(-44.3472696966746,-3.61268376124555,84.6015181372407));
#5341=CARTESIAN_POINT('Ctrl Pts',(-43.9402807028652,-3.05518943077147,76.7872538319861));
#5342=CARTESIAN_POINT('Ctrl Pts',(-44.6812098868732,-2.44599025046887,69.0214528664762));
#5343=CARTESIAN_POINT('Ctrl Pts',(-44.572675717498,-1.87242603674273,65.3288425076507));
#5344=CARTESIAN_POINT('Ctrl Pts',(-44.2637588945708,-1.48643451713322,63.6875727484458));
#5345=CARTESIAN_POINT('Ctrl Pts',(-43.9828262607858,-1.30229062334066,62.5707398461776));
#5346=CARTESIAN_POINT('Ctrl Pts',(-43.1967804187946,-1.00056213448399,60.6806957892336));
#5347=CARTESIAN_POINT('Ctrl Pts',(-42.6260157813977,-0.767634153301953,
59.5482403865282));
#5348=CARTESIAN_POINT('Ctrl Pts',(-42.4964462027329,-0.672989388231022,
59.1133413651199));
#5349=CARTESIAN_POINT('Ctrl Pts',(-42.4394978863623,-0.61563480355873,58.8409716183622));
#5350=CARTESIAN_POINT('Ctrl Pts',(-42.4010969457429,-0.590617300717482,
58.6347874172415));
#5351=CARTESIAN_POINT('Ctrl Pts',(-42.3514779538581,-0.571554332599595,
58.3893268764934));
#5352=CARTESIAN_POINT('Ctrl Pts',(-42.3464153566454,-0.56965006729722,58.3634614242139));
#5353=CARTESIAN_POINT('Ctrl Pts',(-46.3837497667023,-7.86561871605445,93.9800000000002));
#5354=CARTESIAN_POINT('Ctrl Pts',(-45.2040470262229,-7.61861624777481,92.8007747913263));
#5355=CARTESIAN_POINT('Ctrl Pts',(-43.3125922631681,-7.04600455185555,90.1555611093501));
#5356=CARTESIAN_POINT('Ctrl Pts',(-41.3297118439969,-5.85107589842984,84.3022518089517));
#5357=CARTESIAN_POINT('Ctrl Pts',(-41.4644625583255,-4.67474890605486,76.8429849137831));
#5358=CARTESIAN_POINT('Ctrl Pts',(-42.9056640952894,-3.56076547549997,69.4721414282943));
#5359=CARTESIAN_POINT('Ctrl Pts',(-43.5368515551507,-2.85616469457934,65.5408931120808));
#5360=CARTESIAN_POINT('Ctrl Pts',(-43.67465408276,-2.46149919285256,63.6413757166877));
#5361=CARTESIAN_POINT('Ctrl Pts',(-43.5722440980471,-2.21466535709541,62.6240487329492));
#5362=CARTESIAN_POINT('Ctrl Pts',(-43.0461585137835,-1.71071059912211,60.937258337067));
#5363=CARTESIAN_POINT('Ctrl Pts',(-42.5417161610512,-1.29223155451387,59.7152363124216));
#5364=CARTESIAN_POINT('Ctrl Pts',(-42.3903223274481,-1.12736830002087,59.1642607096789));
#5365=CARTESIAN_POINT('Ctrl Pts',(-42.3245603521873,-1.03378261995826,58.7878577648481));
#5366=CARTESIAN_POINT('Ctrl Pts',(-42.290753530023,-0.992379783563476,58.5405842872499));
#5367=CARTESIAN_POINT('Ctrl Pts',(-42.2448651329474,-0.959110273893388,
58.268871620413));
#5368=CARTESIAN_POINT('Ctrl Pts',(-42.2400394920161,-0.955763609506915,
58.2405882012379));
#5369=CARTESIAN_POINT('Ctrl Pts',(-40.3352619741805,-11.3525677198262,93.98));
#5370=CARTESIAN_POINT('Ctrl Pts',(-39.474071740753,-10.9531637887839,92.7279169265649));
#5371=CARTESIAN_POINT('Ctrl Pts',(-38.1667009574573,-10.0498183012835,89.9761465734734));
#5372=CARTESIAN_POINT('Ctrl Pts',(-37.1546535926906,-8.20610679798634,84.1185933191293));
#5373=CARTESIAN_POINT('Ctrl Pts',(-38.3301156085137,-6.40903189718131,77.0172202214437));
#5374=CARTESIAN_POINT('Ctrl Pts',(-40.8529032779275,-4.72424709478389,69.9484915388403));
#5375=CARTESIAN_POINT('Ctrl Pts',(-42.1360627305762,-3.66121548087708,65.7624232817509));
#5376=CARTESIAN_POINT('Ctrl Pts',(-42.5786800605758,-3.0648540417713,63.593457965202));
#5377=CARTESIAN_POINT('Ctrl Pts',(-42.6719027810549,-2.76931398277017,62.6335575644364));
#5378=CARTESIAN_POINT('Ctrl Pts',(-42.5513069181462,-2.25488632775758,61.1309329655221));
#5379=CARTESIAN_POINT('Ctrl Pts',(-42.2747526179258,-1.8218358837763,59.8744030892362));
#5380=CARTESIAN_POINT('Ctrl Pts',(-42.1579951578233,-1.63122971220889,59.2171305531122));
#5381=CARTESIAN_POINT('Ctrl Pts',(-42.0976239929927,-1.51120593809675,58.7327197418197));
#5382=CARTESIAN_POINT('Ctrl Pts',(-42.069814207242,-1.45318344104268,58.4426078474844));
#5383=CARTESIAN_POINT('Ctrl Pts',(-42.0252982972308,-1.40118364608005,58.1452405410359));
#5384=CARTESIAN_POINT('Ctrl Pts',(-42.0205845851228,-1.39588459718532,58.1144717724579));
#5385=CARTESIAN_POINT('Ctrl Pts',(-39.3741551469453,-12.248517512645,93.98));
#5386=CARTESIAN_POINT('Ctrl Pts',(-38.5630467771022,-11.8146753076831,92.7149915085508));
#5387=CARTESIAN_POINT('Ctrl Pts',(-37.3468055928676,-10.8327982557785,89.9463019773254));
#5388=CARTESIAN_POINT('Ctrl Pts',(-36.484198702116,-8.81966722192048,84.0923593501173));
#5389=CARTESIAN_POINT('Ctrl Pts',(-37.8152396893949,-6.82629650548466,77.05356655753));
#5390=CARTESIAN_POINT('Ctrl Pts',(-40.4965523658575,-4.95370598877974,70.0327723394723));
#5391=CARTESIAN_POINT('Ctrl Pts',(-41.8759969048384,-3.79442550133684,65.8014903314456));
#5392=CARTESIAN_POINT('Ctrl Pts',(-42.3645762061012,-3.15314537950427,63.5849511272909));
#5393=CARTESIAN_POINT('Ctrl Pts',(-42.4924073159165,-2.84954293192907,62.6329267133784));
#5394=CARTESIAN_POINT('Ctrl Pts',(-42.448689879656,-2.34212539571928,61.1615158260006));
#5395=CARTESIAN_POINT('Ctrl Pts',(-42.2193128682993,-1.91455257608203,59.9016713387213));
#5396=CARTESIAN_POINT('Ctrl Pts',(-42.1111301789934,-1.72158369789917,59.2265219420336));
#5397=CARTESIAN_POINT('Ctrl Pts',(-42.0525765071875,-1.59744674977856,58.7229248637427));
#5398=CARTESIAN_POINT('Ctrl Pts',(-42.0257270468194,-1.53653964222565,58.4254354511863));
#5399=CARTESIAN_POINT('Ctrl Pts',(-41.9814908107539,-1.48108872680022,58.1235161315513));
#5400=CARTESIAN_POINT('Ctrl Pts',(-41.9767809666942,-1.47542810979117,58.0923246605272));
#5401=CARTESIAN_POINT('Ctrl Pts',(-38.6559826095983,-13.3097605602738,93.98));
#5402=CARTESIAN_POINT('Ctrl Pts',(-37.8810246367312,-12.8316807327108,92.7032712208679));
#5403=CARTESIAN_POINT('Ctrl Pts',(-36.7297768868487,-11.7537949847484,89.9219549667352));
#5404=CARTESIAN_POINT('Ctrl Pts',(-35.9710068080599,-9.5396839549248,84.0778686255307));
#5405=CARTESIAN_POINT('Ctrl Pts',(-37.4032821518876,-7.30526557591432,77.0947688366626));
#5406=CARTESIAN_POINT('Ctrl Pts',(-40.1820633878595,-5.195828432782,70.1093577500476));
#5407=CARTESIAN_POINT('Ctrl Pts',(-41.621265986474,-3.91372734674324,65.8368037857553));
#5408=CARTESIAN_POINT('Ctrl Pts',(-42.1397736981731,-3.21510126193493,63.57724039625));
#5409=CARTESIAN_POINT('Ctrl Pts',(-42.2990852832704,-2.90372209239137,62.6289888047879));
#5410=CARTESIAN_POINT('Ctrl Pts',(-42.3330238503957,-2.41388116171216,61.1838285354971));
#5411=CARTESIAN_POINT('Ctrl Pts',(-42.1567060031029,-2.00181408772046,59.9251812738502));
#5412=CARTESIAN_POINT('Ctrl Pts',(-42.0600973631045,-1.80938778587992,59.2350400823893));
#5413=CARTESIAN_POINT('Ctrl Pts',(-42.0043374507728,-1.68201130655375,58.7140408185496));
#5414=CARTESIAN_POINT('Ctrl Pts',(-41.978361581426,-1.61842411350424,58.4099977284932));
#5415=CARTESIAN_POINT('Ctrl Pts',(-41.9343267924794,-1.55953437853912,58.1040197668627));
#5416=CARTESIAN_POINT('Ctrl Pts',(-41.9296080302485,-1.55351149135408,58.0724577015227));
#5417=CARTESIAN_POINT('Origin',(34.45,0.,0.));
#5418=CARTESIAN_POINT('',(-34.45,-4.21890822306263E-15,1.72306613421824E-12));
#5419=CARTESIAN_POINT('Origin',(0.,0.,1.72306613421824E-12));
#5420=CARTESIAN_POINT('Origin',(0.,0.,10.));
#5421=CARTESIAN_POINT('Origin',(-34.45,-4.21890822306263E-15,10.));
#5422=CARTESIAN_POINT('Origin',(45.1656625778331,5.,15.9854737635871));
#5423=CARTESIAN_POINT('',(45.2907435426654,5.,12.988082439079));
#5424=CARTESIAN_POINT('',(45.1656625778331,8.,15.9854737635871));
#5425=CARTESIAN_POINT('Origin',(45.165662577833,5.,15.9854737635871));
#5426=CARTESIAN_POINT('',(44.4060430606856,5.,13.8019037076538));
#5427=CARTESIAN_POINT('Origin',(45.2553039359629,5.,13.8373433143563));
#5428=CARTESIAN_POINT('',(44.3164017025558,7.15,15.9500341568847));
#5429=CARTESIAN_POINT('Origin',(44.3164017025558,5.,15.9500341568847));
#5430=CARTESIAN_POINT('Origin',(45.1656625778331,7.15,15.9854737635871));
#5431=CARTESIAN_POINT('Origin',(46.0049321486953,5.,16.0204964337402));
#5432=CARTESIAN_POINT('',(46.8541930239726,7.15,16.0559360404427));
#5433=CARTESIAN_POINT('',(46.9438343821025,5.,13.9078055912119));
#5434=CARTESIAN_POINT('Origin',(46.8541930239726,5.,16.0559360404427));
#5435=CARTESIAN_POINT('',(46.1300131135277,5.,13.0231051092321));
#5436=CARTESIAN_POINT('Origin',(46.0945735068252,5.,13.8723659845094));
#5437=CARTESIAN_POINT('',(46.0049321486953,8.,16.0204964337402));
#5438=CARTESIAN_POINT('Origin',(46.0049321486953,5.,16.0204964337402));
#5439=CARTESIAN_POINT('Origin',(46.0049321486953,7.15,16.0204964337402));
#5440=CARTESIAN_POINT('Origin',(43.441765496902,5.,71.07443523324));
#5441=CARTESIAN_POINT('',(44.2907950277227,7.15,71.115041338622));
#5442=CARTESIAN_POINT('',(44.3935045883948,5.,68.9674960547812));
#5443=CARTESIAN_POINT('Origin',(44.2907950277227,5.,71.115041338622));
#5444=CARTESIAN_POINT('',(43.585081162956,5.,68.0778604185785));
#5445=CARTESIAN_POINT('Origin',(43.544475057574,5.,68.9268899493993));
#5446=CARTESIAN_POINT('',(43.441765496902,8.,71.07443523324));
#5447=CARTESIAN_POINT('Origin',(43.441765496902,5.,71.07443523324));
#5448=CARTESIAN_POINT('Origin',(43.441765496902,7.15,71.07443523324));
#5449=CARTESIAN_POINT('Origin',(45.1656625778331,-5.,15.9854737635871));
#5450=CARTESIAN_POINT('',(44.3164017025558,-7.15,15.9500341568847));
#5451=CARTESIAN_POINT('',(44.4060430606856,-5.,13.8019037076538));
#5452=CARTESIAN_POINT('Origin',(44.3164017025558,-5.,15.9500341568847));
#5453=CARTESIAN_POINT('',(45.2907435426654,-5.,12.988082439079));
#5454=CARTESIAN_POINT('Origin',(45.2553039359629,-5.,13.8373433143563));
#5455=CARTESIAN_POINT('',(45.1656625778331,-8.,15.9854737635871));
#5456=CARTESIAN_POINT('Origin',(45.1656625778331,-5.,15.9854737635871));
#5457=CARTESIAN_POINT('Origin',(45.1656625778331,-7.15,15.9854737635871));
#5458=CARTESIAN_POINT('Origin',(45.2553039359629,7.13703190832627E-16,13.8373433143563));
#5459=CARTESIAN_POINT('',(44.4060430606856,8.17707652087569E-16,13.8019037076538));
#5460=CARTESIAN_POINT('',(45.2907435426654,7.09363090741502E-16,12.988082439079));
#5461=CARTESIAN_POINT('Origin',(42.6027245487968,5.,71.0343068467449));
#5462=CARTESIAN_POINT('',(42.7460402148508,5.,68.0377320320834));
#5463=CARTESIAN_POINT('',(42.6027245487968,8.,71.0343068467449));
#5464=CARTESIAN_POINT('Origin',(42.6027245487968,5.,71.0343068467449));
#5465=CARTESIAN_POINT('',(41.856404578648,5.,68.8461554575222));
#5466=CARTESIAN_POINT('Origin',(42.7054341094688,5.,68.8867615629042));
#5467=CARTESIAN_POINT('',(41.753695017976,7.15,70.9937007413629));
#5468=CARTESIAN_POINT('Origin',(41.753695017976,5.,70.9937007413629));
#5469=CARTESIAN_POINT('Origin',(42.6027245487968,7.15,71.0343068467449));
#5470=CARTESIAN_POINT('Origin',(46.0049321486953,-5.,16.0204964337402));
#5471=CARTESIAN_POINT('',(46.1300131135277,-5.,13.0231051092321));
#5472=CARTESIAN_POINT('',(46.0049321486953,-8.,16.0204964337402));
#5473=CARTESIAN_POINT('Origin',(46.0049321486953,-5.,16.0204964337402));
#5474=CARTESIAN_POINT('',(46.9438343821025,-5.,13.9078055912119));
#5475=CARTESIAN_POINT('Origin',(46.0945735068252,-5.,13.8723659845094));
#5476=CARTESIAN_POINT('',(46.8541930239726,-7.15,16.0559360404427));
#5477=CARTESIAN_POINT('Origin',(46.8541930239726,-5.,16.0559360404427));
#5478=CARTESIAN_POINT('Origin',(46.0049321486953,-7.15,16.0204964337402));
#5479=CARTESIAN_POINT('Origin',(46.0945735068252,6.109223114748E-16,13.8723659845094));
#5480=CARTESIAN_POINT('',(46.1300131135277,6.06582211383676E-16,13.0231051092321));
#5481=CARTESIAN_POINT('',(46.9438343821025,5.06917850219858E-16,13.9078055912119));
#5482=CARTESIAN_POINT('Origin',(43.441765496902,-5.,71.07443523324));
#5483=CARTESIAN_POINT('',(43.585081162956,-5.,68.0778604185785));
#5484=CARTESIAN_POINT('',(43.441765496902,-8.,71.07443523324));
#5485=CARTESIAN_POINT('Origin',(43.441765496902,-5.,71.07443523324));
#5486=CARTESIAN_POINT('',(44.3935045883948,-5.,68.9674960547812));
#5487=CARTESIAN_POINT('Origin',(43.544475057574,-5.,68.9268899493993));
#5488=CARTESIAN_POINT('',(44.2907950277227,-7.15,71.115041338622));
#5489=CARTESIAN_POINT('Origin',(44.2907950277227,-5.,71.115041338622));
#5490=CARTESIAN_POINT('Origin',(43.441765496902,-7.15,71.07443523324));
#5491=CARTESIAN_POINT('Origin',(43.544475057574,0.,68.9268899493993));
#5492=CARTESIAN_POINT('',(43.585081162956,0.,68.0778604185785));
#5493=CARTESIAN_POINT('',(44.3935045883948,0.,68.9674960547812));
#5494=CARTESIAN_POINT('Origin',(43.4736351776002,-7.15,70.4080748473797));
#5495=CARTESIAN_POINT('',(43.9883267523536,-7.15,77.4393242391653));
#5496=CARTESIAN_POINT('',(43.1392972215328,-8.,77.3987181337833));
#5497=CARTESIAN_POINT('Origin',(43.1392972215328,-7.15,77.3987181337833));
#5498=CARTESIAN_POINT('',(43.4736351776002,-8.,70.4080748473797));
#5499=CARTESIAN_POINT('',(44.3226647084209,-7.15,70.4486809527617));
#5500=CARTESIAN_POINT('Origin',(48.4432346434837,-7.15,77.6523868626982));
#5501=CARTESIAN_POINT('',(47.3086005173864,-7.15,81.9656461175884));
#5502=CARTESIAN_POINT('',(47.0923585875248,-8.,82.7876798320854));
#5503=CARTESIAN_POINT('Origin',(47.0923585875248,-7.15,82.7876798320854));
#5504=CARTESIAN_POINT('Origin',(48.4432346434837,-8.,77.6523868626982));
#5505=CARTESIAN_POINT('Origin',(48.4432346434837,-7.15,77.6523868626982));
#5506=CARTESIAN_POINT('Origin',(50.0797989982593,-7.15,83.5735476965914));
#5507=CARTESIAN_POINT('',(59.2583621603242,-7.15,85.1091175756125));
#5508=CARTESIAN_POINT('',(59.0421202304626,-8.,85.9311512901095));
#5509=CARTESIAN_POINT('Origin',(59.0421202304626,-7.15,85.9311512901095));
#5510=CARTESIAN_POINT('',(50.0797989982593,-8.,83.5735476965914));
#5511=CARTESIAN_POINT('',(50.2960409281209,-7.15,82.7515139820944));
#5512=CARTESIAN_POINT('Origin',(60.3929962864215,-7.15,80.7958583207223));
#5513=CARTESIAN_POINT('',(64.788732167645,-7.15,81.5502495073913));
#5514=CARTESIAN_POINT('',(65.6264845216899,-8.,81.6940236124739));
#5515=CARTESIAN_POINT('Origin',(65.6264845216899,-7.15,81.6940236124739));
#5516=CARTESIAN_POINT('Origin',(60.3929962864215,-8.,80.7958583207223));
#5517=CARTESIAN_POINT('Origin',(60.3929962864215,-7.15,80.7958583207223));
#5518=CARTESIAN_POINT('Origin',(67.6771522170833,-7.15,69.7450590322933));
#5519=CARTESIAN_POINT('',(72.9914029492189,-7.15,33.7543911866689));
#5520=CARTESIAN_POINT('',(73.8291553032637,-8.,33.8981652917515));
#5521=CARTESIAN_POINT('Origin',(73.8291553032637,-7.15,33.8981652917515));
#5522=CARTESIAN_POINT('',(67.6771522170833,-8.,69.7450590322933));
#5523=CARTESIAN_POINT('',(66.8393998630385,-7.15,69.6012849272107));
#5524=CARTESIAN_POINT('Origin',(68.5956670679954,-7.15,33.));
#5525=CARTESIAN_POINT('',(68.5956670679953,-7.15,28.54));
#5526=CARTESIAN_POINT('',(68.5956670679954,-8.,27.69));
#5527=CARTESIAN_POINT('Origin',(68.5956670679953,-7.15,27.69));
#5528=CARTESIAN_POINT('Origin',(68.5956670679954,-8.,33.));
#5529=CARTESIAN_POINT('Origin',(68.5956670679954,-7.15,33.));
#5530=CARTESIAN_POINT('Origin',(64.2175334895656,-7.15,27.69));
#5531=CARTESIAN_POINT('',(51.0831327542763,-7.15,28.54));
#5532=CARTESIAN_POINT('',(51.0831327542763,-8.,27.69));
#5533=CARTESIAN_POINT('Origin',(51.0831327542763,-7.15,27.69));
#5534=CARTESIAN_POINT('',(64.2175334895656,-8.,27.69));
#5535=CARTESIAN_POINT('',(64.2175334895656,-7.15,28.54));
#5536=CARTESIAN_POINT('Origin',(51.0831327542763,-7.15,21.5400000002605));
#5537=CARTESIAN_POINT('',(44.0881709348882,-7.15,21.8055355753835));
#5538=CARTESIAN_POINT('Origin',(51.0831327542763,-7.15,21.5400000002605));
#5539=CARTESIAN_POINT('',(44.9375591558455,-8.,21.7732919698317));
#5540=CARTESIAN_POINT('Origin',(44.9375591558455,-7.15,21.7732919698317));
#5541=CARTESIAN_POINT('Origin',(51.0831327542763,-8.,21.5400000002605));
#5542=CARTESIAN_POINT('Origin',(49.164514655433,-7.15,21.6128326151442));
#5543=CARTESIAN_POINT('',(44.0889320125993,-7.15,21.4010288480281));
#5544=CARTESIAN_POINT('Origin',(49.164514655433,-7.15,21.6128326151442));
#5545=CARTESIAN_POINT('',(44.9381928878766,-8.,21.4364684547306));
#5546=CARTESIAN_POINT('Origin',(44.9381928878766,-7.15,21.4364684547306));
#5547=CARTESIAN_POINT('Origin',(49.164514655433,-8.,21.6128326151442));
#5548=CARTESIAN_POINT('Origin',(45.2026058789682,-7.15,15.1001789429919));
#5549=CARTESIAN_POINT('',(44.3533450036909,-7.15,15.0647393362894));
#5550=CARTESIAN_POINT('',(45.2026058789682,-8.,15.1001789429919));
#5551=CARTESIAN_POINT('Origin',(42.6027245487968,-5.,71.0343068467449));
#5552=CARTESIAN_POINT('',(41.753695017976,-7.15,70.9937007413629));
#5553=CARTESIAN_POINT('',(41.856404578648,-5.,68.8461554575222));
#5554=CARTESIAN_POINT('Origin',(41.753695017976,-5.,70.9937007413629));
#5555=CARTESIAN_POINT('',(42.7460402148508,-5.,68.0377320320834));
#5556=CARTESIAN_POINT('Origin',(42.7054341094688,-5.,68.8867615629042));
#5557=CARTESIAN_POINT('',(42.6027245487968,-8.,71.0343068467449));
#5558=CARTESIAN_POINT('Origin',(42.6027245487968,-5.,71.0343068467449));
#5559=CARTESIAN_POINT('Origin',(42.6027245487968,-7.15,71.0343068467449));
#5560=CARTESIAN_POINT('Origin',(42.7054341094688,0.,68.8867615629042));
#5561=CARTESIAN_POINT('',(41.856404578648,0.,68.8461554575222));
#5562=CARTESIAN_POINT('',(42.7460402148508,0.,68.0377320320834));
#5563=CARTESIAN_POINT('Origin',(41.753695017976,-5.,70.9937007413629));
#5564=CARTESIAN_POINT('',(41.753695017976,-8.,70.9937007413629));
#5565=CARTESIAN_POINT('',(41.89701068403,-5.,67.9971259267014));
#5566=CARTESIAN_POINT('Origin',(46.0418754498305,-7.15,15.135201613145));
#5567=CARTESIAN_POINT('',(46.6267233340162,-7.15,21.5069307315862));
#5568=CARTESIAN_POINT('',(45.7774624587389,-8.,21.4714911248837));
#5569=CARTESIAN_POINT('Origin',(45.7774624587389,-7.15,21.4714911248837));
#5570=CARTESIAN_POINT('',(46.0418754498305,-8.,15.135201613145));
#5571=CARTESIAN_POINT('',(46.8911363251078,-7.15,15.1706412198475));
#5572=CARTESIAN_POINT('Origin',(49.164514655433,-7.15,21.6128326151442));
#5573=CARTESIAN_POINT('',(46.6263427951606,-7.15,21.7091840952639));
#5574=CARTESIAN_POINT('',(45.7769545742033,-8.,21.7414277008157));
#5575=CARTESIAN_POINT('Origin',(45.7769545742033,-7.15,21.7414277008157));
#5576=CARTESIAN_POINT('Origin',(49.164514655433,-8.,21.6128326151442));
#5577=CARTESIAN_POINT('Origin',(49.164514655433,-7.15,21.6128326151442));
#5578=CARTESIAN_POINT('Origin',(51.0831327542763,-7.15,21.5400000002605));
#5579=CARTESIAN_POINT('',(51.0831327542763,-7.15,26.));
#5580=CARTESIAN_POINT('',(51.0831327542763,-8.,26.85));
#5581=CARTESIAN_POINT('Origin',(51.0831327542763,-7.15,26.85));
#5582=CARTESIAN_POINT('Origin',(51.0831327542763,-8.,21.5400000002605));
#5583=CARTESIAN_POINT('Origin',(51.0831327542763,-7.15,21.5400000002605));
#5584=CARTESIAN_POINT('Origin',(64.2175334895656,-7.15,26.85));
#5585=CARTESIAN_POINT('',(68.5956670679953,-7.15,26.));
#5586=CARTESIAN_POINT('',(64.2175334895656,-7.15,26.));
#5587=CARTESIAN_POINT('',(68.5956670679953,-8.,26.85));
#5588=CARTESIAN_POINT('Origin',(68.5956670679953,-7.15,26.85));
#5589=CARTESIAN_POINT('',(64.2175334895656,-8.,26.85));
#5590=CARTESIAN_POINT('Origin',(68.5956670679954,-7.15,33.));
#5591=CARTESIAN_POINT('',(75.4948041013059,-7.15,34.184022041857));
#5592=CARTESIAN_POINT('Origin',(68.5956670679954,-7.15,33.));
#5593=CARTESIAN_POINT('',(74.657051747261,-8.,34.0402479367744));
#5594=CARTESIAN_POINT('Origin',(74.657051747261,-7.15,34.0402479367744));
#5595=CARTESIAN_POINT('Origin',(68.5956670679954,-8.,33.));
#5596=CARTESIAN_POINT('Origin',(68.5050486610806,-7.15,69.8871416773162));
#5597=CARTESIAN_POINT('',(67.292133319732,-7.15,81.9798803625794));
#5598=CARTESIAN_POINT('',(69.3428010151254,-7.15,70.0309157823988));
#5599=CARTESIAN_POINT('',(66.4543809656871,-8.,81.8361062574967));
#5600=CARTESIAN_POINT('Origin',(66.4543809656871,-7.15,81.8361062574967));
#5601=CARTESIAN_POINT('',(68.5050486610806,-8.,69.8871416773162));
#5602=CARTESIAN_POINT('Origin',(60.3929962864215,-7.15,80.7958583207223));
#5603=CARTESIAN_POINT('',(58.6121803934437,-7.15,87.5655477342271));
#5604=CARTESIAN_POINT('Origin',(60.3929962864215,-7.15,80.7958583207223));
#5605=CARTESIAN_POINT('',(58.8284223233053,-8.,86.74351401973));
#5606=CARTESIAN_POINT('Origin',(58.8284223233053,-7.15,86.7435140197301));
#5607=CARTESIAN_POINT('Origin',(60.3929962864215,-8.,80.7958583207223));
#5608=CARTESIAN_POINT('Origin',(49.8661010911019,-7.15,84.385910426212));
#5609=CARTESIAN_POINT('',(46.6624187505059,-7.15,84.4220762762029));
#5610=CARTESIAN_POINT('',(49.6498591612404,-7.15,85.2079441407089));
#5611=CARTESIAN_POINT('',(46.8786606803675,-8.,83.6000425617059));
#5612=CARTESIAN_POINT('Origin',(46.8786606803675,-7.15,83.6000425617059));
#5613=CARTESIAN_POINT('',(49.8661010911019,-8.,84.385910426212));
#5614=CARTESIAN_POINT('Origin',(48.4432346434837,-7.15,77.6523868626982));
#5615=CARTESIAN_POINT('',(41.4512267426068,-7.15,77.3179836419063));
#5616=CARTESIAN_POINT('Origin',(48.4432346434837,-7.15,77.6523868626982));
#5617=CARTESIAN_POINT('',(42.3002562734276,-8.,77.3585897472882));
#5618=CARTESIAN_POINT('Origin',(42.3002562734276,-7.15,77.3585897472881));
#5619=CARTESIAN_POINT('Origin',(48.4432346434837,-8.,77.6523868626982));
#5620=CARTESIAN_POINT('Origin',(42.634594229495,-7.15,70.3679464608846));
#5621=CARTESIAN_POINT('',(41.7855646986742,-7.15,70.3273403555026));
#5622=CARTESIAN_POINT('',(42.634594229495,-8.,70.3679464608846));
#5623=CARTESIAN_POINT('Origin',(44.3164017025557,-5.,15.9500341568847));
#5624=CARTESIAN_POINT('',(44.3164017025557,-8.,15.9500341568847));
#5625=CARTESIAN_POINT('',(44.4414826673881,-5.,12.9526428323765));
#5626=CARTESIAN_POINT('Origin',(46.0418754498305,7.15,15.135201613145));
#5627=CARTESIAN_POINT('',(45.7774624587389,8.,21.4714911248837));
#5628=CARTESIAN_POINT('',(46.6267233340162,7.15,21.5069307315862));
#5629=CARTESIAN_POINT('Origin',(45.7774624587389,7.15,21.4714911248837));
#5630=CARTESIAN_POINT('',(46.8911363251078,7.15,15.1706412198475));
#5631=CARTESIAN_POINT('',(46.0418754498305,8.,15.135201613145));
#5632=CARTESIAN_POINT('Origin',(49.164514655433,7.15,21.6128326151442));
#5633=CARTESIAN_POINT('',(45.7769545742033,8.,21.7414277008157));
#5634=CARTESIAN_POINT('Origin',(49.164514655433,8.,21.6128326151442));
#5635=CARTESIAN_POINT('',(46.6263427951606,7.15,21.7091840952639));
#5636=CARTESIAN_POINT('Origin',(45.7769545742033,7.15,21.7414277008157));
#5637=CARTESIAN_POINT('Origin',(49.164514655433,7.15,21.6128326151442));
#5638=CARTESIAN_POINT('Origin',(51.0831327542763,7.15,21.5400000002605));
#5639=CARTESIAN_POINT('',(51.0831327542763,8.,26.85));
#5640=CARTESIAN_POINT('Origin',(51.0831327542763,8.,21.5400000002605));
#5641=CARTESIAN_POINT('',(51.0831327542763,7.15,26.));
#5642=CARTESIAN_POINT('Origin',(51.0831327542763,7.15,26.85));
#5643=CARTESIAN_POINT('Origin',(51.0831327542763,7.15,21.5400000002605));
#5644=CARTESIAN_POINT('Origin',(64.2175334895656,7.15,26.85));
#5645=CARTESIAN_POINT('',(68.5956670679953,8.,26.85));
#5646=CARTESIAN_POINT('',(68.5956670679953,7.15,26.));
#5647=CARTESIAN_POINT('Origin',(68.5956670679953,7.15,26.85));
#5648=CARTESIAN_POINT('',(64.2175334895656,7.15,26.));
#5649=CARTESIAN_POINT('',(64.2175334895656,8.,26.85));
#5650=CARTESIAN_POINT('Origin',(68.5956670679954,7.15,33.));
#5651=CARTESIAN_POINT('',(74.657051747261,8.,34.0402479367744));
#5652=CARTESIAN_POINT('',(75.4948041013059,7.15,34.184022041857));
#5653=CARTESIAN_POINT('Origin',(74.657051747261,7.15,34.0402479367744));
#5654=CARTESIAN_POINT('Origin',(68.5956670679954,7.15,33.));
#5655=CARTESIAN_POINT('Origin',(68.5956670679954,8.,33.));
#5656=CARTESIAN_POINT('Origin',(68.5050486610806,7.15,69.8871416773162));
#5657=CARTESIAN_POINT('',(66.4543809656871,8.,81.8361062574967));
#5658=CARTESIAN_POINT('',(67.292133319732,7.15,81.9798803625794));
#5659=CARTESIAN_POINT('Origin',(66.4543809656871,7.15,81.8361062574967));
#5660=CARTESIAN_POINT('',(69.3428010151254,7.15,70.0309157823988));
#5661=CARTESIAN_POINT('',(68.5050486610806,8.,69.8871416773162));
#5662=CARTESIAN_POINT('Origin',(60.3929962864215,7.15,80.7958583207223));
#5663=CARTESIAN_POINT('',(58.8284223233053,8.,86.74351401973));
#5664=CARTESIAN_POINT('',(58.6121803934437,7.15,87.5655477342271));
#5665=CARTESIAN_POINT('Origin',(58.8284223233053,7.15,86.7435140197301));
#5666=CARTESIAN_POINT('Origin',(60.3929962864215,7.15,80.7958583207223));
#5667=CARTESIAN_POINT('Origin',(60.3929962864215,8.,80.7958583207223));
#5668=CARTESIAN_POINT('Origin',(49.8661010911019,7.15,84.385910426212));
#5669=CARTESIAN_POINT('',(46.8786606803675,8.,83.6000425617059));
#5670=CARTESIAN_POINT('',(46.6624187505059,7.15,84.4220762762029));
#5671=CARTESIAN_POINT('Origin',(46.8786606803675,7.15,83.6000425617059));
#5672=CARTESIAN_POINT('',(49.6498591612404,7.15,85.2079441407089));
#5673=CARTESIAN_POINT('',(49.8661010911019,8.,84.385910426212));
#5674=CARTESIAN_POINT('Origin',(48.4432346434837,7.15,77.6523868626982));
#5675=CARTESIAN_POINT('',(42.3002562734276,8.,77.3585897472882));
#5676=CARTESIAN_POINT('',(41.4512267426068,7.15,77.3179836419063));
#5677=CARTESIAN_POINT('Origin',(42.3002562734276,7.15,77.3585897472882));
#5678=CARTESIAN_POINT('Origin',(48.4432346434837,7.15,77.6523868626982));
#5679=CARTESIAN_POINT('Origin',(48.4432346434837,8.,77.6523868626982));
#5680=CARTESIAN_POINT('Origin',(42.634594229495,7.15,70.3679464608846));
#5681=CARTESIAN_POINT('',(42.634594229495,8.,70.3679464608846));
#5682=CARTESIAN_POINT('',(41.7855646986742,7.15,70.3273403555026));
#5683=CARTESIAN_POINT('Origin',(41.753695017976,5.,70.9937007413629));
#5684=CARTESIAN_POINT('',(41.89701068403,5.,67.9971259267014));
#5685=CARTESIAN_POINT('',(41.753695017976,8.,70.9937007413629));
#5686=CARTESIAN_POINT('Origin',(43.4736351776002,7.15,70.4080748473797));
#5687=CARTESIAN_POINT('',(43.1392972215328,8.,77.3987181337833));
#5688=CARTESIAN_POINT('',(43.9883267523536,7.15,77.4393242391653));
#5689=CARTESIAN_POINT('Origin',(43.1392972215328,7.15,77.3987181337833));
#5690=CARTESIAN_POINT('',(44.3226647084209,7.15,70.4486809527617));
#5691=CARTESIAN_POINT('',(43.4736351776002,8.,70.4080748473797));
#5692=CARTESIAN_POINT('Origin',(48.4432346434837,7.15,77.6523868626982));
#5693=CARTESIAN_POINT('',(47.0923585875248,8.,82.7876798320854));
#5694=CARTESIAN_POINT('Origin',(48.4432346434837,8.,77.6523868626982));
#5695=CARTESIAN_POINT('',(47.3086005173864,7.15,81.9656461175884));
#5696=CARTESIAN_POINT('Origin',(47.0923585875248,7.15,82.7876798320854));
#5697=CARTESIAN_POINT('Origin',(48.4432346434837,7.15,77.6523868626982));
#5698=CARTESIAN_POINT('Origin',(50.0797989982593,7.15,83.5735476965914));
#5699=CARTESIAN_POINT('',(59.0421202304626,8.,85.9311512901095));
#5700=CARTESIAN_POINT('',(50.0797989982593,8.,83.5735476965914));
#5701=CARTESIAN_POINT('',(59.2583621603242,7.15,85.1091175756125));
#5702=CARTESIAN_POINT('Origin',(59.0421202304626,7.15,85.9311512901095));
#5703=CARTESIAN_POINT('',(50.2960409281209,7.15,82.7515139820944));
#5704=CARTESIAN_POINT('Origin',(60.3929962864215,7.15,80.7958583207223));
#5705=CARTESIAN_POINT('',(65.6264845216899,8.,81.6940236124739));
#5706=CARTESIAN_POINT('Origin',(60.3929962864215,8.,80.7958583207223));
#5707=CARTESIAN_POINT('',(64.788732167645,7.15,81.5502495073913));
#5708=CARTESIAN_POINT('Origin',(65.6264845216899,7.15,81.6940236124739));
#5709=CARTESIAN_POINT('Origin',(60.3929962864215,7.15,80.7958583207223));
#5710=CARTESIAN_POINT('Origin',(67.6771522170833,7.15,69.7450590322933));
#5711=CARTESIAN_POINT('',(73.8291553032637,8.,33.8981652917515));
#5712=CARTESIAN_POINT('',(67.6771522170833,8.,69.7450590322933));
#5713=CARTESIAN_POINT('',(72.9914029492189,7.15,33.7543911866689));
#5714=CARTESIAN_POINT('Origin',(73.8291553032637,7.15,33.8981652917515));
#5715=CARTESIAN_POINT('',(66.8393998630385,7.15,69.6012849272107));
#5716=CARTESIAN_POINT('Origin',(68.5956670679954,7.15,33.));
#5717=CARTESIAN_POINT('',(68.5956670679954,8.,27.69));
#5718=CARTESIAN_POINT('Origin',(68.5956670679954,8.,33.));
#5719=CARTESIAN_POINT('',(68.5956670679953,7.15,28.54));
#5720=CARTESIAN_POINT('Origin',(68.5956670679954,7.15,27.69));
#5721=CARTESIAN_POINT('Origin',(68.5956670679954,7.15,33.));
#5722=CARTESIAN_POINT('Origin',(64.2175334895656,7.15,27.69));
#5723=CARTESIAN_POINT('',(51.0831327542763,8.,27.69));
#5724=CARTESIAN_POINT('',(64.2175334895656,8.,27.69));
#5725=CARTESIAN_POINT('',(51.0831327542763,7.15,28.54));
#5726=CARTESIAN_POINT('Origin',(51.0831327542763,7.15,27.69));
#5727=CARTESIAN_POINT('',(64.2175334895656,7.15,28.54));
#5728=CARTESIAN_POINT('Origin',(51.0831327542763,7.15,21.5400000002605));
#5729=CARTESIAN_POINT('',(44.9375591558455,8.,21.7732919698317));
#5730=CARTESIAN_POINT('',(44.0881709348882,7.15,21.8055355753835));
#5731=CARTESIAN_POINT('Origin',(44.9375591558455,7.15,21.7732919698317));
#5732=CARTESIAN_POINT('Origin',(51.0831327542763,7.15,21.5400000002605));
#5733=CARTESIAN_POINT('Origin',(51.0831327542763,8.,21.5400000002605));
#5734=CARTESIAN_POINT('Origin',(49.164514655433,7.15,21.6128326151442));
#5735=CARTESIAN_POINT('',(44.9381928878766,8.,21.4364684547306));
#5736=CARTESIAN_POINT('',(44.0889320125993,7.15,21.4010288480281));
#5737=CARTESIAN_POINT('Origin',(44.9381928878766,7.15,21.4364684547306));
#5738=CARTESIAN_POINT('Origin',(49.164514655433,7.15,21.6128326151442));
#5739=CARTESIAN_POINT('Origin',(49.164514655433,8.,21.6128326151442));
#5740=CARTESIAN_POINT('Origin',(45.2026058789682,7.15,15.1001789429919));
#5741=CARTESIAN_POINT('',(45.2026058789682,8.,15.1001789429919));
#5742=CARTESIAN_POINT('',(44.3533450036909,7.15,15.0647393362894));
#5743=CARTESIAN_POINT('Origin',(44.3164017025557,5.,15.9500341568847));
#5744=CARTESIAN_POINT('',(44.4414826673881,5.,12.9526428323765));
#5745=CARTESIAN_POINT('',(44.3164017025557,8.,15.9500341568847));
#5746=CARTESIAN_POINT('Origin',(44.4414826673881,8.13367551996445E-16,12.9526428323765));
#5747=CARTESIAN_POINT('',(44.0889320125993,8.56542555088885E-16,21.4010288480281));
#5748=CARTESIAN_POINT('Origin',(49.164514655433,2.3496295135346E-16,21.6128326151442));
#5749=CARTESIAN_POINT('',(46.6263427951606,5.4579935579031E-16,21.7091840952639));
#5750=CARTESIAN_POINT('',(46.6267233340162,5.45752753221173E-16,21.5069307315862));
#5751=CARTESIAN_POINT('Origin',(51.0831327542763,0.,21.5400000002605));
#5752=CARTESIAN_POINT('',(51.0831327542763,0.,26.));
#5753=CARTESIAN_POINT('Origin',(68.5956670679954,0.,26.));
#5754=CARTESIAN_POINT('',(68.5956670679953,0.,26.));
#5755=CARTESIAN_POINT('Origin',(68.5956670679954,0.,33.));
#5756=CARTESIAN_POINT('',(75.4948041013059,0.,34.184022041857));
#5757=CARTESIAN_POINT('Origin',(67.292133319732,0.,81.9798803625794));
#5758=CARTESIAN_POINT('',(67.292133319732,0.,81.9798803625794));
#5759=CARTESIAN_POINT('Origin',(60.3929962864215,0.,80.7958583207223));
#5760=CARTESIAN_POINT('',(58.6121803934437,0.,87.5655477342271));
#5761=CARTESIAN_POINT('Origin',(41.89701068403,0.,67.9971259267014));
#5762=CARTESIAN_POINT('',(41.4512267426068,0.,77.3179836419063));
#5763=CARTESIAN_POINT('Origin',(46.6624187505059,0.,84.4220762762029));
#5764=CARTESIAN_POINT('',(46.6624187505059,0.,84.4220762762029));
#5765=CARTESIAN_POINT('Origin',(48.4432346434837,0.,77.6523868626982));
#5766=CARTESIAN_POINT('Origin',(42.7989771751649,-8.,81.7927198965649));
#5767=CARTESIAN_POINT('',(46.6624187505059,-8.,84.4220762762029));
#5768=CARTESIAN_POINT('',(41.4512267426068,-8.,77.3179836419063));
#5769=CARTESIAN_POINT('Origin',(52.6372995719748,-8.,85.993812005215));
#5770=CARTESIAN_POINT('',(58.6121803934437,-8.,87.5655477342271));
#5771=CARTESIAN_POINT('Origin',(64.1810330893798,-8.,86.6823493960093));
#5772=CARTESIAN_POINT('',(67.292133319732,-8.,81.9798803625794));
#5773=CARTESIAN_POINT('Origin',(71.3934687105189,-8.,58.0819512022182));
#5774=CARTESIAN_POINT('',(75.4948041013059,-8.,34.184022041857));
#5775=CARTESIAN_POINT('Origin',(73.9476832438397,-8.,28.4882461444023));
#5776=CARTESIAN_POINT('',(68.5956670679953,-8.,26.));
#5777=CARTESIAN_POINT('Origin',(59.8393999111358,-8.,26.));
#5778=CARTESIAN_POINT('',(51.0831327542763,-8.,26.));
#5779=CARTESIAN_POINT('Origin',(44.2652073399937,-8.,17.1768358402023));
#5780=CARTESIAN_POINT('',(44.0889320125993,-8.,21.4010288480281));
#5781=CARTESIAN_POINT('Origin',(46.228173899118,-8.,26.5827546553149));
#5782=CARTESIAN_POINT('',(44.0881709348882,-8.,21.8055355753835));
#5783=CARTESIAN_POINT('Origin',(44.0845236470764,-8.,21.6032746333668));
#5784=CARTESIAN_POINT('Origin',(41.6741187133184,8.,72.6575547843038));
#5785=CARTESIAN_POINT('',(41.4512267426068,8.,77.3179836419063));
#5786=CARTESIAN_POINT('Origin',(44.4414826673881,8.13367551996445E-16,12.9526428323765));
#5787=CARTESIAN_POINT('Origin',(41.89701068403,0.,67.9971259267014));
#5788=CARTESIAN_POINT('Origin',(46.8012770120342,9.29834738871312E-16,17.3239946561113));
#5789=CARTESIAN_POINT('',(46.697042874674,9.17069738603301E-16,19.8218207598681));
#5790=CARTESIAN_POINT('Origin',(46.8012770120342,9.29834738871309E-16,17.3239946561113));
#5791=CARTESIAN_POINT('',(46.8012770120342,9.29834738871312E-16,19.8239946561113));
#5792=CARTESIAN_POINT('Origin',(46.8012770120342,9.29834738871312E-16,17.3239946561113));
#5793=CARTESIAN_POINT('Origin',(44.2178224799306,0.,72.6408180027942));
#5794=CARTESIAN_POINT('',(44.0983927582189,-1.46259226417254E-17,75.1379636816788));
#5795=CARTESIAN_POINT('Origin',(44.2178224799306,0.,72.6408180027942));
#5796=CARTESIAN_POINT('',(44.2178224799306,-1.87469972832732E-32,75.1408180027942));
#5797=CARTESIAN_POINT('Origin',(44.2178224799306,0.,72.6408180027942));
#5798=CARTESIAN_POINT('Origin',(46.979273988805,5.02577750128733E-16,13.0585447159346));
#5799=CARTESIAN_POINT('Origin',(49.164514655433,2.3496295135346E-16,21.6128326151442));
#5800=CARTESIAN_POINT('',(44.0881709348882,8.56635760227161E-16,21.8055355753835));
#5801=CARTESIAN_POINT('Origin',(51.0831327542763,0.,21.5400000002605));
#5802=CARTESIAN_POINT('',(51.0831327542763,0.,28.54));
#5803=CARTESIAN_POINT('Origin',(44.0845236470764,8.,21.6032746333668));
#5804=CARTESIAN_POINT('',(44.0881709348882,8.,21.8055355753835));
#5805=CARTESIAN_POINT('',(44.0889320125993,8.,21.4010288480281));
#5806=CARTESIAN_POINT('Origin',(44.2652073399937,8.,17.1768358402023));
#5807=CARTESIAN_POINT('Origin',(46.228173899118,8.,26.5827546553149));
#5808=CARTESIAN_POINT('',(51.0831327542763,8.,26.));
#5809=CARTESIAN_POINT('Origin',(68.5956670679954,0.,28.54));
#5810=CARTESIAN_POINT('',(68.5956670679953,0.,28.54));
#5811=CARTESIAN_POINT('Origin',(68.5956670679954,0.,33.));
#5812=CARTESIAN_POINT('',(72.9914029492189,0.,33.7543911866689));
#5813=CARTESIAN_POINT('Origin',(64.788732167645,0.,81.5502495073913));
#5814=CARTESIAN_POINT('',(64.788732167645,0.,81.5502495073913));
#5815=CARTESIAN_POINT('Origin',(60.3929962864215,0.,80.7958583207223));
#5816=CARTESIAN_POINT('',(59.2583621603242,0.,85.1091175756125));
#5817=CARTESIAN_POINT('Origin',(47.3086005173864,0.,81.9656461175884));
#5818=CARTESIAN_POINT('',(47.3086005173864,0.,81.9656461175884));
#5819=CARTESIAN_POINT('Origin',(48.4432346434837,0.,77.6523868626982));
#5820=CARTESIAN_POINT('',(43.9883267523536,0.,77.4393242391653));
#5821=CARTESIAN_POINT('Origin',(44.4341106937767,0.,68.1184665239605));
#5822=CARTESIAN_POINT('Origin',(59.8393999111358,8.,26.));
#5823=CARTESIAN_POINT('',(68.5956670679953,8.,26.));
#5824=CARTESIAN_POINT('Origin',(73.9476832438397,8.,28.4882461444023));
#5825=CARTESIAN_POINT('',(75.4948041013059,8.,34.184022041857));
#5826=CARTESIAN_POINT('Origin',(71.3934687105189,8.,58.0819512022182));
#5827=CARTESIAN_POINT('',(67.292133319732,8.,81.9798803625794));
#5828=CARTESIAN_POINT('Origin',(64.1810330893798,8.,86.6823493960093));
#5829=CARTESIAN_POINT('',(58.6121803934437,8.,87.5655477342271));
#5830=CARTESIAN_POINT('Origin',(52.6372995719748,8.,85.993812005215));
#5831=CARTESIAN_POINT('',(46.6624187505059,8.,84.4220762762029));
#5832=CARTESIAN_POINT('Origin',(42.7989771751649,8.,81.7927198965649));
#5833=CARTESIAN_POINT('Origin',(41.6741187133184,-8.,72.6575547843038));
#5834=UNCERTAINTY_MEASURE_WITH_UNIT(LENGTH_MEASURE(0.01),#5838,
'DISTANCE_ACCURACY_VALUE',
'Maximum model space distance between geometric entities at asserted c
onnectivities');
#5835=UNCERTAINTY_MEASURE_WITH_UNIT(LENGTH_MEASURE(0.01),#5838,
'DISTANCE_ACCURACY_VALUE',
'Maximum model space distance between geometric entities at asserted c
onnectivities');
#5836=(
GEOMETRIC_REPRESENTATION_CONTEXT(3)
GLOBAL_UNCERTAINTY_ASSIGNED_CONTEXT((#5834))
GLOBAL_UNIT_ASSIGNED_CONTEXT((#5838,#5840,#5841))
REPRESENTATION_CONTEXT('','3D')
);
#5837=(
GEOMETRIC_REPRESENTATION_CONTEXT(3)
GLOBAL_UNCERTAINTY_ASSIGNED_CONTEXT((#5835))
GLOBAL_UNIT_ASSIGNED_CONTEXT((#5838,#5840,#5841))
REPRESENTATION_CONTEXT('','3D')
);
#5838=(
LENGTH_UNIT()
NAMED_UNIT(*)
SI_UNIT(.MILLI.,.METRE.)
);
#5839=(
LENGTH_UNIT()
NAMED_UNIT(*)
SI_UNIT($,.METRE.)
);
#5840=(
NAMED_UNIT(*)
PLANE_ANGLE_UNIT()
SI_UNIT($,.RADIAN.)
);
#5841=(
NAMED_UNIT(*)
SI_UNIT($,.STERADIAN.)
SOLID_ANGLE_UNIT()
);
#5842=SHAPE_DEFINITION_REPRESENTATION(#5843,#5844);
#5843=PRODUCT_DEFINITION_SHAPE('',$,#5846);
#5844=SHAPE_REPRESENTATION('',(#1741),#5836);
#5845=PRODUCT_DEFINITION_CONTEXT('part definition',#5850,'design');
#5846=PRODUCT_DEFINITION('Taza arte latte','Taza arte latte v5',#5847,#5845);
#5847=PRODUCT_DEFINITION_FORMATION('',$,#5852);
#5848=PRODUCT_RELATED_PRODUCT_CATEGORY('Taza arte latte v5',
'Taza arte latte v5',(#5852));
#5849=APPLICATION_PROTOCOL_DEFINITION('international standard',
'automotive_design',2009,#5850);
#5850=APPLICATION_CONTEXT(
'Core Data for Automotive Mechanical Design Process');
#5851=PRODUCT_CONTEXT('part definition',#5850,'mechanical');
#5852=PRODUCT('Taza arte latte','Taza arte latte v5',$,(#5851));
#5853=PRESENTATION_STYLE_ASSIGNMENT((#5855));
#5854=PRESENTATION_STYLE_ASSIGNMENT((#5856));
#5855=SURFACE_STYLE_USAGE(.BOTH.,#5857);
#5856=SURFACE_STYLE_USAGE(.BOTH.,#5858);
#5857=SURFACE_SIDE_STYLE('',(#5859));
#5858=SURFACE_SIDE_STYLE('',(#5860));
#5859=SURFACE_STYLE_FILL_AREA(#5861);
#5860=SURFACE_STYLE_FILL_AREA(#5862);
#5861=FILL_AREA_STYLE('Steel - Satin',(#5863));
#5862=FILL_AREA_STYLE('Stainless Steel - Satin',(#5864));
#5863=FILL_AREA_STYLE_COLOUR('Steel - Satin',#5865);
#5864=FILL_AREA_STYLE_COLOUR('Stainless Steel - Satin',#5866);
#5865=COLOUR_RGB('Steel - Satin',0.627450980392157,0.627450980392157,0.627450980392157);
#5866=COLOUR_RGB('Stainless Steel - Satin',0.796078431372549,0.796078431372549,
0.796078431372549);
ENDSEC;
END-ISO-10303-21;
